-- MySQL dump 10.13  Distrib 5.6.31, for debian-linux-gnu (x86_64)
--
-- Host: 10.150.250.73    Database: qsystem
-- ------------------------------------------------------
-- Server version	5.5.49-0+deb8u1

/*!40101 SET @OLD_CHARACTER_SET_CLIENT=@@CHARACTER_SET_CLIENT */;
/*!40101 SET @OLD_CHARACTER_SET_RESULTS=@@CHARACTER_SET_RESULTS */;
/*!40101 SET @OLD_COLLATION_CONNECTION=@@COLLATION_CONNECTION */;
/*!40101 SET NAMES utf8 */;
/*!40103 SET @OLD_TIME_ZONE=@@TIME_ZONE */;
/*!40103 SET TIME_ZONE='+00:00' */;
/*!40014 SET @OLD_UNIQUE_CHECKS=@@UNIQUE_CHECKS, UNIQUE_CHECKS=0 */;
/*!40014 SET @OLD_FOREIGN_KEY_CHECKS=@@FOREIGN_KEY_CHECKS, FOREIGN_KEY_CHECKS=0 */;
/*!40101 SET @OLD_SQL_MODE=@@SQL_MODE, SQL_MODE='NO_AUTO_VALUE_ON_ZERO' */;
/*!40111 SET @OLD_SQL_NOTES=@@SQL_NOTES, SQL_NOTES=0 */;

--
-- Table structure for table `acl_group_roles`
--

DROP TABLE IF EXISTS `acl_group_roles`;
/*!40101 SET @saved_cs_client     = @@character_set_client */;
/*!40101 SET character_set_client = utf8 */;
CREATE TABLE `acl_group_roles` (
  `id` int(11) NOT NULL AUTO_INCREMENT,
  `group_id` int(11) NOT NULL,
  `role_id` int(11) NOT NULL,
  PRIMARY KEY (`id`),
  KEY `fk_acl_group_roles_groups` (`group_id`),
  KEY `fk_acl_group_roles_roles` (`role_id`),
  CONSTRAINT `fk_acl_group_roles_groups` FOREIGN KEY (`group_id`) REFERENCES `acl_groups` (`id`) ON DELETE CASCADE ON UPDATE CASCADE,
  CONSTRAINT `fk_acl_group_roles_roles` FOREIGN KEY (`role_id`) REFERENCES `acl_roles` (`id`) ON DELETE CASCADE ON UPDATE CASCADE
) ENGINE=InnoDB AUTO_INCREMENT=29 DEFAULT CHARSET=utf8;
/*!40101 SET character_set_client = @saved_cs_client */;

--
-- Dumping data for table `acl_group_roles`
--

LOCK TABLES `acl_group_roles` WRITE;
/*!40000 ALTER TABLE `acl_group_roles` DISABLE KEYS */;
INSERT INTO `acl_group_roles` VALUES (1,3,11),(2,3,12),(3,3,13),(4,3,14),(5,3,15),(6,3,16),(7,3,17),(8,3,18),(9,3,19),(10,3,20),(11,3,21),(12,3,22),(13,3,23),(14,3,24),(15,3,10),(16,3,4),(17,3,1),(18,4,11),(19,4,14),(20,4,15),(21,4,16),(22,4,17),(23,4,25),(24,4,1),(25,4,4),(26,4,10),(27,3,26),(28,3,27);
/*!40000 ALTER TABLE `acl_group_roles` ENABLE KEYS */;
UNLOCK TABLES;

--
-- Table structure for table `acl_group_users`
--

DROP TABLE IF EXISTS `acl_group_users`;
/*!40101 SET @saved_cs_client     = @@character_set_client */;
/*!40101 SET character_set_client = utf8 */;
CREATE TABLE `acl_group_users` (
  `id` int(11) NOT NULL AUTO_INCREMENT,
  `user_id` int(11) NOT NULL,
  `group_id` int(11) NOT NULL,
  PRIMARY KEY (`id`),
  KEY `fk_acl_group_users_users` (`user_id`),
  KEY `fk_acl_group_users_groups` (`group_id`),
  CONSTRAINT `fk_acl_group_users_groups` FOREIGN KEY (`group_id`) REFERENCES `acl_groups` (`id`) ON DELETE CASCADE ON UPDATE CASCADE,
  CONSTRAINT `fk_acl_group_users_users` FOREIGN KEY (`user_id`) REFERENCES `acl_users` (`id`) ON DELETE CASCADE ON UPDATE CASCADE
) ENGINE=InnoDB AUTO_INCREMENT=32 DEFAULT CHARSET=utf8;
/*!40101 SET character_set_client = @saved_cs_client */;

--
-- Dumping data for table `acl_group_users`
--

LOCK TABLES `acl_group_users` WRITE;
/*!40000 ALTER TABLE `acl_group_users` DISABLE KEYS */;
INSERT INTO `acl_group_users` VALUES (31,93766,3);
/*!40000 ALTER TABLE `acl_group_users` ENABLE KEYS */;
UNLOCK TABLES;

--
-- Table structure for table `acl_groups`
--

DROP TABLE IF EXISTS `acl_groups`;
/*!40101 SET @saved_cs_client     = @@character_set_client */;
/*!40101 SET character_set_client = utf8 */;
CREATE TABLE `acl_groups` (
  `id` int(11) NOT NULL AUTO_INCREMENT,
  `name` varchar(30) NOT NULL,
  PRIMARY KEY (`id`)
) ENGINE=InnoDB AUTO_INCREMENT=5 DEFAULT CHARSET=utf8;
/*!40101 SET character_set_client = @saved_cs_client */;

--
-- Dumping data for table `acl_groups`
--

LOCK TABLES `acl_groups` WRITE;
/*!40000 ALTER TABLE `acl_groups` DISABLE KEYS */;
INSERT INTO `acl_groups` VALUES (1,'CUSTOMERS'),(2,'REGISTRATORS'),(3,'ADMINISTRTORS'),(4,'SUPPORT');
/*!40000 ALTER TABLE `acl_groups` ENABLE KEYS */;
UNLOCK TABLES;

--
-- Table structure for table `acl_roles`
--

DROP TABLE IF EXISTS `acl_roles`;
/*!40101 SET @saved_cs_client     = @@character_set_client */;
/*!40101 SET character_set_client = utf8 */;
CREATE TABLE `acl_roles` (
  `id` int(11) NOT NULL AUTO_INCREMENT,
  `name` varchar(30) NOT NULL,
  PRIMARY KEY (`id`)
) ENGINE=InnoDB AUTO_INCREMENT=28 DEFAULT CHARSET=utf8;
/*!40101 SET character_set_client = @saved_cs_client */;

--
-- Dumping data for table `acl_roles`
--

LOCK TABLES `acl_roles` WRITE;
/*!40000 ALTER TABLE `acl_roles` DISABLE KEYS */;
INSERT INTO `acl_roles` VALUES (1,'ROLE_CUSTOMER'),(4,'ROLE_REGISTRATOR'),(10,'ROLE_ADMINISTRATOR'),(11,'ROLE_STATISTIC_ADMIN'),(12,'ROLE_STATIC_ADMIN'),(13,'ROLE_NEWS_ADMIN'),(14,'ROLE_REMAIL_ADMIN'),(15,'ROLE_CUSTOMERS_ADMIN'),(16,'ROLE_TCUSTOMERS_ADMIN'),(17,'ROLE_BLOCK_CUST_ADMIN'),(18,'ROLE_ADVANCE_ADMIN'),(19,'ROLE_SERVICE_ADMIN'),(20,'ROLE_USERS_ADMIN'),(21,'ROLE_CALENDARS_ADMIN'),(22,'ROLE_STANDARDS_ADMIN'),(23,'ROLE_DEPARTMENTS_ADMIN'),(24,'ROLE_REFRESH_QUEUE_ADMIN'),(25,'ROLE_ADVANCE_READONLY'),(26,'ROLE_GROUP_EDIT_ADMIN'),(27,'ROLE_LOGS_ADMIN');
/*!40000 ALTER TABLE `acl_roles` ENABLE KEYS */;
UNLOCK TABLES;

--
-- Table structure for table `acl_user_roles`
--

DROP TABLE IF EXISTS `acl_user_roles`;
/*!40101 SET @saved_cs_client     = @@character_set_client */;
/*!40101 SET character_set_client = utf8 */;
CREATE TABLE `acl_user_roles` (
  `id` int(11) NOT NULL AUTO_INCREMENT,
  `user_id` int(11) NOT NULL,
  `role_id` int(11) NOT NULL,
  PRIMARY KEY (`id`),
  KEY `fk_acl_user_roles_users` (`user_id`),
  KEY `fk_acl_user_roles_roles` (`role_id`),
  CONSTRAINT `fk_acl_user_roles_roles` FOREIGN KEY (`role_id`) REFERENCES `acl_roles` (`id`) ON DELETE CASCADE ON UPDATE CASCADE,
  CONSTRAINT `fk_acl_user_roles_users` FOREIGN KEY (`user_id`) REFERENCES `acl_users` (`id`) ON DELETE CASCADE ON UPDATE CASCADE
) ENGINE=InnoDB AUTO_INCREMENT=92717 DEFAULT CHARSET=utf8;
/*!40101 SET character_set_client = @saved_cs_client */;

--
-- Dumping data for table `acl_user_roles`
--

LOCK TABLES `acl_user_roles` WRITE;
/*!40000 ALTER TABLE `acl_user_roles` DISABLE KEYS */;
INSERT INTO `acl_user_roles` VALUES (92707,93763,1),(92708,93764,4),(92709,93765,1),(92710,93766,10);
/*!40000 ALTER TABLE `acl_user_roles` ENABLE KEYS */;
UNLOCK TABLES;

--
-- Table structure for table `acl_users`
--

DROP TABLE IF EXISTS `acl_users`;
/*!40101 SET @saved_cs_client     = @@character_set_client */;
/*!40101 SET character_set_client = utf8 */;
CREATE TABLE `acl_users` (
  `id` int(11) NOT NULL AUTO_INCREMENT,
  `name` varchar(50) NOT NULL,
  `pwd` varchar(30) NOT NULL,
  `enabled` tinyint(1) NOT NULL DEFAULT '1',
  PRIMARY KEY (`id`),
  UNIQUE KEY `name` (`name`)
) ENGINE=InnoDB AUTO_INCREMENT=93773 DEFAULT CHARSET=utf8;
/*!40101 SET character_set_client = @saved_cs_client */;

--
-- Dumping data for table `acl_users`
--

LOCK TABLES `acl_users` WRITE;
/*!40000 ALTER TABLE `acl_users` DISABLE KEYS */;
INSERT INTO `acl_users` VALUES (93763,'79902222222','12345678',1),(93764,'79907777777','12345678',1),(93765,'79903333333','12345678',1),(93766,'79908888888','12345678',1);
/*!40000 ALTER TABLE `acl_users` ENABLE KEYS */;
UNLOCK TABLES;

--
-- Table structure for table `advance`
--

DROP TABLE IF EXISTS `advance`;
/*!40101 SET @saved_cs_client     = @@character_set_client */;
/*!40101 SET character_set_client = utf8 */;
CREATE TABLE `advance` (
  `id` bigint(20) NOT NULL AUTO_INCREMENT,
  `service_id` bigint(20) NOT NULL COMMENT 'Услуга предварительной записи',
  `department_id` bigint(20) DEFAULT NULL COMMENT 'Отделение',
  `customer_id` int(11) DEFAULT NULL,
  `advance_time` datetime NOT NULL COMMENT 'Время предварительной записи',
  `priority` int(11) NOT NULL DEFAULT '2' COMMENT 'Приоритет заранее записавшегося клиента.',
  `clients_authorization_id` bigint(20) DEFAULT NULL COMMENT 'Определено если клиент авторизовался',
  `input_data` varchar(500) DEFAULT NULL COMMENT 'Введеные при предвариловке данные клиента если услуга этого требует',
  `comments` varchar(345) DEFAULT '' COMMENT 'Коментарии при записи предварительно оператором удаленно',
  `update_time` datetime NOT NULL COMMENT 'время обновления записи, устанавливается когда запись создается или синхронизируется с локальной базой',
  `history_id` bigint(20) NOT NULL,
  `code` int(11) DEFAULT NULL,
  `objects_count` int(11) DEFAULT NULL,
  `deleted` datetime DEFAULT NULL,
  PRIMARY KEY (`id`),
  KEY `fk_advance_department_id` (`department_id`),
  KEY `idx_scenario_services` (`service_id`),
  KEY `idx_advance_clients_authorization` (`clients_authorization_id`),
  KEY `fk_advance_customer` (`customer_id`),
  KEY `index6` (`advance_time`),
  CONSTRAINT `fk_advance_clients_authorization` FOREIGN KEY (`clients_authorization_id`) REFERENCES `clients_authorization` (`id`) ON DELETE SET NULL ON UPDATE CASCADE,
  CONSTRAINT `fk_advance_customer` FOREIGN KEY (`customer_id`) REFERENCES `customers` (`id`) ON DELETE SET NULL ON UPDATE CASCADE,
  CONSTRAINT `fk_advance_department_id` FOREIGN KEY (`department_id`) REFERENCES `department` (`id`) ON DELETE SET NULL ON UPDATE CASCADE,
  CONSTRAINT `fk_scenario_services` FOREIGN KEY (`service_id`) REFERENCES `services` (`id`) ON DELETE NO ACTION ON UPDATE CASCADE
) ENGINE=InnoDB AUTO_INCREMENT=307544 DEFAULT CHARSET=utf8 COMMENT='Таблица предварительной записи';
/*!40101 SET character_set_client = @saved_cs_client */;

--
-- Dumping data for table `advance`
--

LOCK TABLES `advance` WRITE;
/*!40000 ALTER TABLE `advance` DISABLE KEYS */;
/*!40000 ALTER TABLE `advance` ENABLE KEYS */;
UNLOCK TABLES;

--
-- Table structure for table `auto_opening_conf`
--

DROP TABLE IF EXISTS `auto_opening_conf`;
/*!40101 SET @saved_cs_client     = @@character_set_client */;
/*!40101 SET character_set_client = utf8 */;
CREATE TABLE `auto_opening_conf` (
  `id` int(11) NOT NULL,
  `opened_to` datetime DEFAULT NULL,
  `next_opening_date` datetime DEFAULT NULL,
  `registrators_start_date` datetime DEFAULT NULL,
  `physics_percent_morning` float DEFAULT NULL,
  `jur_percent_morning` float DEFAULT NULL,
  `customers_start_date` datetime DEFAULT NULL,
  `physics_percent_evening` float DEFAULT NULL,
  `jur_percent_evening` float DEFAULT NULL,
  `is_auto_open` int(11) DEFAULT '0',
  PRIMARY KEY (`id`)
) ENGINE=InnoDB DEFAULT CHARSET=latin1;
/*!40101 SET character_set_client = @saved_cs_client */;

--
-- Dumping data for table `auto_opening_conf`
--

LOCK TABLES `auto_opening_conf` WRITE;
/*!40000 ALTER TABLE `auto_opening_conf` DISABLE KEYS */;
INSERT INTO `auto_opening_conf` VALUES (1,'2016-12-17 00:00:00','2016-06-24 00:00:00','2016-10-14 09:00:00',0.65,0.05,'2016-10-14 18:00:00',0.95,0.05,0);
/*!40000 ALTER TABLE `auto_opening_conf` ENABLE KEYS */;
UNLOCK TABLES;

--
-- Table structure for table `break`
--

DROP TABLE IF EXISTS `break`;
/*!40101 SET @saved_cs_client     = @@character_set_client */;
/*!40101 SET character_set_client = utf8 */;
CREATE TABLE `break` (
  `id` bigint(20) NOT NULL AUTO_INCREMENT,
  `breaks_id` bigint(20) DEFAULT NULL,
  `from_time` time NOT NULL,
  `to_time` time NOT NULL,
  `duration` bigint(20) DEFAULT NULL,
  PRIMARY KEY (`id`),
  KEY `idx_break_breaks1` (`breaks_id`),
  CONSTRAINT `fk_break_breaks1` FOREIGN KEY (`breaks_id`) REFERENCES `breaks` (`id`) ON DELETE CASCADE ON UPDATE CASCADE
) ENGINE=InnoDB AUTO_INCREMENT=125 DEFAULT CHARSET=utf8 COMMENT='Перерывы в работе для предвариловки';
/*!40101 SET character_set_client = @saved_cs_client */;

--
-- Dumping data for table `break`
--

LOCK TABLES `break` WRITE;
/*!40000 ALTER TABLE `break` DISABLE KEYS */;
INSERT INTO `break` VALUES (1,NULL,'12:00:00','14:00:00',60),(2,NULL,'13:00:00','14:00:00',60),(3,NULL,'15:00:00','16:00:00',60),(4,NULL,'13:00:00','15:00:00',60),(5,NULL,'13:30:00','14:15:00',45),(6,NULL,'12:00:00','14:00:00',120),(7,NULL,'12:00:00','14:00:00',60),(8,NULL,'12:00:00','14:00:00',60),(9,NULL,'12:00:00','14:00:00',60),(10,NULL,'12:00:00','14:00:00',60),(11,NULL,'12:00:00','14:00:00',60),(12,NULL,'12:00:00','14:00:00',60),(13,NULL,'12:00:00','14:00:00',60),(14,NULL,'12:00:00','14:00:00',60),(15,NULL,'12:00:00','14:00:00',60),(16,NULL,'12:00:00','14:00:00',60),(17,NULL,'12:00:00','14:00:00',120),(18,NULL,'12:00:00','14:00:00',120),(19,NULL,'12:00:00','14:00:00',120),(20,NULL,'13:30:00','14:15:00',45),(21,NULL,'13:30:00','14:15:00',45),(22,NULL,'13:30:00','14:15:00',45),(23,NULL,'13:30:00','14:15:00',45),(24,NULL,'12:00:00','13:00:00',60),(25,NULL,'12:00:00','13:00:00',60),(26,NULL,'12:00:00','13:00:00',60),(27,NULL,'13:00:00','15:00:00',60),(28,NULL,'13:00:00','14:00:00',60),(29,NULL,'13:00:00','14:00:00',60),(30,NULL,'13:00:00','14:00:00',60),(31,NULL,'13:00:00','14:00:00',60),(32,NULL,'13:00:00','14:00:00',60),(33,NULL,'13:00:00','14:00:00',60),(34,NULL,'13:00:00','14:00:00',60),(35,NULL,'13:00:00','14:00:00',60),(36,NULL,'13:00:00','14:00:00',60),(37,NULL,'13:00:00','14:00:00',60),(38,NULL,'13:00:00','14:00:00',60),(39,NULL,'13:00:00','14:00:00',60),(40,NULL,'13:00:00','14:00:00',60),(41,NULL,'13:00:00','14:00:00',60),(42,NULL,'13:00:00','14:00:00',60),(43,NULL,'13:00:00','14:00:00',60),(44,NULL,'13:00:00','14:00:00',60),(45,NULL,'13:00:00','14:00:00',60),(46,NULL,'13:00:00','14:00:00',60),(47,NULL,'13:00:00','14:00:00',60),(48,NULL,'13:00:00','14:00:00',60),(49,NULL,'13:00:00','14:00:00',60),(50,NULL,'13:00:00','14:00:00',60),(51,NULL,'13:00:00','14:00:00',60),(52,NULL,'13:00:00','14:00:00',60),(53,NULL,'13:00:00','14:00:00',60),(54,NULL,'13:00:00','14:00:00',60),(55,NULL,'13:00:00','14:00:00',60),(56,NULL,'13:00:00','14:00:00',60),(57,NULL,'13:00:00','14:00:00',60),(58,NULL,'13:00:00','14:00:00',60),(59,NULL,'13:00:00','14:00:00',60),(60,NULL,'13:00:00','14:00:00',60),(61,NULL,'13:00:00','14:00:00',60),(62,NULL,'13:00:00','14:00:00',60),(63,NULL,'13:00:00','14:00:00',60),(64,NULL,'13:00:00','14:00:00',60),(65,NULL,'13:00:00','14:00:00',60),(66,NULL,'13:00:00','14:00:00',60),(67,NULL,'13:00:00','14:00:00',60),(68,NULL,'13:00:00','14:00:00',60),(69,NULL,'13:00:00','14:00:00',60),(70,NULL,'13:00:00','14:00:00',60),(71,NULL,'13:00:00','14:00:00',60),(72,NULL,'13:00:00','14:00:00',60),(73,NULL,'13:00:00','14:00:00',60),(74,NULL,'13:00:00','14:00:00',60),(75,NULL,'13:00:00','14:00:00',60),(76,NULL,'13:00:00','14:00:00',60),(77,NULL,'13:00:00','14:00:00',60),(78,NULL,'13:00:00','14:00:00',60),(79,NULL,'13:00:00','14:00:00',60),(80,NULL,'13:00:00','14:00:00',60),(81,NULL,'13:00:00','14:00:00',60),(82,NULL,'13:00:00','14:00:00',60),(83,NULL,'13:00:00','14:00:00',60),(84,NULL,'13:00:00','14:00:00',60),(85,NULL,'13:00:00','14:00:00',60),(86,NULL,'13:00:00','14:00:00',60),(87,NULL,'13:00:00','14:00:00',60),(88,NULL,'13:00:00','14:00:00',60),(89,NULL,'13:00:00','14:00:00',60),(90,NULL,'13:00:00','14:00:00',60),(91,NULL,'13:00:00','14:00:00',60),(92,NULL,'13:00:00','14:00:00',60),(93,NULL,'13:00:00','14:00:00',60),(94,NULL,'13:00:00','14:00:00',60),(95,NULL,'13:00:00','14:00:00',60),(96,NULL,'13:00:00','14:00:00',60),(97,NULL,'13:00:00','14:00:00',60),(98,NULL,'13:00:00','14:00:00',60),(99,NULL,'13:00:00','14:00:00',60),(100,NULL,'13:00:00','14:00:00',60),(101,NULL,'13:00:00','14:00:00',60),(102,NULL,'13:00:00','14:00:00',60),(103,NULL,'13:00:00','14:00:00',60),(104,NULL,'13:00:00','14:00:00',60),(105,NULL,'13:00:00','14:00:00',60),(106,NULL,'13:00:00','14:00:00',60),(107,NULL,'13:00:00','14:00:00',60),(108,NULL,'13:00:00','14:00:00',60),(109,NULL,'13:00:00','14:00:00',60),(110,NULL,'13:00:00','14:00:00',60),(111,NULL,'13:00:00','14:00:00',60),(112,NULL,'13:00:00','14:00:00',60),(113,NULL,'13:00:00','14:00:00',60),(114,NULL,'13:00:00','14:00:00',60),(115,NULL,'13:00:00','14:00:00',60),(116,NULL,'13:00:00','14:00:00',60),(117,NULL,'13:00:00','14:00:00',60),(118,NULL,'13:00:00','14:00:00',60),(119,NULL,'13:00:00','14:00:00',60),(120,NULL,'13:00:00','14:00:00',60),(121,NULL,'13:00:00','14:00:00',60),(122,NULL,'13:00:00','14:00:00',60),(123,NULL,'13:00:00','14:00:00',60),(124,NULL,'13:00:00','14:00:00',60);
/*!40000 ALTER TABLE `break` ENABLE KEYS */;
UNLOCK TABLES;

--
-- Table structure for table `breaks`
--

DROP TABLE IF EXISTS `breaks`;
/*!40101 SET @saved_cs_client     = @@character_set_client */;
/*!40101 SET character_set_client = utf8 */;
CREATE TABLE `breaks` (
  `id` bigint(20) NOT NULL AUTO_INCREMENT,
  `name` varchar(245) NOT NULL DEFAULT 'Unknown',
  PRIMARY KEY (`id`)
) ENGINE=InnoDB DEFAULT CHARSET=utf8 COMMENT='Списки наборов перерывов для привязки к дневному расписанию';
/*!40101 SET character_set_client = @saved_cs_client */;

--
-- Dumping data for table `breaks`
--

LOCK TABLES `breaks` WRITE;
/*!40000 ALTER TABLE `breaks` DISABLE KEYS */;
/*!40000 ALTER TABLE `breaks` ENABLE KEYS */;
UNLOCK TABLES;

--
-- Temporary view structure for view `busy_time`
--

DROP TABLE IF EXISTS `busy_time`;
/*!50001 DROP VIEW IF EXISTS `busy_time`*/;
SET @saved_cs_client     = @@character_set_client;
SET character_set_client = utf8;
/*!50001 CREATE VIEW `busy_time` AS SELECT 
 1 AS `time`,
 1 AS `slots count`,
 1 AS `buisy slots`,
 1 AS `services count`*/;
SET character_set_client = @saved_cs_client;

--
-- Table structure for table `calendar`
--

DROP TABLE IF EXISTS `calendar`;
/*!40101 SET @saved_cs_client     = @@character_set_client */;
/*!40101 SET character_set_client = utf8 */;
CREATE TABLE `calendar` (
  `id` bigint(20) NOT NULL,
  `name` varchar(45) NOT NULL DEFAULT '' COMMENT 'Название календаря',
  PRIMARY KEY (`id`)
) ENGINE=InnoDB DEFAULT CHARSET=utf8 COMMENT='Календарь услуг на год';
/*!40101 SET character_set_client = @saved_cs_client */;

--
-- Dumping data for table `calendar`
--

LOCK TABLES `calendar` WRITE;
/*!40000 ALTER TABLE `calendar` DISABLE KEYS */;
INSERT INTO `calendar` VALUES (1,'Общий календарь'),(5,'белогорск'),(17,'судак'),(34,'феодосия');
/*!40000 ALTER TABLE `calendar` ENABLE KEYS */;
UNLOCK TABLES;

--
-- Table structure for table `calendar_out_days`
--

DROP TABLE IF EXISTS `calendar_out_days`;
/*!40101 SET @saved_cs_client     = @@character_set_client */;
/*!40101 SET character_set_client = utf8 */;
CREATE TABLE `calendar_out_days` (
  `id` bigint(20) NOT NULL AUTO_INCREMENT,
  `out_day` date NOT NULL COMMENT 'Дата неработы. Важен месяц и день',
  `calendar_id` bigint(20) NOT NULL,
  PRIMARY KEY (`id`),
  KEY `idx_calendar_out_days_calendar` (`calendar_id`),
  CONSTRAINT `fk_calendar_out_days_calendar` FOREIGN KEY (`calendar_id`) REFERENCES `calendar` (`id`) ON DELETE CASCADE ON UPDATE CASCADE
) ENGINE=InnoDB AUTO_INCREMENT=2414 DEFAULT CHARSET=utf8 COMMENT='Дни неработы услуг';
/*!40101 SET character_set_client = @saved_cs_client */;

--
-- Dumping data for table `calendar_out_days`
--

LOCK TABLES `calendar_out_days` WRITE;
/*!40000 ALTER TABLE `calendar_out_days` DISABLE KEYS */;
INSERT INTO `calendar_out_days` VALUES (1,'2010-01-01',1),(2,'2014-09-02',1),(3,'2014-09-03',1),(4,'2014-09-01',1),(5,'2014-09-04',1),(6,'2014-09-05',1),(7,'2014-09-06',1),(8,'2014-09-07',1),(9,'2014-09-07',1),(10,'2015-09-01',1),(11,'2015-09-02',1),(12,'2015-09-03',1),(13,'2015-09-04',1),(14,'2015-09-05',1),(15,'2015-09-06',1),(43,'2015-09-28',1),(44,'2015-10-05',1),(45,'2015-10-12',1),(46,'2015-10-19',1),(47,'2015-10-26',1),(48,'2015-10-04',1),(49,'2015-10-11',1),(50,'2015-10-18',1),(51,'2015-10-25',1),(52,'2015-11-01',1),(53,'2015-11-08',1),(54,'2015-11-15',1),(55,'2015-11-22',1),(56,'2015-11-29',1),(57,'2015-11-02',1),(58,'2015-11-09',1),(59,'2015-11-16',1),(60,'2015-11-23',1),(61,'2015-11-30',1),(62,'2015-12-06',1),(63,'2015-12-13',1),(64,'2015-12-20',1),(65,'2015-12-27',1),(66,'2015-12-07',1),(67,'2015-12-14',1),(68,'2015-12-21',1),(69,'2015-12-28',1),(1371,'2015-10-04',1),(1428,'2015-11-04',1),(1449,'2015-11-07',1),(1450,'2015-11-06',1),(1491,'2015-12-08',1),(1492,'2015-12-09',1),(1493,'2015-12-10',1),(1930,'2015-12-30',1),(1951,'2015-12-31',1),(1972,'2016-01-01',1),(1993,'2016-01-02',1),(2014,'2016-01-03',1),(2035,'2016-01-04',1),(2056,'2016-01-05',1),(2077,'2016-01-06',1),(2098,'2016-01-07',1),(2119,'2016-01-08',1),(2140,'2016-01-09',1),(2161,'2016-01-10',1),(2312,'2016-02-22',1),(2313,'2016-02-23',1),(2354,'2016-03-07',1),(2355,'2016-03-08',1),(2396,'2016-03-18',1),(2397,'2016-03-19',1),(2399,'2016-05-01',1),(2400,'2016-05-02',1),(2401,'2016-05-03',1),(2402,'2016-05-07',1),(2403,'2016-05-08',1),(2404,'2016-05-09',1),(2405,'2016-06-13',1),(2406,'2016-07-05',1),(2411,'2016-09-12',1),(2412,'2016-11-04',1),(2413,'2016-11-05',1);
/*!40000 ALTER TABLE `calendar_out_days` ENABLE KEYS */;
UNLOCK TABLES;

--
-- Table structure for table `clients`
--

DROP TABLE IF EXISTS `clients`;
/*!40101 SET @saved_cs_client     = @@character_set_client */;
/*!40101 SET character_set_client = utf8 */;
CREATE TABLE `clients` (
  `id` bigint(20) NOT NULL COMMENT 'Первичный ключ.\nВнимание! Вставлять и апдейтить записи только по завершению работы пользователя с кастомером.',
  `service_id` bigint(20) NOT NULL COMMENT 'Услуга, к которой  пришел первоначально кастомер.  Вспомогательное поле.\nВнимание! Вставлять и апдейтить записи только по завершению работы пользователя с кастомером.',
  `user_id` bigint(20) DEFAULT NULL COMMENT ' Вспомогательное поле.\nВнимание! Вставлять и апдейтить записи только по завершению работы пользователя с кастомером.',
  `service_prefix` varchar(45) NOT NULL COMMENT 'Префикс номера кастомера. Информационное поле.\nВнимание! Вставлять и апдейтить записи только по завершению работы пользователя с кастомером.',
  `number` int(11) NOT NULL COMMENT 'Номер клиента без префикса. Информационное поле.\nВнимание! Вставлять и апдейтить записи только по завершению работы пользователя с кастомером.',
  `stand_time` datetime NOT NULL COMMENT 'Время постановки в очередь. Информационное поле.\nВнимание! Вставлять и апдейтить записи только по завершению работы пользователя с кастомером.',
  `call_time` datetime DEFAULT NULL COMMENT 'Время вызова в очереди',
  `start_time` datetime DEFAULT NULL COMMENT 'Время начала обработки клиента пользователем. Вспомогательное поле.\nВнимание! Вставлять и апдейтить записи только по завершению работы пользователя с кастомером.',
  `finish_time` datetime DEFAULT NULL COMMENT 'Время завершения работы с клиентом пользователем. Информационное поле.\nВнимание! Вставлять и апдейтить записи только по завершению работы пользователя с кастомером.',
  `clients_authorization_id` bigint(20) DEFAULT NULL COMMENT 'Определено если клиент авторизовался',
  `result_id` bigint(20) DEFAULT NULL COMMENT 'Если выбрали результат работы',
  `input_data` varchar(500) DEFAULT NULL COMMENT 'Введеные при предвариловке данные клиента если услуга этого требует',
  `state_in` int(11) NOT NULL DEFAULT '0' COMMENT 'клиент перешел в это состояние.',
  `advance_id` bigint(20) DEFAULT NULL,
  PRIMARY KEY (`id`),
  KEY `idx_сlients_service_id_services_id` (`service_id`),
  KEY `idx_сlients_user_id_users_id` (`user_id`),
  KEY `idx_clients_clients_authorization` (`clients_authorization_id`),
  KEY `idx_clients_results` (`result_id`),
  CONSTRAINT `fk_clients_clients_authorization` FOREIGN KEY (`clients_authorization_id`) REFERENCES `clients_authorization` (`id`) ON DELETE SET NULL ON UPDATE SET NULL,
  CONSTRAINT `fk_clients_results` FOREIGN KEY (`result_id`) REFERENCES `results` (`id`) ON DELETE SET NULL ON UPDATE SET NULL,
  CONSTRAINT `fk_сlients_service_id_services_id` FOREIGN KEY (`service_id`) REFERENCES `services` (`id`) ON DELETE CASCADE ON UPDATE CASCADE
) ENGINE=InnoDB DEFAULT CHARSET=utf8 COMMENT='Таблица регистрации статистических событий клиентов.';
/*!40101 SET character_set_client = @saved_cs_client */;

--
-- Dumping data for table `clients`
--

LOCK TABLES `clients` WRITE;
/*!40000 ALTER TABLE `clients` DISABLE KEYS */;
/*!40000 ALTER TABLE `clients` ENABLE KEYS */;
UNLOCK TABLES;
/*!50003 SET @saved_cs_client      = @@character_set_client */ ;
/*!50003 SET @saved_cs_results     = @@character_set_results */ ;
/*!50003 SET @saved_col_connection = @@collation_connection */ ;
/*!50003 SET character_set_client  = utf8 */ ;
/*!50003 SET character_set_results = utf8 */ ;
/*!50003 SET collation_connection  = utf8_general_ci */ ;
/*!50003 SET @saved_sql_mode       = @@sql_mode */ ;
/*!50003 SET sql_mode              = 'STRICT_TRANS_TABLES,STRICT_ALL_TABLES,NO_ZERO_IN_DATE,NO_ZERO_DATE,ERROR_FOR_DIVISION_BY_ZERO,TRADITIONAL,NO_AUTO_CREATE_USER,NO_ENGINE_SUBSTITUTION' */ ;
DELIMITER ;;
/*!50003 CREATE*/ /*!50017 DEFINER=`root`@`localhost`*/ /*!50003 TRIGGER insert_to_statistic 
    AFTER INSERT ON clients
    FOR EACH ROW
BEGIN
    if new.start_time is not null and new.finish_time is not null and NEW.stand_time is not null then
		SET @finish_start= TIMEDIFF(NEW.finish_time, NEW.start_time);
		SET @start_starnd = TIMEDIFF(NEW.start_time, NEW.stand_time);
		INSERT
			INTO statistic(state_in, results_id, user_id, client_id, service_id, user_start_time, user_finish_time, client_stand_time, user_work_period, client_wait_period) 
		VALUES
			(NEW.state_in, NEW.result_id, NEW.user_id, NEW.id, NEW.service_id, NEW.start_time, NEW.finish_time, NEW.stand_time, 
			round(
					(HOUR(@finish_start) * 60 * 60 +
					 MINUTE(@finish_start) * 60 +
					 SECOND(@finish_start) + 59)/60),
			round(
					(HOUR(@start_starnd) * 60 * 60 +
					MINUTE(@start_starnd) * 60 +
					SECOND(@start_starnd) + 59)/60)  
			);
	end if;
END */;;
DELIMITER ;
/*!50003 SET sql_mode              = @saved_sql_mode */ ;
/*!50003 SET character_set_client  = @saved_cs_client */ ;
/*!50003 SET character_set_results = @saved_cs_results */ ;
/*!50003 SET collation_connection  = @saved_col_connection */ ;
/*!50003 SET @saved_cs_client      = @@character_set_client */ ;
/*!50003 SET @saved_cs_results     = @@character_set_results */ ;
/*!50003 SET @saved_col_connection = @@collation_connection */ ;
/*!50003 SET character_set_client  = utf8 */ ;
/*!50003 SET character_set_results = utf8 */ ;
/*!50003 SET collation_connection  = utf8_general_ci */ ;
/*!50003 SET @saved_sql_mode       = @@sql_mode */ ;
/*!50003 SET sql_mode              = 'STRICT_TRANS_TABLES,STRICT_ALL_TABLES,NO_ZERO_IN_DATE,NO_ZERO_DATE,ERROR_FOR_DIVISION_BY_ZERO,TRADITIONAL,NO_AUTO_CREATE_USER,NO_ENGINE_SUBSTITUTION' */ ;
DELIMITER ;;
/*!50003 CREATE*/ /*!50017 DEFINER=`root`@`localhost`*/ /*!50003 TRIGGER update_to_statistic
    AFTER UPDATE ON clients
    FOR EACH ROW
BEGIN
    if new.start_time is not null and new.finish_time is not null and NEW.stand_time is not null then
		SET @finish_start= TIMEDIFF(NEW.finish_time, NEW.start_time);
		SET @start_starnd = TIMEDIFF(NEW.start_time, NEW.stand_time);
		INSERT
			INTO statistic(state_in, results_id, user_id, client_id, service_id, user_start_time, user_finish_time, client_stand_time, user_work_period, client_wait_period) 
		VALUES
			(NEW.state_in, NEW.result_id, NEW.user_id, NEW.id, NEW.service_id, NEW.start_time, NEW.finish_time, NEW.stand_time, 
			round(
					(HOUR(@finish_start) * 60 * 60 +
					 MINUTE(@finish_start) * 60 +
					 SECOND(@finish_start) + 59)/60),
			round(
					(HOUR(@start_starnd) * 60 * 60 +
					MINUTE(@start_starnd) * 60 +
					SECOND(@start_starnd) + 59)/60)  
			);
	end if;
END */;;
DELIMITER ;
/*!50003 SET sql_mode              = @saved_sql_mode */ ;
/*!50003 SET character_set_client  = @saved_cs_client */ ;
/*!50003 SET character_set_results = @saved_cs_results */ ;
/*!50003 SET collation_connection  = @saved_col_connection */ ;

--
-- Table structure for table `clients_authorization`
--

DROP TABLE IF EXISTS `clients_authorization`;
/*!40101 SET @saved_cs_client     = @@character_set_client */;
/*!40101 SET character_set_client = utf8 */;
CREATE TABLE `clients_authorization` (
  `id` bigint(20) NOT NULL,
  `name` varchar(45) NOT NULL DEFAULT '' COMMENT 'Имя',
  `surname` varchar(45) NOT NULL DEFAULT '' COMMENT 'Фамилие',
  `otchestvo` varchar(45) NOT NULL DEFAULT '' COMMENT 'Отчество, иногда может отсутствовать.',
  `birthday` date DEFAULT NULL COMMENT 'Дата рождения',
  `streets_id` bigint(20) DEFAULT NULL COMMENT 'Связь со словарем улиц. Проживание.',
  `house` varchar(10) DEFAULT '' COMMENT 'Номер дома',
  `korp` varchar(10) DEFAULT '' COMMENT 'Корпус дома',
  `flat` varchar(10) DEFAULT '' COMMENT 'Квартира',
  `validity` int(11) NOT NULL DEFAULT '-1' COMMENT 'Степень валидности авторизованного клиента',
  PRIMARY KEY (`id`),
  KEY `idx_clients_authorization_streets` (`streets_id`),
  CONSTRAINT `fk_clients_authorization_streets` FOREIGN KEY (`streets_id`) REFERENCES `streets` (`id`) ON DELETE SET NULL ON UPDATE CASCADE
) ENGINE=InnoDB DEFAULT CHARSET=utf8 COMMENT='Словарь клиентов для авторизации.';
/*!40101 SET character_set_client = @saved_cs_client */;

--
-- Dumping data for table `clients_authorization`
--

LOCK TABLES `clients_authorization` WRITE;
/*!40000 ALTER TABLE `clients_authorization` DISABLE KEYS */;
/*!40000 ALTER TABLE `clients_authorization` ENABLE KEYS */;
UNLOCK TABLES;

--
-- Table structure for table `customers`
--

DROP TABLE IF EXISTS `customers`;
/*!40101 SET @saved_cs_client     = @@character_set_client */;
/*!40101 SET character_set_client = utf8 */;
CREATE TABLE `customers` (
  `id` int(11) NOT NULL AUTO_INCREMENT,
  `uid` int(10) DEFAULT NULL,
  `reg_dep_id` int(11) DEFAULT NULL,
  `name` varchar(30) NOT NULL,
  `no` varchar(6) DEFAULT NULL,
  `surname` varchar(30) NOT NULL,
  `patronymic` varchar(30) NOT NULL,
  `email` varchar(255) NOT NULL,
  `mobile_phone` varchar(15) NOT NULL,
  `home_phone` varchar(14) DEFAULT NULL,
  `created` timestamp NOT NULL DEFAULT CURRENT_TIMESTAMP,
  `validated` timestamp NULL DEFAULT NULL,
  `code` varchar(32) NOT NULL,
  `serial` varchar(4) DEFAULT NULL,
  `issue` varchar(255) DEFAULT NULL,
  `when_at` datetime DEFAULT NULL,
  `schedule` bit(1) DEFAULT NULL,
  `last_login` datetime DEFAULT NULL,
  `birthday` datetime DEFAULT NULL,
  `inn` varchar(12) DEFAULT NULL,
  `blocked` int(11) NOT NULL DEFAULT '0',
  PRIMARY KEY (`id`),
  UNIQUE KEY `mobile_phone` (`mobile_phone`),
  UNIQUE KEY `email` (`email`),
  UNIQUE KEY `mobile_phone_2` (`mobile_phone`),
  KEY `fk_customers__registrator_departments` (`reg_dep_id`),
  CONSTRAINT `fk_customers__registrator_departments` FOREIGN KEY (`reg_dep_id`) REFERENCES `registrator_departments` (`id`) ON DELETE SET NULL ON UPDATE CASCADE
) ENGINE=InnoDB AUTO_INCREMENT=104911 DEFAULT CHARSET=utf8;
/*!40101 SET character_set_client = @saved_cs_client */;

--
-- Dumping data for table `customers`
--

LOCK TABLES `customers` WRITE;
/*!40000 ALTER TABLE `customers` DISABLE KEYS */;
INSERT INTO `customers` VALUES (104901,93763,NULL,'ИмяКастомера','222222','ФамилияКастомера','ОтчествоКастомера','ccc@ccc.cc','79902222222','','2016-11-01 07:56:27','2016-11-01 07:56:27','5de514d80b396291411c3ea5ec8a75dc','2222','иИмёипОГеРсфюрт','2007-04-03 10:56:27',NULL,'2016-11-01 14:29:46','1995-10-03 10:56:27',NULL,0),(104902,93764,NULL,'ИмяОператора','777777','ФамилияОператора','ОтчествоОператора','ooo@ooo.oo','79907777777','','2016-11-01 07:56:27','2016-11-01 07:56:27','4aa0bd8a3ff8f9901e37ed005ddce23e','7777','ААРЕдЪЫбъеинФец','2005-05-03 10:56:27',NULL,'2016-11-01 14:38:26','1993-11-02 10:56:27',NULL,0),(104903,93765,NULL,'ИмяЮр',NULL,'ФамилияЮр','ОтчествоЮр','uuu@uuu.uu','79903333333',NULL,'2016-11-01 07:56:27','2016-11-01 07:56:27','d362a80954194e3988569d4a6a7456a1',NULL,NULL,'0000-00-00 00:00:00',NULL,NULL,'2016-11-01 10:56:27','6357826734',0),(104904,93766,NULL,'ИмяАдмин','888888','ФамилияАдмин','ОтчествоАдмин','aaa@aaa.aa','79908888888','','2016-11-01 07:56:27','2016-11-01 07:56:27','4980bf3df944000f20d4709a8303f482','8888','щЩйяУППЖхИШТЪув','1988-02-02 10:56:27',NULL,'2016-11-01 14:40:33','1978-07-04 10:56:27',NULL,0),(104909,93771,NULL,'бЛадыйЙьхжхрЖчШ','858249','НУъзЯЦншЙСЧСэлб','лУбмйрЛЖшёащичА','PxbUfJSsvN@kogOWeTzVi.com','97770797351','','2016-10-31 21:00:00','2016-10-31 21:00:00','6d059ec515b503e32216c4b020fb934b','1276','ъмЩйТсиМиЕТаАеХ','2015-03-31 14:37:46',NULL,'2016-11-01 14:37:50','1978-10-31 14:37:46',NULL,0),(104910,93772,NULL,'УШяКГЪтРэьЁРкЦМ','152688','ЬнЩЛшиштЯсжшНъж','йдтоСБкФыЪъФыЫЗ','rbuCNlXZtQ@AzyuerWRdp.com','97775872074','','2016-10-31 21:00:00','2016-10-31 21:00:00','6cc0022c6fc5ad8dd69a089af822aaa0','9168','АоЙммКяФБжЙШУтЖ','2007-10-09 14:38:04',NULL,'2016-11-01 14:38:08','2008-03-18 14:38:04','10034346720',0);
/*!40000 ALTER TABLE `customers` ENABLE KEYS */;
UNLOCK TABLES;

--
-- Table structure for table `depart_region`
--

DROP TABLE IF EXISTS `depart_region`;
/*!40101 SET @saved_cs_client     = @@character_set_client */;
/*!40101 SET character_set_client = utf8 */;
CREATE TABLE `depart_region` (
  `id` bigint(20) NOT NULL AUTO_INCREMENT,
  `region_code` varchar(255) DEFAULT NULL,
  `depart_id` bigint(20) DEFAULT NULL,
  PRIMARY KEY (`id`),
  KEY `FK_j2sjnmxbjwqadi6yh6preogmq` (`depart_id`),
  CONSTRAINT `FK_j2sjnmxbjwqadi6yh6preogmq` FOREIGN KEY (`depart_id`) REFERENCES `department` (`id`) ON DELETE CASCADE ON UPDATE CASCADE
) ENGINE=InnoDB AUTO_INCREMENT=53 DEFAULT CHARSET=utf8;
/*!40101 SET character_set_client = @saved_cs_client */;

--
-- Dumping data for table `depart_region`
--

LOCK TABLES `depart_region` WRITE;
/*!40000 ALTER TABLE `depart_region` DISABLE KEYS */;
INSERT INTO `depart_region` VALUES (26,'91012000',53),(27,'91002000',54),(28,'91000010',55),(29,'91000001',56),(30,'91000009',57),(31,'91000008',58),(32,'91000004',59),(33,'91006000',59),(34,'91007000',60),(35,'91004000',61),(36,'91008000',62),(37,'91000005',63),(38,'91001000',64),(39,'91000011',65),(40,'91010000',66),(41,'91005000',67),(43,'91014000',69),(44,'91000003',70),(45,'91011000',70),(46,'91013000',71),(47,'91000006',72),(48,'91003000',72),(49,'91009000',73),(50,'91000002',74),(52,'91000007',75);
/*!40000 ALTER TABLE `depart_region` ENABLE KEYS */;
UNLOCK TABLES;

--
-- Table structure for table `department`
--

DROP TABLE IF EXISTS `department`;
/*!40101 SET @saved_cs_client     = @@character_set_client */;
/*!40101 SET character_set_client = utf8 */;
CREATE TABLE `department` (
  `id` bigint(20) NOT NULL AUTO_INCREMENT,
  `name` varchar(2000) NOT NULL DEFAULT '' COMMENT 'Название отделения',
  `sync_time` datetime NOT NULL COMMENT 'время синхронизации с этим отделением',
  `description` varchar(255) DEFAULT NULL,
  `calendar_id` bigint(20) DEFAULT NULL,
  `schedule_id` varchar(255) DEFAULT NULL,
  `advanceLimitPeriod` int(11) DEFAULT NULL,
  `finish_advance_date` date DEFAULT NULL,
  PRIMARY KEY (`id`),
  KEY `FK_llhn7ahes4dr1j653lvjeromr` (`calendar_id`),
  CONSTRAINT `FK_llhn7ahes4dr1j653lvjeromr` FOREIGN KEY (`calendar_id`) REFERENCES `calendar` (`id`)
) ENGINE=InnoDB AUTO_INCREMENT=76 DEFAULT CHARSET=utf8 COMMENT='Отеделение';
/*!40101 SET character_set_client = @saved_cs_client */;

--
-- Dumping data for table `department`
--

LOCK TABLES `department` WRITE;
/*!40000 ALTER TABLE `department` DISABLE KEYS */;
INSERT INTO `department` VALUES (53,'Симферопольский отдел приема-выдачи документов Госкомрегистра. РФ, Республика Крым, г. Симферополь, пр. Победы, 165/1','2016-10-17 10:11:00','Симферополь',1,'1',11,'2016-10-31'),(54,'Белогорский районный отдел. РФ, Республика Крым, г. Белогорск, ул. Чобан-Заде/Мирошниченко, 24/10','2016-10-17 10:25:16','Белогорск',1,'5',11,'2016-11-03'),(55,'Феодосийский городской отдел. РФ, Республика Крым, г. Феодосия, ул. Галерейная, 7а','2016-10-17 10:13:01','Феодосия',1,'19',11,'2016-11-03'),(56,'Керченский городской  отдел. РФ, Республика Крым, г. Керчь, ул. Свердлова, 6, каб. 119','2016-10-17 10:29:00','Керчь',1,'8',11,'2016-12-17'),(57,'Евпаторийский городской отдел. РФ, Республика Крым, г. Евпатория, ул. 9 мая 75','2016-10-17 10:24:12','Евпатория',1,'7',11,'2016-12-17'),(58,'Ялтинский городской отдел. РФ, Республика Крым, г. Ялта, ул. Садовая, 11','2016-10-17 10:19:58','Ялта',1,'21',11,'2016-12-17'),(59,'Горрайонный отдел по г.Красноперекопск и Красноперекопскому району. РФ, Республика Крым, пгт. Красноперекопск, ул. Героев Перекопа, 1','2016-10-15 12:52:45','Красноперекопск',1,'11',11,'2016-12-17'),(60,'Ленинский районный отдел. РФ, Республика Крым, пгт. Ленино, ул. Пушкина, 22','2016-10-17 10:20:43','Ленинское',1,'12',11,'2016-12-17'),(61,'Кировский районный отдел. РФ, Республика Крым, пгт. Кировское, ул. Розы Люксембург, 26','2016-10-16 17:32:31','Кировское',1,'10',11,'2016-12-17'),(62,'Нижнегорский районный отдел. РФ, Республика Крым, пгт. Нижнегорский, ул. Гагарина, 7','2016-10-17 01:57:31','Нижнегорск',1,'13',11,'2016-12-17'),(63,'Судакский городской  отдел. РФ, Республика Крым, г. Судак, ул. Ленина, 85а','2016-10-17 00:06:30','Судак',1,'18',11,'2016-11-03'),(64,'Бахчисарайский районный отдел. РФ, Республика Крым, г. Бахчисарай, ул. Советская, 11','2016-10-17 10:05:24','Бахчисарай',1,'4',11,'2016-12-17'),(65,'Алуштинский городской отдел. РФ, Республика Крым, г. Алушта, пл. Советская, 1','2016-10-17 10:24:09','Алушта',1,'2',11,'2016-12-17'),(66,'Раздольненский районный отдел. РФ, Республика Крым, пгт. Раздольное, ул. Ленина, 71','2016-10-17 10:26:25','Раздольное',1,'15',11,'2016-12-17'),(67,'Красногвардейский районный отдел. РФ, Республика Крым, пгт. Красногвардейское, ул. Чкалова, 2','2016-10-17 10:20:40','Красногвардейск',1,'9',11,'2016-12-17'),(69,'Черноморский районный отдел. РФ, Республика Крым, пгт. Черноморское, ул. Кирова, 16','2016-10-17 06:43:03','Черноморское',1,'20',11,'2016-12-17'),(70,'Сакский горрайонный отдел. РФ, Республика Крым, г. Саки, ул. Революции, 2','2016-10-17 10:11:20','Саки',1,'17',11,'2016-12-17'),(71,'Советский  районный отдел. РФ, Республика Крым, пгт. Советский, ул. Матросова, 1','2016-10-17 10:11:22','Советское',1,'16',11,'2016-12-17'),(72,'Джанкойский горрайонный отдел. РФ, Республика Крым, г. Джанкой, ул. Свердлова, 1','2016-10-16 22:04:39','Джанкой',1,'6',11,'2016-12-17'),(73,'Первомайский районный отдел. РФ, Республика Крым, пгт. Первомайское, ул. Октябрьская, 64а,б','2016-10-15 12:50:18','Первомайское',1,'14',11,'2016-12-17'),(74,'Армянский городской отдел. РФ, Республика Крым, г.Армянск, микрорайон Генерала Васильева, 1','2016-10-12 12:01:01','Армянск',1,'3',11,'2016-12-17'),(75,'Симферопольский отдел приема-выдачи документов Госкомрегистра. РФ, Республика Крым, г. Симферополь, б-р Франко, 25','2016-10-17 09:46:36','Симферополь город',1,'24',11,'2016-10-31');
/*!40000 ALTER TABLE `department` ENABLE KEYS */;
UNLOCK TABLES;

--
-- Table structure for table `department_service_group`
--

DROP TABLE IF EXISTS `department_service_group`;
/*!40101 SET @saved_cs_client     = @@character_set_client */;
/*!40101 SET character_set_client = utf8 */;
CREATE TABLE `department_service_group` (
  `id` bigint(20) NOT NULL AUTO_INCREMENT,
  `department_id` bigint(20) NOT NULL,
  `sevice_group_id` bigint(20) NOT NULL,
  `percent` float NOT NULL DEFAULT '0',
  PRIMARY KEY (`id`),
  KEY `fk_department_service_group_1_idx` (`department_id`),
  KEY `fk_department_service_group_2_idx` (`sevice_group_id`),
  CONSTRAINT `fk_department_service_group_1` FOREIGN KEY (`department_id`) REFERENCES `department` (`id`) ON DELETE CASCADE ON UPDATE CASCADE,
  CONSTRAINT `fk_department_service_group_2` FOREIGN KEY (`sevice_group_id`) REFERENCES `service_groups` (`id`) ON DELETE CASCADE ON UPDATE CASCADE
) ENGINE=InnoDB AUTO_INCREMENT=16 DEFAULT CHARSET=utf8 COLLATE=utf8_unicode_ci;
/*!40101 SET character_set_client = @saved_cs_client */;

--
-- Dumping data for table `department_service_group`
--

LOCK TABLES `department_service_group` WRITE;
/*!40000 ALTER TABLE `department_service_group` DISABLE KEYS */;
/*!40000 ALTER TABLE `department_service_group` ENABLE KEYS */;
UNLOCK TABLES;

--
-- Table structure for table `hibernate_sequences`
--

DROP TABLE IF EXISTS `hibernate_sequences`;
/*!40101 SET @saved_cs_client     = @@character_set_client */;
/*!40101 SET character_set_client = utf8 */;
CREATE TABLE `hibernate_sequences` (
  `sequence_name` varchar(255) COLLATE utf8_unicode_ci DEFAULT NULL,
  `sequence_next_hi_value` int(11) DEFAULT NULL
) ENGINE=InnoDB DEFAULT CHARSET=utf8 COLLATE=utf8_unicode_ci;
/*!40101 SET character_set_client = @saved_cs_client */;

--
-- Dumping data for table `hibernate_sequences`
--

LOCK TABLES `hibernate_sequences` WRITE;
/*!40000 ALTER TABLE `hibernate_sequences` DISABLE KEYS */;
/*!40000 ALTER TABLE `hibernate_sequences` ENABLE KEYS */;
UNLOCK TABLES;

--
-- Table structure for table `history`
--

DROP TABLE IF EXISTS `history`;
/*!40101 SET @saved_cs_client     = @@character_set_client */;
/*!40101 SET character_set_client = utf8 */;
CREATE TABLE `history` (
  `id` bigint(20) NOT NULL AUTO_INCREMENT,
  `cid` bigint(20) DEFAULT NULL,
  `created` datetime DEFAULT NULL,
  `email` varchar(255) COLLATE utf8_unicode_ci DEFAULT NULL,
  `home_phone` varchar(255) COLLATE utf8_unicode_ci DEFAULT NULL,
  `issue` varchar(255) COLLATE utf8_unicode_ci DEFAULT NULL,
  `mobile_phone` varchar(14) COLLATE utf8_unicode_ci NOT NULL,
  `name` varchar(255) COLLATE utf8_unicode_ci NOT NULL,
  `no` varchar(6) COLLATE utf8_unicode_ci DEFAULT NULL,
  `patronymic` varchar(255) COLLATE utf8_unicode_ci NOT NULL,
  `rid` bigint(20) DEFAULT NULL,
  `serial` varchar(4) COLLATE utf8_unicode_ci DEFAULT NULL,
  `surname` varchar(255) COLLATE utf8_unicode_ci NOT NULL,
  `when_at` datetime DEFAULT NULL,
  `department_id` bigint(20) DEFAULT NULL,
  `service_id` bigint(20) DEFAULT NULL,
  `inn` varchar(12) COLLATE utf8_unicode_ci DEFAULT NULL,
  PRIMARY KEY (`id`),
  KEY `no_idx` (`no`),
  KEY `serial_idx` (`serial`),
  KEY `IDX_history__serial_no` (`serial`,`no`)
) ENGINE=InnoDB AUTO_INCREMENT=307835 DEFAULT CHARSET=utf8 COLLATE=utf8_unicode_ci;
/*!40101 SET character_set_client = @saved_cs_client */;

--
-- Dumping data for table `history`
--

LOCK TABLES `history` WRITE;
/*!40000 ALTER TABLE `history` DISABLE KEYS */;
/*!40000 ALTER TABLE `history` ENABLE KEYS */;
UNLOCK TABLES;

--
-- Table structure for table `images`
--

DROP TABLE IF EXISTS `images`;
/*!40101 SET @saved_cs_client     = @@character_set_client */;
/*!40101 SET character_set_client = utf8 */;
CREATE TABLE `images` (
  `images_id` bigint(20) NOT NULL AUTO_INCREMENT,
  `url` varchar(256) NOT NULL COMMENT 'URL ???????? ??????? ? ???????????',
  `thumbnail` varchar(256) DEFAULT NULL COMMENT 'URL ????????? ? ???????????',
  `small` varchar(256) DEFAULT NULL COMMENT 'URL small ? ???????????',
  `medium` varchar(256) DEFAULT NULL COMMENT 'URL medium ? ???????????',
  `full` varchar(256) DEFAULT NULL COMMENT 'URL full ? ???????????',
  `title` varchar(256) DEFAULT NULL COMMENT '???????? ???????????',
  `main` tinyint(1) NOT NULL DEFAULT '0' COMMENT '??????? ???????????',
  PRIMARY KEY (`images_id`)
) ENGINE=InnoDB AUTO_INCREMENT=27 DEFAULT CHARSET=utf8 COMMENT='??????? ?????? ?? ???????????';
/*!40101 SET character_set_client = @saved_cs_client */;

--
-- Dumping data for table `images`
--

LOCK TABLES `images` WRITE;
/*!40000 ALTER TABLE `images` DISABLE KEYS */;
INSERT INTO `images` VALUES (1,'/7c/38/d5be43d2006d25fbbf8f469d25ea.png','/7c/38/d5be43d2006d25fbbf8f469d25ea_thumbnail.png','/7c/38/d5be43d2006d25fbbf8f469d25ea_small.png','/7c/38/d5be43d2006d25fbbf8f469d25ea_medium.png','/7c/38/d5be43d2006d25fbbf8f469d25ea_full.png','1_1.png',1),(2,'/83/ad/4f974d577feff312d1aae3736e38.jpg','/83/ad/4f974d577feff312d1aae3736e38_thumbnail.jpg','/83/ad/4f974d577feff312d1aae3736e38_small.jpg','/83/ad/4f974d577feff312d1aae3736e38_medium.jpg','/83/ad/4f974d577feff312d1aae3736e38_full.jpg','1_2.jpg',0),(3,'/1e/ec/0e59cc95ac9a996686419247b88c.JPG','/1e/ec/0e59cc95ac9a996686419247b88c_thumbnail.JPG','/1e/ec/0e59cc95ac9a996686419247b88c_small.JPG','/1e/ec/0e59cc95ac9a996686419247b88c_medium.JPG','/1e/ec/0e59cc95ac9a996686419247b88c_full.JPG','2_2.JPG',0),(4,'/6c/df/cb3ca812f126f2efbd584afe4e38.JPG','/6c/df/cb3ca812f126f2efbd584afe4e38_thumbnail.JPG','/6c/df/cb3ca812f126f2efbd584afe4e38_small.JPG','/6c/df/cb3ca812f126f2efbd584afe4e38_medium.JPG','/6c/df/cb3ca812f126f2efbd584afe4e38_full.JPG','2_1.JPG',1),(5,'/1c/2d/2116f1b6ed2cecb99c6e72203a20.JPG','/1c/2d/2116f1b6ed2cecb99c6e72203a20_thumbnail.JPG','/1c/2d/2116f1b6ed2cecb99c6e72203a20_small.JPG','/1c/2d/2116f1b6ed2cecb99c6e72203a20_medium.JPG','/1c/2d/2116f1b6ed2cecb99c6e72203a20_full.JPG','2_4.JPG',0),(6,'/9c/14/d57f62d4cbaa6f8ee291b6148cb1.JPG','/9c/14/d57f62d4cbaa6f8ee291b6148cb1_thumbnail.JPG','/9c/14/d57f62d4cbaa6f8ee291b6148cb1_small.JPG','/9c/14/d57f62d4cbaa6f8ee291b6148cb1_medium.JPG','/9c/14/d57f62d4cbaa6f8ee291b6148cb1_full.JPG','2_3.JPG',0),(7,'/b0/3d/7eea3111bf9851c8191a32ad1fb0.JPG','/b0/3d/7eea3111bf9851c8191a32ad1fb0_thumbnail.JPG','/b0/3d/7eea3111bf9851c8191a32ad1fb0_small.JPG','/b0/3d/7eea3111bf9851c8191a32ad1fb0_medium.JPG','/b0/3d/7eea3111bf9851c8191a32ad1fb0_full.JPG','2_5.JPG',0),(8,'/3d/19/e716f9df88da9661ad452e15bb4b.jpg','/3d/19/e716f9df88da9661ad452e15bb4b_thumbnail.jpg','/3d/19/e716f9df88da9661ad452e15bb4b_small.jpg','/3d/19/e716f9df88da9661ad452e15bb4b_medium.jpg','/3d/19/e716f9df88da9661ad452e15bb4b_full.jpg','3_2.jpg',0),(9,'/22/d2/c5e89444f08f089948260e8e6fa1.jpg','/22/d2/c5e89444f08f089948260e8e6fa1_thumbnail.jpg','/22/d2/c5e89444f08f089948260e8e6fa1_small.jpg','/22/d2/c5e89444f08f089948260e8e6fa1_medium.jpg','/22/d2/c5e89444f08f089948260e8e6fa1_full.jpg','3_7.jpg',0),(10,'/f4/76/b49d6adea6e33cf60ca131b8c572.jpg','/f4/76/b49d6adea6e33cf60ca131b8c572_thumbnail.jpg','/f4/76/b49d6adea6e33cf60ca131b8c572_small.jpg','/f4/76/b49d6adea6e33cf60ca131b8c572_medium.jpg','/f4/76/b49d6adea6e33cf60ca131b8c572_full.jpg','3_4.jpg',0),(11,'/5b/26/b7e954f39f390b6ea5dabce2ad54.jpg','/5b/26/b7e954f39f390b6ea5dabce2ad54_thumbnail.jpg','/5b/26/b7e954f39f390b6ea5dabce2ad54_small.jpg','/5b/26/b7e954f39f390b6ea5dabce2ad54_medium.jpg','/5b/26/b7e954f39f390b6ea5dabce2ad54_full.jpg','3_5.jpg',0),(12,'/18/cf/1e0d74c38abb6d2979904135dafd.jpg','/18/cf/1e0d74c38abb6d2979904135dafd_thumbnail.jpg','/18/cf/1e0d74c38abb6d2979904135dafd_small.jpg','/18/cf/1e0d74c38abb6d2979904135dafd_medium.jpg','/18/cf/1e0d74c38abb6d2979904135dafd_full.jpg','3_8.jpg',0),(13,'/bc/57/42c5f57302f85ca001a4098b08ee.jpg','/bc/57/42c5f57302f85ca001a4098b08ee_thumbnail.jpg','/bc/57/42c5f57302f85ca001a4098b08ee_small.jpg','/bc/57/42c5f57302f85ca001a4098b08ee_medium.jpg','/bc/57/42c5f57302f85ca001a4098b08ee_full.jpg','3_1.jpg',1),(14,'/08/cf/8655960f2472caee9024d4ae4584.jpg','/08/cf/8655960f2472caee9024d4ae4584_thumbnail.jpg','/08/cf/8655960f2472caee9024d4ae4584_small.jpg','/08/cf/8655960f2472caee9024d4ae4584_medium.jpg','/08/cf/8655960f2472caee9024d4ae4584_full.jpg','3_3.jpg',0),(15,'/ff/c5/dcdb1bc4c1e7d7a7c341d8a7a99f.jpg','/ff/c5/dcdb1bc4c1e7d7a7c341d8a7a99f_thumbnail.jpg','/ff/c5/dcdb1bc4c1e7d7a7c341d8a7a99f_small.jpg','/ff/c5/dcdb1bc4c1e7d7a7c341d8a7a99f_medium.jpg','/ff/c5/dcdb1bc4c1e7d7a7c341d8a7a99f_full.jpg','3_6.jpg',0),(16,'/f3/b0/5885334bad0759cd679466044722.jpg','/f3/b0/5885334bad0759cd679466044722_thumbnail.jpg','/f3/b0/5885334bad0759cd679466044722_small.jpg','/f3/b0/5885334bad0759cd679466044722_medium.jpg','/f3/b0/5885334bad0759cd679466044722_full.jpg','42c5f57302f85ca001a4098b08ee.jpg',1),(17,'/f5/99/3fe3d6322d8c08bcbaecb29b3567.jpg','/f5/99/3fe3d6322d8c08bcbaecb29b3567_thumbnail.jpg','/f5/99/3fe3d6322d8c08bcbaecb29b3567_small.jpg','/f5/99/3fe3d6322d8c08bcbaecb29b3567_medium.jpg','/f5/99/3fe3d6322d8c08bcbaecb29b3567_full.jpg','1292186_921845717902082_6858900391223147529_o.jpg',1),(24,'/67/e5/2240cb6ca85a71779ce0e532c11f.jpg','/67/e5/2240cb6ca85a71779ce0e532c11f_thumbnail.jpg','/67/e5/2240cb6ca85a71779ce0e532c11f_small.jpg','/67/e5/2240cb6ca85a71779ce0e532c11f_medium.jpg','/67/e5/2240cb6ca85a71779ce0e532c11f_full.jpg','bank.jpg',1),(25,'/cb/7d/8692c531445cd6879fd013c0573e.jpg','/cb/7d/8692c531445cd6879fd013c0573e_thumbnail.jpg','/cb/7d/8692c531445cd6879fd013c0573e_small.jpg','/cb/7d/8692c531445cd6879fd013c0573e_medium.jpg','/cb/7d/8692c531445cd6879fd013c0573e_full.jpg','bank.jpg',1),(26,'/ab/44/b30f7c02e3eb72e516376d530cb8.jpg','/ab/44/b30f7c02e3eb72e516376d530cb8_thumbnail.jpg','/ab/44/b30f7c02e3eb72e516376d530cb8_small.jpg','/ab/44/b30f7c02e3eb72e516376d530cb8_medium.jpg','/ab/44/b30f7c02e3eb72e516376d530cb8_full.jpg','предварит.запись.jpg',1);
/*!40000 ALTER TABLE `images` ENABLE KEYS */;
UNLOCK TABLES;

--
-- Table structure for table `information`
--

DROP TABLE IF EXISTS `information`;
/*!40101 SET @saved_cs_client     = @@character_set_client */;
/*!40101 SET character_set_client = utf8 */;
CREATE TABLE `information` (
  `id` bigint(20) NOT NULL,
  `parent_id` bigint(20) DEFAULT NULL,
  `name` varchar(100) NOT NULL COMMENT 'Наименование узла справки',
  `text` text NOT NULL COMMENT 'html-текст справки',
  `text_print` text NOT NULL COMMENT 'Текст для печати информационного узла',
  PRIMARY KEY (`id`),
  KEY `idx_information_information` (`parent_id`),
  CONSTRAINT `fk_information_information` FOREIGN KEY (`parent_id`) REFERENCES `information` (`id`) ON DELETE CASCADE ON UPDATE CASCADE
) ENGINE=InnoDB DEFAULT CHARSET=utf8 COMMENT='Таблица справочной информации древовидной структуры';
/*!40101 SET character_set_client = @saved_cs_client */;

--
-- Dumping data for table `information`
--

LOCK TABLES `information` WRITE;
/*!40000 ALTER TABLE `information` DISABLE KEYS */;
INSERT INTO `information` VALUES (1,NULL,'Справочная система','<html><p align=center><span style=\'font-size:55.0;color:#DC143C\'>Справочная информация<br><span style=\'font-size:45.0;color:#DC143C\'><i>Прочитайте и распечатайте памятку</i></span></p>','Для  получения детальной информации обратитесь к менеджеру');
/*!40000 ALTER TABLE `information` ENABLE KEYS */;
UNLOCK TABLES;

--
-- Table structure for table `logs`
--

DROP TABLE IF EXISTS `logs`;
/*!40101 SET @saved_cs_client     = @@character_set_client */;
/*!40101 SET character_set_client = utf8 */;
CREATE TABLE `logs` (
  `id` int(11) NOT NULL AUTO_INCREMENT,
  `comment` varchar(1000) COLLATE utf8_unicode_ci NOT NULL,
  `time_when` timestamp NOT NULL DEFAULT CURRENT_TIMESTAMP ON UPDATE CURRENT_TIMESTAMP,
  `customer_id` int(11) DEFAULT NULL,
  PRIMARY KEY (`id`)
) ENGINE=InnoDB AUTO_INCREMENT=414041 DEFAULT CHARSET=utf8 COLLATE=utf8_unicode_ci;
/*!40101 SET character_set_client = @saved_cs_client */;

--
-- Dumping data for table `logs`
--

LOCK TABLES `logs` WRITE;
/*!40000 ALTER TABLE `logs` DISABLE KEYS */;
/*!40000 ALTER TABLE `logs` ENABLE KEYS */;
UNLOCK TABLES;

--
-- Table structure for table `monitoring`
--

DROP TABLE IF EXISTS `monitoring`;
/*!40101 SET @saved_cs_client     = @@character_set_client */;
/*!40101 SET character_set_client = utf8 */;
CREATE TABLE `monitoring` (
  `id` bigint(20) NOT NULL AUTO_INCREMENT,
  `created` timestamp NOT NULL DEFAULT CURRENT_TIMESTAMP ON UPDATE CURRENT_TIMESTAMP COMMENT 'Время события',
  `online_condition` tinyint(1) NOT NULL DEFAULT '0' COMMENT 'Состояние',
  `department_id` bigint(20) DEFAULT NULL COMMENT 'ID отделения',
  PRIMARY KEY (`id`)
) ENGINE=InnoDB AUTO_INCREMENT=12118 DEFAULT CHARSET=utf8;
/*!40101 SET character_set_client = @saved_cs_client */;

--
-- Dumping data for table `monitoring`
--

LOCK TABLES `monitoring` WRITE;
/*!40000 ALTER TABLE `monitoring` DISABLE KEYS */;
/*!40000 ALTER TABLE `monitoring` ENABLE KEYS */;
UNLOCK TABLES;

--
-- Table structure for table `net`
--

DROP TABLE IF EXISTS `net`;
/*!40101 SET @saved_cs_client     = @@character_set_client */;
/*!40101 SET character_set_client = utf8 */;
CREATE TABLE `net` (
  `id` int(11) NOT NULL AUTO_INCREMENT COMMENT 'ПортСервера="3128" ПортВебСервера="8080" ПортКлиента="3129" АдресСервера="localhost"',
  `server_port` int(11) NOT NULL COMMENT 'Серверный порт приема заданий по сети от клиетских приложений.',
  `web_server_port` int(11) NOT NULL COMMENT 'Серверный порт для приема web запросов в системе отчетов.',
  `client_port` int(11) NOT NULL COMMENT 'UDP Порт клиента, на который идет рассылка широковещательных пакетов.',
  `finish_time` time NOT NULL COMMENT 'Время прекращения приема заявок на постановку в очередь',
  `start_time` time NOT NULL COMMENT 'Время начала приема заявок на постановку в очередь',
  `version` varchar(25) NOT NULL DEFAULT 'Не присвоена' COMMENT 'Версия БД',
  `first_number` int(11) NOT NULL DEFAULT '1',
  `last_number` int(11) NOT NULL DEFAULT '999',
  `numering` tinyint(1) NOT NULL DEFAULT '1' COMMENT '0 общая нумерация, 1 для каждой услуги своя нумерация',
  `point` int(11) NOT NULL DEFAULT '0' COMMENT '0 кабинет, 1 окно, 2 стойка',
  `sound` int(11) NOT NULL DEFAULT '2' COMMENT '0 нет оповещения, 1 только сигнал, 2 сигнал+голос',
  `branch_id` bigint(20) NOT NULL DEFAULT '-1',
  `sky_server_url` varchar(145) NOT NULL DEFAULT '',
  `zone_board_serv_addr` varchar(145) NOT NULL DEFAULT '',
  `zone_board_serv_port` bigint(20) NOT NULL DEFAULT '0',
  `voice` int(11) NOT NULL DEFAULT '0' COMMENT '0 - по умолчанию, ну и т.д. по набору звуков',
  `black_time` int(11) NOT NULL DEFAULT '0' COMMENT 'Время нахождения в блеклисте в минутах. 0 - попавшие в блекслист не блокируются',
  `limit_recall` int(11) NOT NULL DEFAULT '0' COMMENT 'Количество повторных вызовов перед отклонением неявившегося посетителя, 0-бесконечно',
  `button_free_design` tinyint(1) NOT NULL DEFAULT '0' COMMENT 'авторасстановка кнопок на киоске',
  `is_global_server` tinyint(1) NOT NULL DEFAULT '0' COMMENT 'глобальный ли это сервер',
  `department_id` bigint(20) DEFAULT NULL COMMENT 'Это отделение (только для локального сервера)',
  `global_serv_addr` varchar(145) NOT NULL DEFAULT '' COMMENT 'Адрес глобального сервера (только для локального сервера)',
  `global_serv_port` bigint(20) NOT NULL DEFAULT '0' COMMENT 'Порт глобального сервера (только для локального сервера)',
  `auto_sync_minutes` bigint(20) NOT NULL DEFAULT '60' COMMENT 'Частота синхронизации с глобальным сервером (только для локального сервера)',
  `curr_department` decimal(19,2) DEFAULT NULL,
  `last_client_id` bigint(20) DEFAULT NULL,
  PRIMARY KEY (`id`),
  KEY `fk_net_department_id` (`department_id`),
  CONSTRAINT `fk_net_department_id` FOREIGN KEY (`department_id`) REFERENCES `department` (`id`) ON DELETE SET NULL ON UPDATE CASCADE
) ENGINE=InnoDB AUTO_INCREMENT=2 DEFAULT CHARSET=utf8 COMMENT='Сетевые настройки сервера.';
/*!40101 SET character_set_client = @saved_cs_client */;

--
-- Dumping data for table `net`
--

LOCK TABLES `net` WRITE;
/*!40000 ALTER TABLE `net` DISABLE KEYS */;
INSERT INTO `net` VALUES (1,3131,8089,3129,'23:00:00','08:00:00','2.6',1,999,0,0,1,113,'http://localhost:8080/qskyapi/customer_events?wsdl','127.0.0.1',27007,0,0,3,0,1,NULL,'',0,60,NULL,NULL);
/*!40000 ALTER TABLE `net` ENABLE KEYS */;
UNLOCK TABLES;

--
-- Table structure for table `news`
--

DROP TABLE IF EXISTS `news`;
/*!40101 SET @saved_cs_client     = @@character_set_client */;
/*!40101 SET character_set_client = utf8 */;
CREATE TABLE `news` (
  `news_id` bigint(20) NOT NULL AUTO_INCREMENT,
  `title` varchar(256) DEFAULT NULL COMMENT '?????????',
  `description` varchar(512) DEFAULT NULL COMMENT '??????? ????????',
  `text` text COMMENT '????? ???????',
  `publish_date` datetime NOT NULL COMMENT '???? ??????????',
  `type_of_news` enum('NEWS','PHOTOS') NOT NULL COMMENT '??? ??????? - ??????? ??? ???????????',
  `visible` tinyint(1) NOT NULL DEFAULT '1' COMMENT '?????????',
  `view_counter` bigint(20) NOT NULL DEFAULT '0' COMMENT '??????? ??????????',
  PRIMARY KEY (`news_id`),
  KEY `title_idx` (`title`(255))
) ENGINE=InnoDB AUTO_INCREMENT=8 DEFAULT CHARSET=utf8 COMMENT='??????? ????????';
/*!40101 SET character_set_client = @saved_cs_client */;

--
-- Dumping data for table `news`
--

LOCK TABLES `news` WRITE;
/*!40000 ALTER TABLE `news` DISABLE KEYS */;
INSERT INTO `news` VALUES (1,'За три дня на прием в Госкомрегистр записались около 9 тысяч заявителей.',' По состоянию на 2 декабря 17.00 на прием в Государственный комитет по государственной регистрации и кадастру Республики Крым записались около 9 тысяч заявителей. Об этом сообщил председатель Госкомрегистра Александр Спиридонов.\r\n«В Симферопольский отдел приема-выдачи документов записались более двух тысяч человек. Все заявители будут приняты за две недели с 10 по 25 декабря. На данный момент есть ещё свободные даты в восьми теротделах, поэтому граждане могут прямо сейчас зарегистрироваться в си....',' По состоянию на 2 декабря 17.00 на прием в Государственный комитет по государственной регистрации и кадастру Республики Крым записались около 9 тысяч заявителей. Об этом сообщил председатель Госкомрегистра Александр Спиридонов.\r\n«В Симферопольский отдел приема-выдачи документов записались более двух тысяч человек. Все заявители будут приняты за две недели с 10 по 25 декабря. На данный момент есть ещё свободные даты в восьми теротделах, поэтому граждане могут прямо сейчас зарегистрироваться в системе и выбрать необходимую для них услугу», - рассказал руководитель ведомства.\r\n<p></p>\r\n37% заявителей воспользовались интернет-ресурсом, 63% - записались в банковских отделениях.  Активно продолжают пользоваться предварительной электронной записью юридические лица.\r\nНапомним, записаться на прием в Госкомрегистр можно удаленно через портал Правительства РК https://eo.gkreg.rk.gov.ru/login или в отделениях банков «РНКБ» и «Генбанк».\r\n<br></br>\r\nТехническая поддержка: +7 (978) 00-00-910\r\n<p></p>\r\nE-mail: support@krtech.ru, gkreg_ip@rk.gov.ru\r\n<p></p>\r\nЕдиный многоканальный номер справочной службы Госкомрегистра: (3652) 66 -74 -00.\r\n<br></br>\r\n<b>Открытие следующей предварительной записи готовится к 28 декабря.</b>','2015-12-02 00:00:00','NEWS',1,1079),(2,'Госкомрегистр презентовал новый многофункциональный сall-центр','Государственный комитет по государственной регистрации и кадастру Республики Крым стал первым органом исполнительной власти в Республике Крым, который открыл собственный многофункциональный сall-центр. Об этом сегодня на торжественном открытии центра представителям СМИ сообщил председатель Госкомрегистра Александр Спиридонов.\r\n<p></p>\r\nАжиотаж на услуги регистрирующего органа во многом связан с недостаточной осведомлённостью граждан. Главная цель для комитета – совершенствование взаимодействия с....','Государственный комитет по государственной регистрации и кадастру Республики Крым стал первым органом исполнительной власти в Республике Крым, который открыл собственный многофункциональный сall-центр. Об этом сегодня на торжественном открытии центра представителям СМИ сообщил председатель Госкомрегистра Александр Спиридонов.\r\n<p></p>\r\nАжиотаж на услуги регистрирующего органа во многом связан с недостаточной осведомлённостью граждан. Главная цель для комитета – совершенствование взаимодействия с заявителями.\r\n<p></p>\r\n«Госкомрегистр стремится быть авангардом для других органов власти, предоставляющих услуги населению. Новый сall-центр будет взаимодействовать с заявителями сразу на нескольких фронтах: предоставление информации по стационарному и мобильному телефону, онлайн-специалист в социальных сетях: facebook и vkontakte, автоматически всплывающее окно консультации при заходе на сайт ведомства. Также, что особенно важно для жителей других стран, получить ответы можно будет с помощью программы Skype», - сообщил глава ведомства.\r\n<p></p>\r\n5 специалистов комитета будут осуществлять предварительные консультации граждан с понедельника по пятницу с 9.00 до 18.00.\r\n<br></br>\r\nЕдиный номер справочной службы: (3652) 66-74-00\r\n<p></p>\r\nОнлайн-консультант в вконтакте: https://vk.com/id337327368\r\n<p></p>\r\n(Официальная группа Госокмрегистра вконтакте) https://vk.com/goskomregistr\r\n<p></p>\r\nОнлайн-консультант в Фейсбуке https://www.facebook.com/goskomregistr/\r\n<p></p>\r\nSkype: gk_reg или Госкомрегистр\r\n<p></p>\r\n<b>Онлайн-консультант на официальном сайте Госкомрегистра http://gkreg.rk.gov.ru (работает по принципу всплывающего окна)</b>\r\n<p></p>\r\n<b>Горячая линия (для жалоб, касающихся учётно-регистрационной сферы) +79781085365</b>','2015-12-07 00:00:00','NEWS',1,4411),(3,'С сегодняшнего дня получить услуги Госкомрегистра можно в новом Симферопольском многофункциональном центре','C сегодняшнего дня получить услуги Государственного комитета по государственной регистрации и кадастру можно в новом самом крупном в Крыму Симферопольском едином центре оказания государственных услуг на проспекте Кирова, 41. Об этом сообщил председатель Госкомрегистра Александр Спириднов, принявший участие в официальном открытии центра.\r\n<p></p>\r\nРуководитель регистрирующего органа протестировал возможность подать документы для постановки объекта недвижимости на кадастровый учёт. Александр Спири....','C сегодняшнего дня получить услуги Государственного комитета по государственной регистрации и кадастру можно в новом самом крупном в Крыму Симферопольском едином центре оказания государственных услуг на проспекте Кирова, 41. Об этом сообщил председатель Госкомрегистра Александр Спириднов, принявший участие в официальном открытии центра.\r\n<p></p>\r\nРуководитель регистрирующего органа протестировал возможность подать документы для постановки объекта недвижимости на кадастровый учёт. Александр Спиридонов выбрал соответствующую услугу в специальном терминале, получил талон и прошел к указанному окну. Глава комитета задал специалисту вопросы, касающиеся учётно-регистрационной сферы.\r\n<p></p>\r\n«Я неспроста устроил небольшой расспрос. Сотрудники МФЦ проходили обучение у квалифицированных специалистов Госкомрегистра. Для нас очень важно, чтобы при приеме документов не возникало ошибок. Фундамент заложен, теперь необходимо выстроить чёткую рабочую систему: качественный прием и обработка документов, квалифицированные консультации, упорядоченное межведомственное взаимодействие», - отметил руководитель Госкомитета.\r\n<p></p>\r\nАлександр Спиридонов поздравил с открытием центра директора Симферопольского территориального подразделения ГБУ РК «МФЦ» Оксану Бородай и обсудил с ней рабочие моменты. Начальник отделения отметила, что на проспекте Кирова выделены 6 специализированных окон, которые готовы принимать документы для регистрации прав собственности и постановки на кадастровый учёт объектов недвижимости. Также руководитель напомнила, что на данный момент функционируют ещё 6 окон в МФЦ на ул. Толстого 15, которые принимают документы у юридических лиц.\r\n<p></p>\r\nПо официальной информации, изложенной в ежегодном отчете Правительства Российской Федерации за 2014 год, порядка 70% заявлений, поданных в МФЦ, относятся к учётно-регистрационной сфере.','2015-11-11 00:00:00','NEWS',1,8696),(5,' запись в Госкомрегистр ','','Новый период предварительной электронной записи на прием в Государственный комитет по государственной регистрации и кадастру Республики Крым будет доступен с 12 февраля. Об этом сообщил председатель Госкомрегистра Александр Спиридонов.\r\n«В 9.00 запись откроется в отделениях банков РНКБ и ГЕНбанк. Удаленно, с помощью личных кабинетов системы, юридические лица смогут записаться на прием в комитет с 9.00, физические лица - с 18.00. Временной период — 4 недели», - подчеркнул глава регистрирующего органа.\r\nАлександр Спиридонов отметил, что заявители, у которых строгий рабочий график, смогут выбрать для записи субботу или вечерние часы приема с 18.00 до 20.00.\r\nЗаписаться удаленно можно через официальный Портал Правительства РК https://eo.gkreg.rk.gov.ru/login или в отделениях банков «РНКБ» и «Генбанк».\r\nТехническая поддержка:\r\nE-mail: support@krtech.ru, gkreg_ip@rk.gov.ru\r\nТелефоны: +7 (978) 00-00-910\r\nЕдиный номер многоканальной справочной службы Госкомрегистра: (3652) 66-74-00, «горячая линия» Госкомрегистра +79781085365.','2016-01-29 00:00:00','NEWS',1,10704),(6,'Запись в очередь через банк','','Госкомрегистр опубликовал список адресов отделений банков РНКБ и \"Генбанк\", в которых граждане могут быть поставлены в очередь Госкомрегистра.<br>\r\n<br>\r\nСПИСОК ОТДЕЛЕНИЙ РНКБ<br>\r\nв которых производится запись на приём в Государственный комитете по государственной<br>\r\nрегистрации и кадастру Республики Крым<br>\r\n295000 г. Симферополь ул. Севастопольская 30/7<br>\r\n295000, г. Симферополь, пр-т Кирова, д.29, лит.А, блок Б<br>\r\n295000, г. Симферополь, ул. Большевистская/Пролетарская, д.28/9<br>\r\n295000, г. Симферополь, ул. Героев Аджимушкая, д.1<br>\r\n295000, г. Симферополь, ул. Горького, д. 5<br>\r\n295000, г. Симферополь, ул. Набережная, д.32<br>\r\n295000, Г.Симферополь, ул. Кечкеметская 1<br>\r\n295006, г. Симферополь, бульвар Ленина, дом 15 / ул. Гагарина, дом 1<br>\r\n295006, г. Симферополь, ул. Горького, д.14<br>\r\n295006, г. Симферополь,ул. Карла Маркса/Толстого, д.33/10<br>\r\n295011, г. Симферополь, ул. Героев Аджимушкая, д.1<br>\r\n295011, г. Симферополь, ул. Пушкина, дом 7 / ул. Карла Маркса, дом 12<br>\r\n295011, г. Симферополь, ул. Севастопольская, д. 22/ ул. Крылова, д. 2<br>\r\n295013, г. Симферополь, ул. Севастопольская, д.68<br>\r\n295015, г. Симферополь, ул. Севастопольская, д. 27<br>\r\n295017, г. Симферополь, пр-т Кирова, д. 39/ ул. Набережная д. 35 (пр-т Кирова д. 41)<br>\r\n295017, г. Симферополь, ул. Киевская, д. 55 А<br>\r\n295018, г. Симферополь, ул. Джанкойская/Ракетная, д.85/28<br>\r\n295021, г. Симферополь, ул. Залесская, д. 76<br>\r\n295022, г. Симферополь, пр. Победы, д.208 б<br>\r\n295022, г. Симферополь, пр-т Победы, д.220<br>\r\n295026, г. Симферополь, ул. Гагарина, дом 35<br>\r\n295034, г. Симферополь, пр. Победы, д. 210<br>\r\n295034, г. Симферополь, пр-кт.Победы , д.26<br>\r\n295034, г. Симферополь, проспект Кирова, дом 10/переулок Пионерский, дом 2<br>\r\n295034, г. Симферополь, пр-т Победы, д.8<br>\r\n295034, г. Симферополь, ул. Киевская, д. 112<br>\r\n295034, г. Симферополь, ул. Киевская, д. 83<br>\r\n295034, г. Симферополь, ул.Тренева, д.1Б<br>\r\n295044, г. Симферополь ул. Залесская, д. 68<br>\r\n295047, г. Симферополь, ул. Маршала Василевского, д.2<br>\r\n295053, г. Симферополь, ул. Воровского, д. 65<br>\r\n295053, г. Симферополь, ул. Киевская, д.6/ул. Фрунзе, д.36, корп.1<br>\r\n295493, г. Симферополь, ул. Яблочкова, д. 18<br>\r\n296000, г. Красноперекопск, микрорайон-2, д.16/4<br>\r\n296000, г. Красноперекопск, ул. Менделеева, д. 26 а<br>\r\n296000, г. Красноперекопск, ул. Спортивная, д. 8 А<br>\r\n296012, г. Армянск, ул. Симферопольская, д. 4 А<br>\r\n296100, г. Джанкой, ул. Крымская, 55/ ул. Калинина, д. 2<br>\r\n296100, г. Джанкой, ул. Крымская, д. 37<br>\r\n296108, г. Джанкой, ул. Октябрьская, д. 22<br>\r\n296200, Раздольненский район, пгт. Раздольное, ул. Ленина, д. 50<br>\r\n296300, пгт. Первомайское, ул. Эдуарда Корпана, д. 1145<br>\r\n296300, Первомайский район, пгт. Первомайское, ул. Ленина, д. 64<br>\r\n296400, Черноморский район, пгт. Черноморское, ул. Кирова, д. 43<br>\r\n296400, Черноморский р-н, пгт.Черноморское, Революции, д. 7<br>\r\n296500, г. Саки, ул. Пионерская, д. 1<br>\r\n296500, г. Саки, ул. Советская, д. 23<br>\r\n297000, Красногвардейский р-н, пгт. Красногвардейское, ул. Фрунзе, д. 24, пом. 46<br>\r\n297000, пгт. Красногвардейское, ул. Тельмана, д. 20<br>\r\n297060, пгт. Октябрьское, ул. Ленина, д. 59<br>\r\n297100, Нижнегорский район, пгт. Нижнегорский, ул. Победы, д. 87<br>\r\n297200, Советский район, пгт. Советский, ул. Первомайская, д. 46<br>\r\n297300, пгт. Кировское, ул. Кирова, д.15<br>\r\n297342, Кировский р-н., с. Золотое поле, ул.Центральная 7<br>\r\n297345, г. Старый Крым, ул.Ленина, д. 66а<br>\r\n297400, г.Евпатория, ул. Революции, д. 55а<br>\r\n297402, г. Евпатория, ул. Матвеева, д. 16а<br>\r\n297406, г. Евпатория, ул. Интернациональная, д. 115<br>\r\n297406, г. Евпатория, ул. Фрунзе, дом 65 А<br>\r\n297408, г. Евпатория, ул. Революции, д. 61/4/8<br>\r\n297412, г. Евпатория, пр. Победы, д. 4-а<br>\r\n297412, г. Евпатория, ул. Советская , д.7<br>\r\n297513, Симферопольский район, пгт. Гвардейское, ул. Ленина, д.1А<br>\r\n297546, Симферопольский район, пгт. Николаевка, ул. Набережная, д. 1<br>\r\n297600 г.Белогорск ул. Чобан Заде/Мирошниченко,24/10<br>\r\n298000 г.Бахчисарай ул. Фрунзе 38<br>\r\n298000, г.Судак ул.Ленина, д.40<br>\r\n298100, г. Феодосия , ул. Коробкова, д. 2а<br>\r\n298100, г. Феодосия , ул. Федько, д. 1<br>\r\n298100, г. Феодосия, ул. Генерала Горбачева, д. 2 а<br>\r\n298100, г. Феодосия, ул. Дружбы, д.16<br>\r\n298100, г. Феодосия, ул. Советская, д.13, пом. No 1-Н<br>\r\n298100, г. Феодосия, ул. Федько, д. 1<br>\r\n298100, г. Феодосия, ул. Шаумяна, д. 3<br>\r\n298100, г. Феодосия, улица Земская (улица Либкнехта), д. 6, помещение 3-н<br>\r\n298109, г. Феодосия, ул.Горбачева, д. 2А,<br>\r\n298112, г. Феодосия, ул. Крымская, д. 66, пом. 2-Н<br>\r\n298176, г. Феодосия, пгт Приморский, ул. Железнодорожная, д. 5<br>\r\n298187, г.Феодосия, пгт Щебетовка, ул.Ленина, д. 20<br>\r\n298200, Ленинский район, пгт. Ленино, ул. Пушкина, д. 42<br>\r\n298300, г. Керчь, ул. Кирова, д. 25<br>\r\n298300, г. Керчь, ул. Козлова, д. 10<br>\r\n298300, г. Керчь, ул. Ленина, д. 44<br>\r\n298300, г. Керчь, ул. Ленина, д.5<br>\r\n298300, г. Керчь, улица Ленина, д.17<br>\r\n298300, г. Судак, ул. Ленина, д. 40<br>\r\n298302, г. Керчь, ул. Мирошника, д.3<br>\r\n298403, г. Бахчисарай, ул. Ракитского, д. 1<br>\r\n298404, Бахчисарайский район, г. Бахчисарай, ул. Фрунзе, д. 38<br>\r\n298500, г. Алушта, ул. Ленина, д. 27-А<br>\r\n298500, г. Алушта, ул.Ленина, д. 5В,<br>\r\n298500, г. Алушта, улица Хромых В., д. 21-а95<br>\r\n298517, г. Алушта, ул. Ялтинская, д.1<br>\r\n298600, г. Ялта, ул. Московская, д.3<br>\r\n298612, г. Ялта, ул. Киевская, д. 56<br>\r\n298612, г. Ялта, ул. Московская/Дзержинского, д. 47/2<br>\r\n298612, г.Ялта, ул.Киевская д. 57,<br>\r\n298635 г. Ялта ул. Пальмиро Тольятти 15Б<br>\r\n298635, г. Ялта, ул. Маршака, д. 6<br>\r\n<br>\r\nСПИСОК ОТДЕЛЕНИЙ «ГЕНБАНК»<br>\r\nв которых производится запись на прием в Государственный комитете по государственной<br>\r\nрегистрации и кадастру Республики Крым<br>\r\n295000, г. Симферополь, ул. Гоголя, 13 / ул. Героев Аджимушкая, 6<br>\r\n295000, г. Симферополь, пр. Кирова/ул. Горького, 32/1<br>\r\n295000, город Симферополь, улица Пушкина, дом 1/улица Александра Невского, дом 2<br>\r\n295000, Россия, г. Симферополь, пр. Кирова, дом 19А<br>\r\n295000, г.Симферополь, переулок Элеваторный, 16<br>\r\n295006, город Симферополь, улица Горького, дом 32<br>\r\n295006, г. Симферополь, б-р Ленина, 5/7, учебный корпус No2-А<br>\r\n295006, г.Симферополь, ул.Павленко, д.11<br>\r\n295011, г. Симферополь, ул. Самокиша, 20<br>\r\n295011, г. Симферополь, ул. Чехова\\ул. Караимская, 9/10<br>\r\n295011, г. Симферополь, ул.Севастопольская/ул.Чехова, д.20/1<br>\r\n295011, г.Симферополь, пр. Кирова, 30/ул. Горького, 2<br>\r\n295011, город Симферополь, улица Севастопольская, дом 13<br>\r\n295013, город Симферополь, ул. Ульянова Дмитрия, дом 4, помещение 2<br>\r\n295022, г.Симферополь, ул.Кечкеметская, 198<br>\r\n295022, город Симферополь, проспект Победы, дом 209д, помещение 3 в литере «Б»<br>\r\n295024, г. Симферополь, ул. 60 лет Октября/ул. Баррикадная, 17/65<br>\r\n295034, г.Симферополь, ул.Куйбышева, дом. 1-а<br>\r\n295034, город Симферополь, ул. Менделеева, 15/ул. Набережная, 49<br>\r\n295034, город Симферополь, переулок Северный, дом 21-а<br>\r\n295043, город Симферополь, улица Киевская, дом 136<br>\r\n295047, г. Симферополь, ул. Маршала Василевского, д. 2А<br>\r\n295050, город Симферополь, улица Кечкеметская, дом 1<br>\r\n295053, город Симферополь, ул. Киевская, д. 3/ ул. Гурзуфская, д.1<br>\r\n295493, г. Симферополь, пер. Марсовый, 7<br>\r\n296012, г. Армянск, ул. Симферопольская, д. 9<br>\r\n296100, г. Джанкой, ул. Карла Маркса, д. 8<br>\r\n296100, г. Джанкой, ул. Крымская, д. 35<br>\r\n296400, пгт.Черноморское, ул.Кирова, д.7/5<br>\r\n296500, город Саки, ул. Советская, 27<br>\r\n297000, пгт.Красногвардейское, ул.Чкалова, 19, пом.35<br>\r\n297200, п.Советский, ул.Первомайская, 4433<br>\r\n297300, пгт. Кировское, ул. Школьная, д. 5-а<br>\r\n297402, Россия, г. Евпатория, ул. Революции, дом 69/16<br>\r\n297407, город Евпатория, проспект Победы, 23<br>\r\n297407, г. Евпатория, пр-кт Победы, д. 59е, пом. 17, пом. 12<br>\r\n297408, г. Евпатория, ул. Интернациональная, д. 124-г<br>\r\n297412, г. Евпатория, улица Некрасова, дом 41<br>\r\n297513, Симферопольский район, п.Гвардейское, ул. Кооперативная, дом 1<br>\r\n297600, город Белогорск, улица Луначарского, дом 45<br>\r\n298000, город Судак, улица Ленина, дом 40<br>\r\n298100, г.Феодосия, ул. Галерейная, дом 13, помещение 89<br>\r\n298100, г.Феодосия, ул.Земская, 17<br>\r\n298112, город Феодосия, бульвар Старшинова, дом 27<br>\r\n298114, г. Феодосия, бульвар Старшинова, д. 8а<br>\r\n298176, г. Феодосия, пгт. Приморский, ул. Южная, 13, пом. 10-н<br>\r\n298184, г.Феодосия, пгт.Орджоникидзе, ул.Ленина, 10<br>\r\n298186, г. Феодосия, пгт. Коктебель, ул. Ленина, 100-б<br>\r\n298200, пгт.Ленино, ул.Пушкина, 75<br>\r\n298300, г. Керчь, ул. Козлова, д. 5<br>\r\n298300, г. Керчь, ул. Ленина, 22 а<br>\r\n298300, г. Керчь, ул. Советская, 15<br>\r\n298302, г. Керчь, ул. Курсантов, д. 20<br>\r\n298309, город Керчь, улица Орджоникидзе, дом 117<br>\r\n298329, г. Керчь, ул. Ворошилова, 5<br>\r\n298403, Бахчисарайский район, город Бахчисарай, улица Фрунзе, дом 26-б<br>\r\n298404, город Бахчисарай, ул. Фрунзе, 46<br>\r\n298517, г. Алушта, ул.Хромых В., д.11<br>\r\n298600, г. Ялта, ул. Карла Маркса, 9/2<br>\r\n298600, г. Ялта, ул. Набережная им. Ленина/переулок Черноморский, 27/1<br>\r\n298600, город Ялта, улица Рузвельта Ф., 12А<br>\r\n298612, г. Ялта, ул. Московская, д. 31 а<br>\r\n298635, г. Ялта, ул. Гоголя, дом. 24<br>\r\n298637, город Ялта, улица Большевистская, дом 10 (4 этаж)<br>\r\n298640, г. Ялта, пгт. Гурзуф, ул. Чехова, 1<br>\r\n298640, пгт. Гурзуф, ул. Подвойского (пер. Лесной), д. 19<br>\r\n298676, город Алупка, улица М.Ф. Фрунзе (ул. им. Кирова), дом No7','2016-04-28 00:00:00','NEWS',1,10341),(7,'За 10 дней на прием в Госкомрегистр записалось более 50 тысяч человек — Александр Спиридонов','','За 10 дней на прием в Государственный комитет по государственной регистрации и кадастру Республики Крым записалось более 50 тысяч человек. Председатель Госкомрегистра Александр Спиридонов подвел итоги предварительной записи в мае.\r\n«В день открытия (29 апреля) мы рассчитывали на поступление 45 тысяч заявок в электронной системе. Однако текущая запись побила и прошлый рекорд и наши ожидания. По состоянию на 10 мая свободные даты остаются еще в трех территориальных отделах: Керченском, Ялтинском и Армянском», - рассказал руководитель ведомства.\r\n<br>\r\nВопросы, относительно записи на прием в комитет, можно задать по специальным телефонам «горячей линии» ведомства: <b>+79781085365, +79782282974, +79782282970, +79782283043</b>. \r\n<br>\r\nЕдиный номер многоканальной справочной службы Госкомрегистра: (3652) 66-74-00.\r\n<br>\r\nАлександр Спиридонов также отметил, что открытие следующего периода предварительной записи планируется на 24 июня.\r\nНапомним, помимо предварительной записи документы в Госкомрегистр можно сдать через отделения МФЦ или в электронном виде через портал Росреестра.','2016-05-11 00:00:00','NEWS',1,7382);
/*!40000 ALTER TABLE `news` ENABLE KEYS */;
UNLOCK TABLES;

--
-- Table structure for table `news_images`
--

DROP TABLE IF EXISTS `news_images`;
/*!40101 SET @saved_cs_client     = @@character_set_client */;
/*!40101 SET character_set_client = utf8 */;
CREATE TABLE `news_images` (
  `news_id` bigint(20) NOT NULL COMMENT '?????? ?? ???????',
  `images_id` bigint(20) NOT NULL COMMENT '?????? ?? URL ????????',
  PRIMARY KEY (`news_id`,`images_id`),
  KEY `fk_news` (`news_id`),
  KEY `fk_images` (`images_id`),
  CONSTRAINT `fk_images` FOREIGN KEY (`images_id`) REFERENCES `images` (`images_id`),
  CONSTRAINT `fk_news` FOREIGN KEY (`news_id`) REFERENCES `news` (`news_id`)
) ENGINE=InnoDB DEFAULT CHARSET=utf8 COMMENT='??????? ?????? ???????? ? ?????????';
/*!40101 SET character_set_client = @saved_cs_client */;

--
-- Dumping data for table `news_images`
--

LOCK TABLES `news_images` WRITE;
/*!40000 ALTER TABLE `news_images` DISABLE KEYS */;
INSERT INTO `news_images` VALUES (1,1),(1,2),(2,3),(2,4),(2,5),(2,6),(2,7),(3,8),(3,9),(3,10),(3,11),(3,12),(3,13),(3,14),(3,15),(5,17),(6,25),(7,26);
/*!40000 ALTER TABLE `news_images` ENABLE KEYS */;
UNLOCK TABLES;

--
-- Table structure for table `registrator_departments`
--

DROP TABLE IF EXISTS `registrator_departments`;
/*!40101 SET @saved_cs_client     = @@character_set_client */;
/*!40101 SET character_set_client = utf8 */;
CREATE TABLE `registrator_departments` (
  `id` int(11) NOT NULL AUTO_INCREMENT,
  `name` varchar(255) NOT NULL,
  `address` varchar(255) NOT NULL DEFAULT '',
  `organization_id` int(11) NOT NULL,
  PRIMARY KEY (`id`),
  KEY `fk_registrator_departments__registrator_organizations` (`organization_id`),
  CONSTRAINT `fk_registrator_departments__registrator_organizations` FOREIGN KEY (`organization_id`) REFERENCES `registrator_organizations` (`id`) ON DELETE CASCADE ON UPDATE CASCADE
) ENGINE=InnoDB AUTO_INCREMENT=923 DEFAULT CHARSET=utf8;
/*!40101 SET character_set_client = @saved_cs_client */;

--
-- Dumping data for table `registrator_departments`
--

LOCK TABLES `registrator_departments` WRITE;
/*!40000 ALTER TABLE `registrator_departments` DISABLE KEYS */;
INSERT INTO `registrator_departments` VALUES (45,'Операционный офис РНКБ №274','295034, г. Симферополь, пр-т Победы, д. 26',1),(46,'Операционный офис РНКБ №265','295026, г. Симферополь, ул. Гагарина, 35',1),(47,'Операционный офис РНКБ №213','295034, г. Симферополь, пр-т Победы, д.8',1),(51,'Операционный офис РНКБ №156','295000,г. Симферополь пр Кирова 29/ ул Ленина 1,',1),(52,'Операционный офис РНКБ №138','295022, г. Симферополь, пр.Победы 208-Б',1),(57,'Операционный офис РНКБ №48','295000, г. Симферополь, ул. Набережная, д.32',1),(59,'Головной офис РНКБ','295000, г. Симферополь, ул. Горького, д. 5',1),(60,'Операционный офис РНКБ №266','295034, г. Симферополь, проспект Кирова, дом 10/переулок Пионерский, дом 2',1),(62,'Операционный офис РНКБ №1 ','298612, г. Ялта, ул. Киевская, д. 56',1),(65,'Операционный офис РНКБ №70','298112, г. Феодосия, ул. Крымская, д. 66, пом. 2-Н',1),(69,'Операционный офис РНКБ №84','297000, пгт. Красногвардейское, ул. Тельмана, д. 20',1),(71,'Операционный офис РНКБ №91','298302, г. Керчь, ул. Мирошника, д.3',1),(72,'Операционный офис РНКБ №93','298517, г. Алушта, ул. Ялтинская, д.1',1),(74,'Операционный офис РНКБ №96','298300, г. Керчь, ул. Ленина, д.5',1),(77,'Операционный офис РНКБ №102','298300, г. Керчь, ул. Козлова, д. 10',1),(78,'Операционный офис РНКБ №103','298300, г. Судак, ул. Ленина, д. 40',1),(81,'Операционный офис РНКБ №112','29500, г. Алушта, ул. Ленина , 5-в',1),(83,'Операционный офис РНКБ №134','298100, г. Феодосия, ул. Генерала Горбачева, д. 2 а',1),(84,'Операционный офис РНКБ №154','298300, г. Керчь, ул. Ленина, д. 44',1),(85,'Операционный офис РНКБ №157','295000, г. Симферополь, ул. Киевская/Фрунзе 6/36',1),(86,'Операционный офис РНКБ №163','296000, г. Красноперекопск, ул. Спортивная, д. 8 а',1),(87,'Операционный офис РНКБ №216','296108, г. Джанкой, ул. Октябрьская, д. 22',1),(89,'Операционный офис РНКБ №222','296000, г. Красноперекопск, ул. Менделеева, д. 26 а',1),(91,'Операционный офис РНКБ №232','295000, г. Симферополь, ул. Г.Аджимушкая, д. 1     ',1),(92,'Операционный офис РНКБ №260','297400, г. Евпатория ул. Революции 61/4/8',1),(93,'Операционный офис РНКБ №261','297406, г. Евпатория, ул. Фрунзе, дом 65А',1),(94,'Операционный офис РНКБ №259','298500, г. Алушта, ул.Ленина, д. 5В',1),(95,'Операционный офис РНКБ №51','297600, г. Белогорск ул. Чобан Заде/Мирошниченко,24/10',1),(97,'Операционный офис РНКБ №178','298635 г. Ялта ул. Пальмиро Тольятти 15Б',1),(103,'Операционный офис РНКБ №153','297300, пгт. Кировское, ул. Кирова, д.15',1),(108,'Операционный офис РНКБ №80','298100, г. Феодосия, ул. Федько, д. 1',1),(112,'Операционный офис РНКБ №242','298100, г.Феодосия, пгт Щебетовка, ул.Ленина, д. 20',1),(114,'Операционный офис РНКБ №52','298000,г.Судак ,ул. Гагарина, 2',1),(115,'Операционный офис РНКБ №272','298100, г. Феодосия, ул.Земская, д.6',1),(122,'Операционный офис РНКБ №104','298600, г. Ялта, ул. Московская/Дзержинского,47/2',1),(124,'Операционный офис РНКБ №270','298300, г. Керчь, улица Ленина, д.17',1),(130,'Операционный офис РНКБ №287','295000, г.Симферополь, ул.Пушкина д.12',1),(131,'Операционный офис РНКБ №85','295000, г. Симферополь, ул. Пушкина, 32',1),(133,'Операционный офис РНКБ №90','295000, г. Симферополь, ул. Севастопольская, д.68а',1),(138,'Операционный офис РНКБ №215','298000, г.Судак ,ул. Октябрьская, 4',1),(141,'Операционный офис РНКБ №13','295015, г. Симферополь, ул.Севастопольская д.27',1),(143,'Операционный офис РНКБ №267','295000, г. Симферополь, ул. Пушкина 7/К.Маркса 12',1),(144,'Операционный офис РНКБ','нет данных',1),(146,'Ботаничское сельское  поселение','Республика Крым, Раздольненский р-н, с. Ботаническое, ул. Победы, 1',3),(147,'Славновское сельское поселение','Республика Крым, Раздольненский р-н, с. Славное, ул. Ленина, 12',3),(148,'ДО Симферополь','г. Симферополь, ул. Чеховаул. Караимская, 9/10',2),(149,'ДО 4 Симферополь','г. Симферополь, ул. Пушкина, дом 1 / ул. А.Невского, дом 2',2),(150,'ДО 14 Симферополь','г. Симферополь, пр. Кирова/ул. Горького, 32/1',2),(151,'ДО 18  Симферополь ','г.Симферополь, пр. Кирова, 30/ул. Горького, 2',2),(152,'ДО 20 Симферополь','г. Симферополь, ул. Самокиша, 20',2),(153,'ДО 21 Симферополь','г. Симферополь, б-р Ленина, 5/7, учебный корпус №2-А',2),(154,'ДО21 Симферополь','г. Симферополь, б-р Ленина, 5/7, учебный корпус №2-А',2),(155,'ДО 22 Симферополь','г.Симферополь, ул. Гоголя, 13 / ул. Героев Аджимушкая, 6.',2),(156,'ДО 23 Симферополь','г. Симферополь, ул. Маршала Василевского, д. 2А',2),(157,'ДО 02 Симферополь','г. Симферополь, ул.Куйбышева, 1А',2),(158,'ДО 07 Симферополь','г. Симферополь, пр. Кирова, дом 19А',2),(159,'ДО 13 Симферополь','г.Симферополь, ул. Павленко, д. 11',2),(160,'ДО Белогорск','г. Белогорск, улица Луначарского, дом 45',2),(161,'ДО 10 Симферополь','г.Симферополь, ул. Кечкеметская, 198',2),(162,'ДО 11 Симферополь','г. Симферополь, ул.Киевская,136',2),(163,'Головной офис','г. Симферополь, ул. Севастопольская, 13',2),(164,'ДО3 Симферополь','г. Симферополь, ул. Севастопольская/ул. Чехова, д. 20/1',2),(165,'ДО 6 Симферополь','г. Симферополь, улица Кечкеметская, дом 1',2),(166,'ДО 8 Симферополь','пер. Северный 21 А',2),(167,'ДО 9 Симферополь','г. Симферополь, пр. Победы, дом 209д, помещения 2, 3, 4, 5, 6',2),(168,'ДО 12 Симферополь','г. Симферополь, улица Горького, дом 32',2),(169,'ДО 15 Симферополь','г. Симферополь, ул. 60 лет Октября/ул. Баррикадная, 17/65',2),(170,'ДО 16 Симферополь','г. Симферополь, пер. Марсовый, 7',2),(171,'ДО 19 Симферополь','г. Симферополь, ул. Менделеева, 15/ул. Набережная, 49',2),(172,'ДО Саки','г.Саки ул.Советская д.27',2),(173,'ДО «Евпатория 2»','г. Евпатория, ул. Интернациональная, 124г',2),(174,'ДО \"Алушта\"','г.Алушта, ул. Хромых В., д. 11',2),(175,'ДО «Евпатория 4»','г. Евпатория, улица Некрасова, дом 41',2),(176,'ДО «Саки»','г.Саки, ул. Советская, 27',2),(177,'ДО Евпатория-7','г. Евпатория, пр-кт Победы, д. 59е, пом. 17, пом. 12',2),(178,'ДО Керчь 5','г. Керчь, ул. Курсантов, 20',2),(179,'Головной офис Генбанка','г. Симферополь, ул. Севастопольская, 13',2),(180,'ДО Ленино','пгт.Ленино, ул,Пушкина, д.75',2),(181,'ДО Керчь4','г. Керчь, ул. Ленина,22 а',2),(182,'ДО Судак','г. Судак, улица Ленина, дом 40',2),(183,'ДО Кировское','пгт. Кировское, ул. Школьная, д. 5-а',2),(184,'ДО Гвардейское','пгт. Гвардейское. Ул. Карла Маркса, 7',2),(185,'ДО \"Черноморское\"','пгт. Черноморское, ул. Кирова, д. 7/5',2),(186,'ДО Армянск','г. Армянск ул. Симферопольская, д.9, пом. 143',2),(187,'ДО «Черноморское»','пгт. Черноморское, ул. Кирова, д. 7/5',2),(188,'ДО \"Джанкой\"',' г. Джанкой, ул. Крымская, д. 35',2),(189,'ДО Джанкой 2','г. Джанкой К. Маркса к. 8',2),(190,'ДО  Джанкой2','г. Джанкой К. Маркса к. 8',2),(191,'ДО Феодосия 3','г.Феодосия, ул. Земская, 17',2),(192,'ДО Феодосия',' г.Феодосия, ул. Галерейная, дом 13, помещение 89',2),(193,'ДО \"Бахчисарай2 \"','г. Бахчисарай ул. Фрунзе 46',2),(194,'ДО Бахчисарай','г. Бахчисарай, ул. Фрунзе, 34-а ',2),(195,'ДО 17 Симферополь','г. Симферополь, ул. Киевская, д. 3/ ул. Гурзуфская, д. 1',2),(196,' ДО \"Бахчисарай2\"','г. Бахчисарай, ул. Фрунзе, 46',2),(197,'ДО Приморский','пгт. Приморский, ул. Южная, 10-н',2),(198,'ДО Алупка','г. Ялта, г. Алупка, ул. Фрунзе М.Ф. (ул. им. Кирова), дом 7',2),(199,'ДО 2 Симферополь',' г.Симферополь, ул. Куйбышева, дом 1-а',2),(200,'ДО Симферополь 25','г.Симферополь, пл. Аэропорта 6, офис 21-22',2),(201,'ДО Красноперекопск','г. Красноперекопск, ул. Толбухина, д.25',2),(202,'ДО 5 Симферополь','г.Симферополь, переулок Элеваторный, 16',2),(203,'ДО 3 Симферополь','г. Симферополь, ул. Севастопольская/ул. Чехова, д. 20/1',2),(204,'ДО Евпатория 3','г. Евпатория, ул. Революции, дом 69/16',2),(205,'ДО Джанкой -2','г. Джанкой К. Маркса к. 8',2),(206,'ДО Красногвардейское','пгт.Красногвардейское,ул.Чкалова,д19',2),(207,'ДО Генбанк нет данных','нет данных',2),(208,'МУП Мойнаки','нет данных',3),(209,'Администрация Раздольненского с/п','нет данных',3),(210,'Братский с\\с Красноперекопского района','нет данных',3),(211,'Черновское с\\п Первомайского района','нет данных',3),(212,'Воинский с\\с Красноперекопского района','нет данных',3),(213,'Оленевское с\\п Черноморского района','нет данных',3),(214,'Красноярское с\\п Черноморского района','нет данных',3),(215,'Ровновское с\\п Красногвардейского района','нет данных',3),(216,'Петровское с\\п Красногвардейского района','нет данных',3),(217,'г. Армянск','нет данных',3),(218,'Роскошненское с\\п Джанкойского района','нет данных',3),(219,'Александровское с\\п Красногвардейского района','нет данных',3),(220,'Акимовское с\\п Нижнегорского района','нет данных',3),(221,'Алексеевское с\\п Первомайского района','нет данных',3),(222,'Мирновское с\\п Джанкойского района','нет данных',3),(223,'пгт. Форос, Ялта','нет данных',3),(224,'г. Алупка, Ялта','нет данных',3),(225,'Администрация Урожайновского с/п ,Респ Крым','Симферопольский р-н, с. Урожайное, ул Школьная, 2.',3),(226,'Николаевское с\\п Симферопольского района','нет данных',3),(227,'нет данных','нет данных',3),(228,'Ароматненское с\\п бахчисарайского района','нет данных',3),(229,'Дрофинское с\\п Нижнегорского района','нет данных',3),(230,'Азовское с\\п Джанкойского района','нет данных',3),(231,'Администрация Багеровского сельского совета Ленинского района, ','298227 Республика Крым Ленинский район, пгт. Багерово, ул. Парковая 1',3),(232,'г. Белогорск','нет данных',3),(233,'Администрация Белинского сельского поселения Ленинского района Республики Крым','298224 Республика Крым Ленинский район село Новоотрадное улица Центральная, 16',3),(234,'Администрация Березовского сельского поселения','296260 Республика Крым раздольненский район с.Березовка ул.Гагарина д.52',3),(235,'Куйбышевское с\\п бахчисарайского района','нет данных',3),(236,'Богатовское поселение Белогорского района','нет данных',3),(237,'Просторненское с\\п Джанкойского района','нет данных',3),(238,'Береговая сельская администрация г.Феодосии','нет данных',3),(239,'Чайкинское с\\п Джанкойского района','нет данных',3),(240,'Администрация Чапаевского сельского поселения Советского района','с.Чапаевка  ул.40 лет Победы,д.10.',3),(241,'Пятихатское с\\п Красногвардейского района','нет данных',3),(242,'Администрация Челядиновского сельского поселения','ул. Почтовая, 17а, с. Челядиново',3),(243,'Октябрьское с\\п Первомайского района','симферопольский район, с.доброе, ул.40 лет Победы, 11 ',3),(244,'Чернопольевское поселение Белогорского района','нет данных',3),(245,'Администрации Чистенского сельского поселения Симферопольского района Республики Крым','297570, РК, Симферопольский р-н, с. Чистенькое, ул. Советская, 25',3),(246,'Чкаловское с\\п Нижнегорского района','нет данных',3),(247,'Насыпновская сельская администрация г.Феодосии','нет данных',3),(248,'Администрация Далековского сельского поселения Черноморского района ','с.Далёкое ул Советская 40',3),(249,'г. Судак','нет данных',3),(250,'Администрация Дмитровского сельского поселения Советского района Республики Крым','297210, РеспубликаКрым, Советский район, с. Дмитровка, ул. Львовская, дом 7 корпус Б,',3),(251,'Добрушинское с\\п Сакского района','нет данных',3),(252,'Муниципальное Унитарное Предприятие «Донузлав» городского округа Евпатории Республики Крым','297491, Республика Крым, г.Евпатория, пгт.Новоозерное ул.Героев Десантников д.9а',3),(253,'Зоркинское с\\п Нижнегорского района','нет данных',3),(254,'Красноармейский с\\с Красноперекопского района','нет данных',3),(255,'Новопавловский с\\с Красноперекопского района','нет данных',3),(256,'Емельяновское с\\п Нижнегорского района','нет данных',3),(257,'Администрация Дрофиновского сельского поселения Нижнегорского района','с.Дрофино ул Садовая 9',3),(258,'Филатовский с\\с Красноперекопского района','нет данных',3),(259,'Зареченское с\\п Джанкойского района','нет данных',3),(260,'Железнодорожненское с\\п бахчисарайского района','нет данных',3),(261,'Тенистовское с\\п бахчисарайского района','нет данных',3),(262,'Жемчужинское с\\п Нижнегорского района','нет данных',3),(263,'Администрация Глазовского сельского поселения Ленинского района Республики Крым',' 298220, Республика Крым, Ленинский район, с. Глазовка, ул. Караханяна, 21',3),(264,'Администрация Горностаевского сельского поселения, Ленинского района','ул.Ленина д7, 298241',3),(265,'Щебетовская поселкова администрация г.Феодосии','нет данных',3),(266,'Новофедоровское с\\п Сакского района','нет данных',3),(267,'пгт. Гурзуф, Ялта','нет данных',3),(268,'Гвардейское с\\п Первомайского района','нет данных',3),(269,'Полтавское с\\п Красногвардейского района','нет данных',3),(270,'Администрация Ильичёвского сельского поселения Советского района','Советский район с. Ильичёво ул. Дзержинского 28А',3),(271,'Ишунский с\\с Красноперекопского района','нет данных',3),(272,'Целинное с\\п Джанкойского района','нет данных',3),(273,'Администрация кукушкинского сельского поселения Раздольненского района','с.Кукушкино ул Школьная41,Раздольненский район',3),(274,'Ивановское с\\п Сакского района','нет данных',3),(275,'Ивановское с\\п Нижнегорского района','нет данных',3),(276,'Изобильненское с\\п Нижнегорского района','нет данных',3),(277,'Изобильненский территориальный орган Администрации города Алушты Республики Крым,','г. Алушта, с. Изобильное, ул. Центральная , 1 . ',3),(278,'Изумрудновское с\\п Джанкойского района','нет данных',3),(279,'Яснополянское с\\с Джанкойского района','нет данных',3),(280,'Кашатановсое с\\п бахчисарайского района','нет данных',3),(281,'Калиновское сельское поселение ','c.Калиновка',3),(282,'Колодезянское с\\п Красногвардейского района','ул. Ленина 49, с. Колодезное',3),(283,'Кировский сельский совет Кировского района','298234 с. Кирово, ул Ленина 27',3),(284,'Кировское с\\п Черноморского района','нет данных',3),(285,'Клепининское с\\п Красногвардейского района','нет данных',3),(286,'Красномакское с\\п Бахчисарайского района','нет данных',3),(287,'Коктебельская поселкова администрация г.Феодосии','нет данных',3),(288,'Администрация Тенистовского сельского поселения Бахчисарайского района Республики Крым','Бахчисарайский район с. Тенистое ул. Заречная, 15',3),(289,'Кольцовское с\\п Сакского района','нет данных',3),(290,'Кондратьевское с\\п Джанкойского района','нет данных',3),(291,'Кормовское с\\п Первомайского района','нет данных',3),(292,'Косточковское с\\п Нижнегорского района','нет данных',3),(293,'Виноградовское с\\п Сакского района','нет данных',3),(294,'Администрация Краснофлотского сельского поселения Советского района Республики Крым','Советский район, с.Краснофлотское пер. Садовый, 6',3),(295,'Краснознаменское с\\п Красногвардейского района','нет данных',3),(296,'Крайненское с\\п Сакского района','нет данных',3),(297,'Администрация Пожарского сельского поселения','Симферопольский район, с. Пожарское, ул. Победы, 89',3),(298,'Крымское с\\п Сакского района','нет данных',3),(299,'Крестьяновское с\\п Первомайского района','нет данных',3),(300,'Приморская поселкова администрация г.Феодосии','нет данных',3),(301,'Зеленогорское поселение Белогорского района','нет данных',3),(302,'пгт. Массандра, Ялта','нет данных',3),(303,'Черноземненское с\\п Советского района','с.Черноземное ул Львовская6',3),(304,'Ленинское с\\п Ленинского района','нет данных',3),(305,'Администрации Ленинского сельского поселения','298232; Республика Крым, Ленинский район, с. Ленинское, ул. Школьная, дом9',3),(306,'Льговский Сельсовет.','Кировский р-н с.Льговское ул Мичурина 52',3),(307,'Льговское с\\п Кировского района','нет данных',3),(308,'Краснополянское с\\п Черноморского района','нет данных',3),(309,'Амурское с\\п Красногвардейского района','нет данных',3),(310,'Лиственское с\\п Нижнегорского района','нет данных',3),(311,'Лобановское с\\п Джанкойского района','нет данных',3),(312,'Лучистовский территориальный орган администрации','г.Алушта с.Лучистое, ул.Шоссейная,22',3),(313,'Чистопольского сельского поселения Ленинского района Республики Крым',' 298225, Республика Крым, Ленинский район, с. Чистополье, ул. братьев Лохматовых, 39',3),(314,'Администрация Луговского сельского поселения Ленинского района','нет данных',3),(315,'Луганское с\\п Джанкойского района','нет данных',3),(316,'Магазинский с\\с Красноперекопского района','нет данных',3),(317,'Масловское с\\п Джанкойского района','нет данных',3),(318,'Маломаякский территориальный орган.','г. Алушта, с.Малый Маяк,ул.Кооперативная.д.8',3),(319,'Администрация Мазанского сельского поселения',' с.Мазанка, ул.Школьная, д.1',3),(320,'Администрация Марьевского сельского поселения, Ленинского района, РК',' РК, Ленинский район, с. Марьевка, ул. Горького, 3 индекс: 298246',3),(321,'Медведевское с\\п Черноморского района','нет данных',3),(322,'Межводненское с\\п Черноморского района','нет данных',3),(323,'Мельничное поселение Белогорского района','нет данных',3),(324,'Администрация Октябрьског сельского поселения Ленинского района','с Октябрьское ул Центральная25',3),(325,'через Администрацию Мичуринского сельского поселения Белогорского района','нет данных',3),(326,'Митрофановское с\\п Нижнегорского района','нет данных',3),(327,'Митяевское с\\п Сакского района','нет данных',3),(328,'Михайловское сельское поселение Нижнегорского','С.Михайловка ул Черфаса 30',3),(329,'Молочненское с\\п Сакского района','нет данных',3),(330,'Молодежненское с\\п Симферопольского района','нет данных',3),(331,'г. Керчь','нет данных',3),(332,'Медведевское с\\п Джанкойского района','нет данных',3),(333,'Ароматненсоке поселение Белогорского района','нет данных',3),(334,'Малореченский Территориальный орган Администрации города Алушта','г. Алушта, с. Малореченское, ул. Фруктовая, 1а',3),(335,'Муниципальное унитарное предприятие \"Управком \"Космос\" городского округа Евпатория Республики Крым','г. Евпатория ул 9мая 47',3),(336,'?? Форме приказа','нет данных',3),(337,'Муромский сельский совет','с.Муромское ул Центральная',3),(338,'Муниципальное унитарное предприятие «Управком «Черноморец» городского округа Евпатория Республики Крым:','297403, Республика Крым, г. Евпатория, пр. Победы, 10а ',3),(339,'Муромское поселение Белогорского района','нет данных',3),(340,'пгт. Гаспра, Ялта','нет данных',3),(341,'Мирноское с\\п Симферопольского района','нет данных',3),(342,'Администрация Некрасовского сельского поселения Советского района','с.Некрасовка ул Советская 33',3),(343,'Новогригорьевское с\\п Нижнегорского района','нет данных',3),(344,'Новоивановское с\\п Черноморского района','нет данных',3),(345,'Новожиловское поселение Белогорского района','нет данных',3),(346,'администрация Новоселовского сельского совета Симферопольского района','с.Новоселовка ул Комсомольская 26',3),(347,'Администрация Новоселовского сельского поселения Раздольненского района Республики Крым','пгт.Новоселовское ул.40 лет Победы, 39.',3),(348,'Новосельское с\\п Черноморского района','нет данных',3),(349,'Охотниковское с\\п Сакского района','нет данных',3),(350,'Охотское с\\п Нижнегорского района','нет данных',3),(351,'Гришинское с\\п Первомайского района','нет данных',3),(352,'Вишневский с\\с Красноперекопского района','нет данных',3),(353,'Ильинский с\\с Красноперекопского района','нет данных',3),(354,'Белогорское поселение Белогорского района','нет данных',3),(355,'пгт. Симеиз, Ялта','нет данных',3),(356,'Орджоникидзевская поселкова администрация г.Феодосии','нет данных',3),(357,'администрации Останинского сельского поселения','298230, Республика Крым, Ленинский район, с. Останино, ул. Титаренко, 1Б',3),(358,'Островское с\\п Первомайского района','нет данных',3),(359,'Пахаревское с\\п Джанкойского района','нет данных',3),(360,'Партизанское с\\п Кировского района','нет данных',3),(361,'Администрация Перовского сельского поселения','297560, Симферопольский район, с.Перово, ул.Школьная,7',3),(362,'Первомайское с\\п Кировского района','нет данных',3),(363,'Администрация  Первомайского сельского поселения Симферопольского района республики Крым','нет данных',3),(364,'Первомайское с\\п Первомайского района','нет данных',3),(365,'Песчановское с\\п бахчисарайского района','нет данных',3),(366,'Администрация Завет-Ленинского сельского поселения Джанкойского района','Джанкойский р-н, с.Завет-Ленинский, ул. Шевченко',3),(367,'Плодовское с\\п бахчисарайского района','нет данных',3),(368,'Победненское с\\п Джанкойского района','нет данных',3),(369,'Окуневское с\\п Черноморского района','нет данных',3),(370,'Почтовское с\\п бахчисарайского района','нет данных',3),(371,'Новопокровское с\\п Красногвардейского района','нет данных',3),(372,'Красногвардейское сельское поселение Красногвардейского района','нет данных',3),(373,'Администрация Правдовского сельского поселения Первомайского района, Республики Крым,','296310, Республика Крым, Первомайский район, с.Правда, ул.Школьная,33а, тел. 95-4-31',3),(374,'Администраци Приозёрновского сельского поселения Ленинского района Республики крым','298242,  РК, Ленинский р-н, с.Приозерное, ул.Школьная, 78а',3),(375,'Приветненский территориальный орган администрации города Алушта','298521, РК, г. Алушта, с. Приветное, ул. Ленина 13',3),(376,'Лесновское с\\п Сакского района','нет данных',3),(377,'Администрация Прудовского сельского поселения Советского района','Советский район с.Пруды, ул Октябрьская 32',3),(378,'Пшеничненское с\\п Нижнегорского района','нет данных',3),(379,'Администрация Пушкинского сельского поселеня Советского района','с.Пушкино ул Первомайская 1а',3),(380,'Фрунзенское с\\п Сакского района','нет данных',3),(381,'Новокрымское с\\п Джанкойского района','нет данных',3),(382,'Долиненское с\\п бахчисарайского района','нет данных',3),(383,'Майское с\\п Джанкойского района','нет данных',3),(384,'пгт. Кореиз, Ялта','нет данных',3),(385,'Ромашкинское с\\п Сакского района','нет данных',3),(386,'Рощинское с\\п Джанкойского района','нет данных',3),(387,'Садовское с\\п Нижнегорского района','нет данных',3),(388,'Сарыбашское с\\п Первомайского района','нет данных',3),(389,'Русаковское поселение Белогорского района','нет данных',3),(390,'Администрация Мысовского сельского поселения Ленинского района Республики Крым','298210, РК, Ленинский район, с.Мысовое, ул.Анджиевского, д.37',3),(391,'Вересаевское с\\п Сакского района','нет данных',3),(392,'Серебрянское с\\п Раздольненского района','нет данных',3),(393,'Штормовское с\\п Сакского района','нет данных',3),(394,'Курское поселение Белогорского района','нет данных',3),(395,'Синицынское с\\п Кировского района','нет данных',3),(396,'Сизовское с\\п Сакского района','нет данных',3),(397,'Скалистовское с\\п бахчисарайского района','нет данных',3),(398,'Администрация Словянского сельского поселения Раздольненского района','с.Славянское, пер. Школьный д. 3, Раздольненского района т. 065-53-94-221, 94-218__',3),(399,'Абрикосовское с\\п Кировского района','нет данных',3),(400,'Администрация Красногвардейского сельского поселения','Республика Крым, Советский район, с.Красногвардейское, ул. 60 лет Советской Армии ,3',3),(401,'Калининское с\\п Красногвардейского района','нет данных',3),(402,'Криниченское поселение Белогорского района','нет данных',3),(403,'Котельниковское с\\п Красногвардейского района','нет данных',3),(404,'Виноградненское сельское поселене Ленинского района ','с.Виноградное ул Мичурина 30',3),(405,'Марьяновское с\\п Красногвардейского района','нет данных',3),(406,'Найденовское с\\п Красногвардейского района','нет данных',3),(407,'Октябрьское с\\п Красногвардейского района','нет данных',3),(408,'Воробьевское с\\п Сакского района','нет данных',3),(409,'Зиминское с\\п Раздольненского района','нет данных',3),(410,'Совхозненский с\\с Красноперекопского района','нет данных',3),(411,'Крымскорозовское поселение Белогорского района','нет данных',3),(412,'Стахановское с\\п Первомайского района','нет данных',3),(413,'Приветненское с\\п Кировского района','нет данных',3),(414,'Степновское с\\п Первомайского района','нет данных',3),(415,'Столбовское с\\п Сакского района','нет данных',3),(416,'Голубинское с\\п бахчисарайского района','нет данных',3),(417,'Сусанинское с\\п Первомайского района','нет данных',3),(418,'Марфовское с\\п','298244, Республика Крым, Ленинский район, с.Марфовка , ул. Ленина, д. 13А.',3),(420,'Новониколаевского сельского поселения Ленинского района','с.Новониколаевка    298240,  ул. Октябрьская, 18а ',3),(421,'Почетненский с\\с Красноперекопского района','нет данных',3),(422,'Табачненское с\\п бахчисарайского района','нет данных',3),(423,'Табачненское с\\п Джанкойского района','нет данных',3),(424,'Стальненское с\\п Джанкойского района','нет данных',3),(425,'Абрикосовское с\\п Первомайского района','нет данных',3),(426,'Орловский с\\с Красноперекопского района','нет данных',3),(427,'Янтарненское с\\п Красногвардейского района','нет данных',3),(428,'Токаревское с\\п Кировского района','нет данных',3),(429,'Администрация Трудовского сельского поселения Симферопольского района','Республика Крым, Симферопольский район, с.Трудовое, ул.Зеленая,1В',3),(430,'Цветочное поселение Белогорского района','нет данных',3),(431,'Угловское с\\п бахчисарайского района','нет данных',3),(432,'Администрация Скворцовского сельского поселения','с. Скворцово, ул. Калинина, д. 59',3),(433,'Укромновское сельское поселение Симферопольского района','нет данных',3),(434,'Администрация Урожайновского сельского поселения Советского района','с.Урожайное ул Мира 82а',3),(435,'Уютненское с\\п Сакского района','нет данных',3),(436,'Уваровское с\\п Нижнегорского района','нет данных',3),(437,'Администрация Уваровского сельского совета ленинского района','Ул Кугатова11',3),(438,'Геройское с\\п Сакского района','нет данных',3),(439,'Васильевское поселение Белогорского района','нет данных',3),(440,'Веселовское с\\п Сакского района','нет данных',3),(441,'Ермаковское с\\п Джанкойского района','нет данных',3),(442,'Вилинское с\\п бахчисарайского района','нет данных',3),(443,'Вольновское с\\п Джанкойского района','нет данных',3),(444,'Вишенское сельское поселение Белогорского района','нет данных',3),(445,'Владиславовское с\\п Кировского района','нет данных',3),(446,'Администрация Войковского сельского поселения Первомайского района Республики Крым','Первомайский район, с. Войково, ул.Ленина, №2',3),(447,'Восходненское с\\п Красногвардейского района','нет данных',3),(448,'Верхореченское с\\п бахчисарайского района','нет данных',3),(449,'Ярковское с\\п Джанкойского района','нет данных',3),(450,'Яркополенское с\\п Кировского района','нет данных',3),(451,'Яркополенское с\\п Джанкойского района','нет данных',3),(452,'Ленинское с\\п Красногвардейского района','нет данных',3),(453,'Администрация Заветненского сельского поселения Советского района Республики Крым','297223, Республика Крым, Советский р-н, с.Заветное, ул.Октябрьская, 30',3),(454,'Зеленовское с\\п бахчисарайского района','нет данных',3),(455,'Земляничное поселение Белогорского района','нет данных',3),(456,'Зуйское поселение Белогорского района','нет данных',3),(457,'Зерновское с\\п Красногвардейского района','нет данных',3),(458,'Зерновское с\\п Сакского района','нет данных',3),(459,'Желябовское с\\п Нижнегорского района','нет данных',3),(460,'МУНИЦИПАЛЬНОЕ УНИТАРНОЕ ПРЕДПРИЯТИЕ \"УПРАВКОМ \"СТАРЫЙ ГОРОД\" ГОРОДСКОГО ОКРУГА ЕВПАТОРИЯ','297402 РЕСПУБЛИКА КРЫМ ГОРОД ЕВПАТОРИЯ УЛИЦА ПЕРЕКОПСКАЯ ДОМ 8',3),(461,'Журавское с\\п Кировского района','нет данных',3),(462,'Золотополенское с\\п Кировского района','нет данных',3),(463,'Зыбинское поселение Белогорского района','нет данных',3),(464,'МУП Управком \"Пионер\" городского округа Евпатория','Евпатория, ул. Конституции, 5А',3),(465,'Светловское с\\п Джанкойского района','нет данных',3),(466,'ДО \"Ялта 3\"','нет данных',2),(473,'6','298612, г. Алушта, ул.Ленина 27 А',1),(474,'7','298612, г. Алушта, ул.Ялтинская 1',1),(475,'8','295000,г.Симферополь,ул. Воровского,д65',1),(477,'10','298300, г.Керчь ул. Козлова д. 10',1),(478,'11','298400, г. Бахчисарай, ул.Ракитского, д. 1',1),(479,'12','295000, Россия, Республика Крым Симферополь, ул. Киевская д.83',1),(480,'13','295015, г. Симферополь, ул. Севастопольская, д. 27',1),(483,'16','г. Симферополь, ул. Пушкина, 32',1),(487,'20','Республика Крым, Симферопольский р-н, с.Новоандреевка, ул.Киевская, д.64',1),(491,'24','г. Феодосия, ул.Шаумяна 3, г. Феодосия',1),(492,'25','г.Феодосия ул.Федько 1',1),(493,'26','Г. СУДАК, УЛ.ГАГАРИНА, Д. 2',1),(495,'28','г. Феодосия, ул. Земская, д. 6',1),(500,'33','297400, г.Евпатория, ул. Фрунзе, д.65А',1),(503,'36','Операционный офис №42 РНКБ Банк (ПАО)',1),(506,'39','296000, г. Красноперекопск, микрорайон-2, д.16/4',1),(507,'40','296200, Раздольненский район, пгт. Раздольное, ул. Ленина, д. 50',1),(510,'3','298404, Бахчисарайский район, г. Бахчисарай, ул. Фрунзе, д. 38',1),(511,'4','295006, г. Симферополь,ул. Карла Маркса/Толстого, д.33/10',1),(513,'27','Г. СУДАК, УЛ.ГАГАРИНА, Д. 2',1),(516,'Жураслевский с/с, Симферопольский ра-н','ул. Мира, 40, село Журавлевка, Симферопольский район',3),(517,'ДО «Ялта 7»','Неизвестен',2),(518,'Операционный офис РНКБ №131','298612, г.Ялта, ул.Маршака, д.6',1),(519,'Евпаторийская городская администрация','297408 , Российская Федерация, Республика Крым, г. Евпатория, пр. Ленина, д.2',3),(520,'Ручьевский Раздольненского района','с Ручьи, ул Титова2 ',3),(521,'Администрация Крымковского с/п,  Джанкойского р-на','с.Крымка, ул.Школьная, д.5',3),(522,'Администрация Семисотского с\\ п Ленинского района','298214 с. Семисотка, ул. Гагарина, 10',3),(523,'Администрация Гвардейского с\\п Симферопольского района','пгт. Гвардейское, ул. Карла Маркса, 63',3),(524,'Ильичевское с\\п Ленинского района','с. Ильичево',3),(525,'Кольчугинское с\\п ','с.Кольчугино',3),(526,'Ореховского с\\п Сакского района',' с. Орехово ул. Виноградная 23',3),(527,'Калининское  с\\п Первомайский р-н','с.Калинино, ул Школьная 33а',3),(528,'Администрация Чернышевского с\\п Раздольненского района','с. Чернышево, пер Кирова 6-а',3),(529,'ДО Симферополь2','Симферополь ул Куйбышева 1-а',2),(530,'Администрация Широковского с\\п Симферопольского района','с.Широкое ул Октябрьская3',3),(532,'руководитель территориального органа администрации города Судака в селах Морское, Громовка, Междуречье, Ворон','моб. +7-978-84-89-660 раб. +7-36566-38-008',3),(533,'МУП Заозерное','тел./факс 2-25-08, бухгалтерия 2-15-39 ',3),(534,'ДО Феодосия4','г.Феодосия,б.Старшинова,8а',2),(537,'Операционный офис РНКБ №87','298600, г. Ялта, ул. Ленина, д.17',1),(539,'Операционный офис РНКБ №10','298100, г.Феодосия, ул. Советская, д.13, пом. № 1-Н',1),(546,'ДО Евпатория 4','г. Евпатория, улица Некрасова, дом 41',2),(547,'ДО Евпатория','г.  Евпатория, проспект Победы, 23',2),(548,'ДО \"Ялта\"','г. Ялта, ул. Гоголя, 24',2),(549,'ДО \"Ялта 2\"','г. Ялта, ул. Московская, д.31а',2),(550,'ДО Ялта 3','г. Ялта, улица Большевистская, дом 10 (4 этаж)',2),(551,'ДО Ялта4','г.Ялта ул.Рузвельта Ф. д.12А',2),(552,'ДО Ялта 5','г. Ялта, наб. им. Ленина/пер. Черноморский 27/1',2),(573,'ДО Коктебель','пгт. Коктебель. Ул. Ленина 100-б',2),(574,'ДО\"Орджоникидзе\"','пгт. Орджоникидзе ул. Ленина 10',2),(576,'ДО \"Гурзуф2\"','пгт.Гурзуф ул.Подвойского д.19',2),(579,'ДО  Алупка','г. Алупка ул. Фрунзе д. 7',2),(582,'ДО \"Симферополь\"','г. Симферополь, ул. Чехова/ ул.Караимская, д. 9/10',2),(588,'ОО № 57','Красногвардейский р-н, пгт Красногвардейское, ул.Фрунзе,д.24',1),(589,'ОО №100','Г.ДЖАНКОЙ УЛ.КРЫМСКАЯ,Д.55/2',1),(590,'ОО №214','пгт.Октябрьское ул.Ленина,59',1),(592,'ОО№216','г.Джанкой ул.Октябрьская ,22',1),(604,'273.0','298500, г. Алушта, ул. Вл. Хромых, 21-а',1),(631,'ОО№10','г. Феодосия, ул. Советская, д.13, пом. № 1-Н',1),(635,'ОО№52','г.Судак ,ул. Гагарина, 2',1),(653,'ОО№134','г.Феодосия ,ул.Генерала Горбачева , д.2-а',1),(659,'ОО№152','Респ.Крым,г.Старый Крым,ул.Ленина, 145-А',1),(666,'ОО№242','г.Феодосия, пгт Щебетовка, ул.Ленина, д. 20',1),(687,'ОО №47','г.Армянск ул.Симферопольская, 3',1),(693,'ОО№ 163 РНКБ Банк (ПАО)','Республика Крым, г.Красноперекопск, ул.Спортивная 8А',1),(696,'Операционный офис № 95','Республика Крым, г.Армянск ул.Симферопольская, 4а',1),(698,'114','295034, г. Симферополь,ул. К.Маркса/Толстого д. 33/10',1),(701,'115','295034, г. Симферополь, ул Тренёва 1 Б',1),(704,'130','295017, г. Симферополь, пр-т Кирова, д. 39/ ул. Набережная д. 35 (пр-т Кирова д. 41)',1),(715,'157','295057,г. Симферополь, ул. Киевская/Фрунзе 6/36',1),(726,'213','295034, г. Симферополь, пр-т Победы, д.8',1),(735,'232','295000,г.Симферополь,ул Героев Аджимушкая 1',1),(737,'233','295034, г. Симферополь, Киевская, д.55а',1),(741,'267','295000, г. Симферополь, Ул. Пушкина, д.7 / ул. К. Маркса, д.12',1),(742,'274','295000, г. Симферополь, бул. Ленина/ул. Гагарина, д. 15/1',1),(745,'287','295000, г.Симферополь, ул.Пушкина д.12',1),(750,'48','295000, г. Симферополь,ул. Набережная, д. 32',1),(753,'51','297600, г.Белогорск ул. Чобан Заде/Мирошниченко,24/10',1),(756,'54','295044, г. Симферополь, ул Залесская, д. 76',1),(759,'56','295034, г. Симферополь, ул. Киевская, д. 83',1),(762,'64','297546, Симферопольский р-н, пгт Николаевка, ул Набережная, 1',1),(765,'76','297513 Симферопольский р-н, п. Гвардейское ул. Ленина, д. 1а',1),(768,'85','295000, г. Симферополь, пр-т Кирова 28',1),(775,'ОО № 210','г.Евпатория, ул.Матвеева, д.16а',1),(795,'ОО № 260','г. Евпатория, ул. Революции, 61/4/8',1),(799,'Добровское с\\п','297571 Симферопольский район, с.Доброе, ул. 40 лет Победы, 11',3),(800,'ОО 105','ПГТ.НИЖНЕГОРСКИЙ УЛ Победы 87',1),(801,'ОО 108','ПГТ.СОВЕТСКИЙ УЛ.ПЕРВОМАЙСКАЯ 46',1),(802,'ОО №84','пгт.Красногвардейское ул Тельмана,20',1),(804,'ОО№35','г.Джанкой ул.Крымская д.37',1),(805,'227.0','298600, г. Ялта, ул. Московская, д.3',1),(806,'178.0','298635, г. Ялта, ул. П.Тольятти, д. 15 Б',1),(807,'87.0','298600, г. Ялта, ул. Ленина, д.17',1),(808,'1.0','298600, г. Ялта, ул.Киевская,д.56',1),(809,'112.0','298612, г. Алушта, ул. Ленина, д. 27 А',1),(810,'259.0','298500, г. Алушта, ул. Ленина, д. 5 В,',1),(811,'93.0','298517, г. Алушта, ул. Ялтинская, д.1',1),(812,'104.0','298600, г. Ялта, ул. Московская/Дзержинского, 47/2',1),(813,'ОО № 227','298600, г. Ялта, ул. Московская, д. 3',1),(815,'ОО № 112','298512, г. Алушта, ул. Ленина, д. 27 А',1),(816,'ОО № 93','298517, г. Алушта, ул. Ялтинская, д.1',1),(817,'ОО № 87','298600, г. Ялта, ул. Ленина, д.17',1),(818,'ОО № 102','г. Керчь, ул.Козлова , 10',1),(819,'ОО №82','пгт.Ленино ул.Пушкина,д.42',1),(820,'ОО № 9','Керчь ул.Кирова,25',1),(822,'ОО № 178','298635, г. Ялта, ул. П.Тольятти, д. 15 Б',1),(823,'ОО№70','г. Феодосия, ул. Крымская, д.66, пом. 2-Н',1),(824,'ОО№71','г. Феодосия, пгт Приморский, ул. Железнодорожная, д. 5',1),(825,'ОО№80','г. Феодосия, ул. Федько, д. 1',1),(826,'ОО№103','г.Судак, ул. Ленина, д.40',1),(827,'ОО№151','г. Феодосия , ул. Коробкова, д. 2а',1),(828,'ОО№153','пгт. Кировское, ул. Кирова, д.15',1),(829,'ОО№240','г.Феодосия, ул. Крымская, д. 84',1),(830,'ОО№251','Кировский р-н., с. Золотое поле, ул.Центральная 7',1),(831,'ОО№272','г.Феодосия, ул.Земская,6',1),(832,'ОО № 32','г.Красноперекопск, мкр.1, д.8/11',1),(833,'ОО № 106','пгт.Первомайское, ул.Ленина, д.64',1),(834,'ОО № 107','296200, Респ. Крым, Раздольненский р-н, пгт. Раздольное, ул. Ленина, д. 50',1),(835,'ОО № 167','пгт.Раздольное,ул.Ленина,41',1),(836,'ОО № 222','296000 Р Крым,г. Красноперекопск, ул. Менделеева, д. 26а',1),(837,'Операционный офис № 96','Республика Крым, г.Армянск ул.Симферопольская, 4а',1),(838,'111','298400, г. Бахчисарай, ул. Фрунзе,38',1),(839,'116','295000, г. Симферополь, ул. М.Василевского, д.2',1),(840,'138','295000, г. Симферополь, пр-т Победы, д. 208 Б',1),(841,'139','295000,г. Симферополь, ул. Большевитская/Пролетарская, 28/9',1),(842,'140','Респ. Крым, г. Симферополь, ул. Джанкойская/Ракетная 85/28',1),(843,'265','295026, г. Симферополь, ул. Гагарина, 35',1),(844,'156','295000, г. Симферополь, ул. Кирова/Ленина 29/1',1),(845,'169','295493, г. Симферополь, п.ГРЭС, ул.Яблочкова, д.18',1),(846,'176','295034, г. Симферополь, пр-т Победы, д. 26',1),(847,'189','295492  г.Симферополь пгт Аграрное ул.Спортивная 10',1),(848,'212','295000, г. Симферополь, ул. Горького, д. 14',1),(849,'288','295000,г.Симферополь, ул.Севастопольская, д.30/7',1),(850,'231','298404, г. Симферополь, ул. Севастопольская, д. 22/2',1),(851,'266','295000, г.Симферополь, пр-т Кирова, 10/пер.Пионерский, 2',1),(852,'285','295000, г. Симферополь, ул. Кечкеметская, д. 1',1),(853,'81','295048, г. Симферополь, ул. Залесская, 68',1),(854,'89','295000, г. Симферополь, пр-т Победы, д. 220',1),(855,'90','295000, г. Симферополь, ул.Севастопольская, д.68',1),(856,'ОО8','г. Симферополь,ул. Воровского ,65',1),(857,'ОО 90','295000, г. Симферополь, ул.Севастопольская, д.68',1),(858,'ОО 56','295034, г. Симферополь,ул. Киевская 83',1),(859,'ОО 130','295000, г. Симферополь, пр-кт Кирова, 41',1),(860,'ОО 156','295034, г. Симферополь, пр-т Кирова 29/ул Ленина 1',1),(861,'191','295043, г. Симферополь, ул.Гагарина, д. 34',1),(862,'231.0','298404, г. Симферополь, ул. Севастопольская, д. 22/2',1),(863,'ОО № 218','Г. ЕВПАТОРИЯ УЛ. ДМ.УЛЬЯНОВА Д.8',1),(864,'ОО № 097','пгт.Черноморское, ул. Революции, 7',1),(865,'ОО № 079','г.Саки ул.Пионерская 1',1),(866,'ОО № 088','г.Евпатория, пр-т Победы, 4а',1),(867,'ОО № 109','Черноморское ул.Кирова д.43',1),(868,'ОО № 172','г.Саки, ул.Советская, д.23',1),(869,'ОО № 204','г.Евпатория,пгт. Мирный, ул Сырникова, д 26',1),(870,'ОО № 101','г. Евпатория, ул. Интернациональная, д.115',1),(871,'ОО № 261','297412, г. Евпатория, ул. Фрунзе, д. 65А',1),(874,'ОО № 131','298635, г. Ялта, ул. Маршака, д. 6',1),(878,'ОО №240','Респ. Крым, г.Феодосия, ул.Крымская, 84',1),(893,'ОО 115','295034, г. Симферополь, ул Тренёва 1 Б',1),(900,'ОО № 259','298500, г. Алушта, ул. Ленина, д. 5 В,',1),(901,'ОО № 273','298500, г. Алушта, ул. Вл. Хромых, 21а',1),(902,'ОО№84','пгт.Красногвардейское ул Тельмана,20',1),(903,'ОО №70','Респ.Крым,г.Феодосия,ул.Крымская ,66 помещ.2-Н',1),(904,'ОО №272','Респ.Крым,г.Феодосия ул.Земская, 6',1),(905,'ОО № 91','г. Керчь,ул.Мирошника, д. 3',1),(906,'ОО № 270','г. Керчь,ул. Ленина, 17',1),(907,'ОО №107','296200, Респ. Крым Раздольненский р-н, пгт. Раздольное, ул. Лненина, д. 50',1),(908,'ОО 111','298400 г.Бахчисарай, ул.Фрунзе,38',1),(909,'ОО 169','295000 п.ГРЭС, ул.Яблочкова 18',1),(910,'ОО 11','298400, г. Бахчисарай, ул.Ракитского, д. 1',1),(911,'ОО 266','295000г.Симферополь, пр.Кирова/пер.Пионерский, 10/2',1),(912,'ОО 48','295000, г. Симферополь,ул. Набережная, д. 32',1),(913,'ОО 212','295000 г. Симферополь. Ул. Горького 14',1),(914,'ОО 232','295000 г.Симферополь, ул. Г.Аджимушкая 1',1),(915,'ОО 54','295044, г. Симферополь, ул Залесская, д. 76',1),(916,'ОО 138','295000, г. Симферополь, пр-т Победы, д. 208 Б',1),(917,'ОО 274','295000, г. Симферополь, бул. Ленина / ул. Гагарина, д. 15/1',1),(918,'ОО 85','295000, г. Симферополь, пр-т Кирова 28',1),(919,'ОО 285','295000 г.Симферополь, ул. Кечкеметская 1',1),(920,'ОО№44','Респ.Крым,г.Феодосия ул.Шаумяна,3',1),(921,'ДО 5 Симферополь ','г.Симферополь, пер.Элеваторный,д.16',2),(922,'Красногорского с\\п Ленинского района','Красногорск',3);
/*!40000 ALTER TABLE `registrator_departments` ENABLE KEYS */;
UNLOCK TABLES;

--
-- Table structure for table `registrator_organizations`
--

DROP TABLE IF EXISTS `registrator_organizations`;
/*!40101 SET @saved_cs_client     = @@character_set_client */;
/*!40101 SET character_set_client = utf8 */;
CREATE TABLE `registrator_organizations` (
  `id` int(11) NOT NULL AUTO_INCREMENT,
  `name` varchar(100) NOT NULL,
  PRIMARY KEY (`id`)
) ENGINE=InnoDB AUTO_INCREMENT=4 DEFAULT CHARSET=utf8;
/*!40101 SET character_set_client = @saved_cs_client */;

--
-- Dumping data for table `registrator_organizations`
--

LOCK TABLES `registrator_organizations` WRITE;
/*!40000 ALTER TABLE `registrator_organizations` DISABLE KEYS */;
INSERT INTO `registrator_organizations` VALUES (1,'РНКБ'),(2,'Генбанк'),(3,'Сельсовет');
/*!40000 ALTER TABLE `registrator_organizations` ENABLE KEYS */;
UNLOCK TABLES;

--
-- Table structure for table `reports`
--

DROP TABLE IF EXISTS `reports`;
/*!40101 SET @saved_cs_client     = @@character_set_client */;
/*!40101 SET character_set_client = utf8 */;
CREATE TABLE `reports` (
  `id` bigint(20) NOT NULL AUTO_INCREMENT,
  `name` varchar(255) NOT NULL COMMENT 'Название отчета, выводимое пользователю.',
  `className` varchar(150) NOT NULL COMMENT 'Класс формирования отчета. Полное наименование класса с пакетами.',
  `template` varchar(150) NOT NULL COMMENT 'Шаблон отчета. Хранится в отдельном пакете в jar.',
  `href` varchar(150) NOT NULL COMMENT 'Ссылка на отчет в index.html. Без расширения типа файла.',
  PRIMARY KEY (`id`,`href`)
) ENGINE=InnoDB AUTO_INCREMENT=16 DEFAULT CHARSET=utf8 COMMENT='Зарегистрированные аналитические отчеты.';
/*!40101 SET character_set_client = @saved_cs_client */;

--
-- Dumping data for table `reports`
--

LOCK TABLES `reports` WRITE;
/*!40000 ALTER TABLE `reports` DISABLE KEYS */;
INSERT INTO `reports` VALUES (1,'Статистический отчет в разрезе услуг за период','ru.apertum.qsystem.reports.formirovators.StatisticServices','/ru/apertum/qsystem/reports/templates/statisticServicesPeriod.jasper','statistic_period_services'),(2,'Статистический отчет в разрезе персонала за период','ru.apertum.qsystem.reports.formirovators.StatisticUsers','/ru/apertum/qsystem/reports/templates/statisticUsersPeriod.jasper','statistic_period_users'),(3,'Отчет по распределению клиентов по виду услуг за период','ru.apertum.qsystem.reports.formirovators.RatioServices','/ru/apertum/qsystem/reports/templates/ratioServicesPeriod.jasper','ratio_period_services'),(4,'Распределение нагрузки внутри дня','ru.apertum.qsystem.reports.formirovators.DistributionJobDay','/ru/apertum/qsystem/reports/templates/DistributionJobDay.jasper','distribution_job_day'),(5,'Распределение нагрузки внутри дня для услуги','ru.apertum.qsystem.reports.formirovators.DistributionJobDayServices','/ru/apertum/qsystem/reports/templates/DistributionJobDayServices.jasper','distribution_job_services'),(6,'Распределение нагрузки внутри дня для пользователя','ru.apertum.qsystem.reports.formirovators.DistributionJobDayUsers','/ru/apertum/qsystem/reports/templates/DistributionJobDayUsers.jasper','distribution_job_users'),(7,'Распределение среднего времени ожидания внутри дня','ru.apertum.qsystem.reports.formirovators.DistributionWaitDay','/ru/apertum/qsystem/reports/templates/DistributionWaitDay.jasper','distribution_wait_day'),(8,'Распределение среднего времени ожидания внутри дня для услуги','ru.apertum.qsystem.reports.formirovators.DistributionWaitDayServices','/ru/apertum/qsystem/reports/templates/DistributionWaitDayServices.jasper','distribution_wait_services'),(9,'Распределение среднего времени ожидания внутри дня для пользователя','ru.apertum.qsystem.reports.formirovators.DistributionWaitDayUsers','/ru/apertum/qsystem/reports/templates/DistributionWaitDayUsers.jasper','distribution_wait_users'),(10,'Статистический отчет по отзывам клиентов за период','ru.apertum.qsystem.reports.formirovators.ResponsesReport','/ru/apertum/qsystem/reports/templates/responsesReport.jasper','statistic_period_responses'),(11,'Статистический отчет распределения активности клиентов за период','ru.apertum.qsystem.reports.formirovators.ResponsesDateReport','/ru/apertum/qsystem/reports/templates/responsesDateReport.jasper','statistic_period_date_responses'),(12,'Отчет по предварительно зарегистрированным клиентам на дату','ru.apertum.qsystem.reports.formirovators.DistributionMedDayServices','/ru/apertum/qsystem/reports/templates/DistributionMedDayServices.jasper','distribution_med_services'),(13,'Отчет по авторизованным персонам за период для пользователя','ru.apertum.qsystem.reports.formirovators.AuthorizedClientsPeriodUsers','/ru/apertum/qsystem/reports/templates/AuthorizedClientsPeriodUsers.jasper','authorized_clients_period_users'),(14,'Отчет по авторизованным персонам за период для услуги','ru.apertum.qsystem.reports.formirovators.AuthorizedClientsPeriodServices','/ru/apertum/qsystem/reports/templates/AuthorizedClientsPeriodServices.jasper','authorized_clients_period_services'),(15,'Отчет по результатам работы за период в разрезе услуг','ru.apertum.qsystem.reports.formirovators.ResultStateServices','/ru/apertum/qsystem/reports/templates/resultStateServicesPeriod.jasper','result_state_services');
/*!40000 ALTER TABLE `reports` ENABLE KEYS */;
UNLOCK TABLES;

--
-- Table structure for table `request_count`
--

DROP TABLE IF EXISTS `request_count`;
/*!40101 SET @saved_cs_client     = @@character_set_client */;
/*!40101 SET character_set_client = utf8 */;
CREATE TABLE `request_count` (
  `request_counter_id` bigint(20) NOT NULL AUTO_INCREMENT,
  `reg_counter` bigint(20) NOT NULL DEFAULT '0' COMMENT 'Счетчик регистраций',
  `login_counter` bigint(20) NOT NULL DEFAULT '0' COMMENT 'Счетчик успешных логинов',
  `print_counter` bigint(20) NOT NULL DEFAULT '0' COMMENT 'Счетчик генерации талона для печати',
  `home_page` bigint(20) NOT NULL DEFAULT '0' COMMENT 'Счетчик входа на домашнюю страницу',
  `time_counter` bigint(20) NOT NULL DEFAULT '0' COMMENT 'Счетчик запроса получения свободного времени',
  `adress_counter` bigint(20) NOT NULL DEFAULT '0' COMMENT 'Счетчик запроса адреса недвижимости',
  `queue_counter` bigint(20) NOT NULL DEFAULT '0' COMMENT 'Счетчик постановки в чередь',
  `write_date` timestamp NOT NULL DEFAULT CURRENT_TIMESTAMP ON UPDATE CURRENT_TIMESTAMP COMMENT 'Дата и время записи',
  PRIMARY KEY (`request_counter_id`)
) ENGINE=InnoDB AUTO_INCREMENT=132676 DEFAULT CHARSET=utf8 COMMENT='Таблица счетчиков';
/*!40101 SET character_set_client = @saved_cs_client */;

--
-- Dumping data for table `request_count`
--

LOCK TABLES `request_count` WRITE;
/*!40000 ALTER TABLE `request_count` DISABLE KEYS */;
/*!40000 ALTER TABLE `request_count` ENABLE KEYS */;
UNLOCK TABLES;

--
-- Table structure for table `response_event`
--

DROP TABLE IF EXISTS `response_event`;
/*!40101 SET @saved_cs_client     = @@character_set_client */;
/*!40101 SET character_set_client = utf8 */;
CREATE TABLE `response_event` (
  `id` bigint(20) NOT NULL AUTO_INCREMENT,
  `resp_date` datetime NOT NULL COMMENT 'Дата отклика',
  `response_id` bigint(20) NOT NULL,
  `services_id` bigint(20) DEFAULT NULL,
  `users_id` bigint(20) DEFAULT NULL,
  `clients_id` bigint(20) DEFAULT NULL COMMENT 'Клиент оставивший отзыв',
  `client_data` varchar(245) NOT NULL DEFAULT '',
  PRIMARY KEY (`id`),
  KEY `idx_response_date_responses` (`response_id`),
  KEY `idx_response_event_services` (`services_id`),
  KEY `idx_response_event_users` (`users_id`),
  KEY `idx_response_event_clients` (`clients_id`),
  CONSTRAINT `fk_response_date_responses` FOREIGN KEY (`response_id`) REFERENCES `responses` (`id`) ON DELETE CASCADE ON UPDATE CASCADE,
  CONSTRAINT `fk_response_event_clients` FOREIGN KEY (`clients_id`) REFERENCES `clients` (`id`) ON DELETE CASCADE ON UPDATE CASCADE,
  CONSTRAINT `fk_response_event_services` FOREIGN KEY (`services_id`) REFERENCES `services` (`id`) ON DELETE CASCADE ON UPDATE CASCADE,
  CONSTRAINT `fk_response_event_users` FOREIGN KEY (`users_id`) REFERENCES `users` (`id`) ON DELETE CASCADE ON UPDATE CASCADE
) ENGINE=InnoDB DEFAULT CHARSET=utf8 COMMENT='Даты оставленных отзывов.';
/*!40101 SET character_set_client = @saved_cs_client */;

--
-- Dumping data for table `response_event`
--

LOCK TABLES `response_event` WRITE;
/*!40000 ALTER TABLE `response_event` DISABLE KEYS */;
/*!40000 ALTER TABLE `response_event` ENABLE KEYS */;
UNLOCK TABLES;

--
-- Table structure for table `responses`
--

DROP TABLE IF EXISTS `responses`;
/*!40101 SET @saved_cs_client     = @@character_set_client */;
/*!40101 SET character_set_client = utf8 */;
CREATE TABLE `responses` (
  `id` bigint(20) NOT NULL AUTO_INCREMENT,
  `name` varchar(100) NOT NULL DEFAULT '',
  `text` varchar(5000) NOT NULL DEFAULT '',
  PRIMARY KEY (`id`)
) ENGINE=InnoDB AUTO_INCREMENT=6 DEFAULT CHARSET=utf8 COMMENT='Список отзывов в отратной связи';
/*!40101 SET character_set_client = @saved_cs_client */;

--
-- Dumping data for table `responses`
--

LOCK TABLES `responses` WRITE;
/*!40000 ALTER TABLE `responses` DISABLE KEYS */;
INSERT INTO `responses` VALUES (1,'Отлично','<html><b><p align=center><span style=\'font-size:20.0pt;color:green\'>Отлично</span></b>'),(2,'Хорошо','<html><b><p align=center><span style=\'font-size:20.0pt;color:green\'>Хорошо</span></b>'),(3,'Удовлетворительно','<html><b><p align=center><span style=\'font-size:20.0pt;color:green\'>Удовлетворительно</span></b>'),(4,'Плохо','<html><b><p align=center><span style=\'font-size:20.0pt;color:green\'>Плохо</span></b>'),(5,'Отвратительно','<html><b><p align=center><span style=\'font-size:20.0pt;color:green\'>Отвратительно</span></b>');
/*!40000 ALTER TABLE `responses` ENABLE KEYS */;
UNLOCK TABLES;

--
-- Table structure for table `results`
--

DROP TABLE IF EXISTS `results`;
/*!40101 SET @saved_cs_client     = @@character_set_client */;
/*!40101 SET character_set_client = utf8 */;
CREATE TABLE `results` (
  `id` bigint(20) NOT NULL AUTO_INCREMENT,
  `name` varchar(150) NOT NULL DEFAULT '' COMMENT 'Текст результата',
  PRIMARY KEY (`id`)
) ENGINE=InnoDB AUTO_INCREMENT=3 DEFAULT CHARSET=utf8 COMMENT='Справочник результатов работы с клиентом';
/*!40101 SET character_set_client = @saved_cs_client */;

--
-- Dumping data for table `results`
--

LOCK TABLES `results` WRITE;
/*!40000 ALTER TABLE `results` DISABLE KEYS */;
INSERT INTO `results` VALUES (1,'Обращение отработано'),(2,'Невозможно отработать');
/*!40000 ALTER TABLE `results` ENABLE KEYS */;
UNLOCK TABLES;

--
-- Table structure for table `schedule`
--

DROP TABLE IF EXISTS `schedule`;
/*!40101 SET @saved_cs_client     = @@character_set_client */;
/*!40101 SET character_set_client = utf8 */;
CREATE TABLE `schedule` (
  `id` bigint(20) NOT NULL AUTO_INCREMENT,
  `name` varchar(150) NOT NULL DEFAULT '' COMMENT 'Наименование плана',
  `type` int(11) NOT NULL DEFAULT '0' COMMENT 'Тип плана\n0 - недельный\n1 - четные/нечетные дни',
  `time_begin_1` time DEFAULT NULL COMMENT 'Время начала работы',
  `time_end_1` time DEFAULT NULL COMMENT 'Время завершения работы',
  `time_begin_2` time DEFAULT NULL,
  `time_end_2` time DEFAULT NULL,
  `time_begin_3` time DEFAULT NULL,
  `time_end_3` time DEFAULT NULL,
  `time_begin_4` time DEFAULT NULL,
  `time_end_4` time DEFAULT NULL,
  `time_begin_5` time DEFAULT NULL,
  `time_end_5` time DEFAULT NULL,
  `time_begin_6` time DEFAULT NULL,
  `time_end_6` time DEFAULT NULL,
  `time_begin_7` time DEFAULT NULL,
  `time_end_7` time DEFAULT NULL,
  `breaks_id1` bigint(20) DEFAULT NULL,
  `breaks_id2` bigint(20) DEFAULT NULL,
  `breaks_id3` bigint(20) DEFAULT NULL,
  `breaks_id4` bigint(20) DEFAULT NULL,
  `breaks_id5` bigint(20) DEFAULT NULL,
  `breaks_id6` bigint(20) DEFAULT NULL,
  `breaks_id7` bigint(20) DEFAULT NULL,
  PRIMARY KEY (`id`),
  KEY `idx_schedule_breaks1` (`breaks_id1`),
  KEY `idx_schedule_breaks2` (`breaks_id2`),
  KEY `idx_schedule_breaks3` (`breaks_id7`),
  KEY `idx_schedule_breaks4` (`breaks_id3`),
  KEY `idx_schedule_breaks5` (`breaks_id4`),
  KEY `idx_schedule_breaks6` (`breaks_id5`),
  KEY `idx_schedule_breaks7` (`breaks_id6`),
  CONSTRAINT `FK_4une9j12dnc6xfude9sc791il` FOREIGN KEY (`breaks_id4`) REFERENCES `break` (`id`),
  CONSTRAINT `FK_4wciwt11fqs2qkslw2of3rtum` FOREIGN KEY (`breaks_id3`) REFERENCES `break` (`id`),
  CONSTRAINT `FK_d8a1wkiy92sjbcgjypkieqe6f` FOREIGN KEY (`breaks_id6`) REFERENCES `break` (`id`),
  CONSTRAINT `FK_dvtpt093jdy4v2m6lx8a1iq8g` FOREIGN KEY (`breaks_id1`) REFERENCES `break` (`id`),
  CONSTRAINT `FK_hcnov9pnghhs0jqh9nbgp02b8` FOREIGN KEY (`breaks_id7`) REFERENCES `break` (`id`),
  CONSTRAINT `FK_kr8gml0ayutl4fp4rxqdye4vl` FOREIGN KEY (`breaks_id2`) REFERENCES `break` (`id`),
  CONSTRAINT `FK_s0ktnp7xb3p269v7h0r5o2bu0` FOREIGN KEY (`breaks_id5`) REFERENCES `break` (`id`)
) ENGINE=InnoDB AUTO_INCREMENT=32 DEFAULT CHARSET=utf8 COMMENT='Справочник расписаний для услуг';
/*!40101 SET character_set_client = @saved_cs_client */;

--
-- Dumping data for table `schedule`
--

LOCK TABLES `schedule` WRITE;
/*!40000 ALTER TABLE `schedule` DISABLE KEYS */;
INSERT INTO `schedule` VALUES (1,'Центральный аппарт Госкомрегистр (Симф)',0,NULL,NULL,'08:00:00','20:00:00','09:00:00','18:00:00','09:00:00','20:00:00','09:00:00','16:00:00','09:00:00','13:00:00',NULL,NULL,NULL,1,7,8,9,NULL,NULL),(2,'алушта',0,NULL,NULL,'08:00:00','20:00:00','09:00:00','18:00:00','09:00:00','20:00:00','09:00:00','16:00:00','09:00:00','13:00:00',NULL,NULL,NULL,2,28,29,30,NULL,NULL),(3,'армянск',0,NULL,NULL,'08:00:00','20:00:00','09:00:00','18:00:00',NULL,NULL,'09:00:00','16:00:00','09:00:00','13:00:00',NULL,NULL,NULL,31,32,33,34,NULL,NULL),(4,'бахчисарай',0,NULL,NULL,'08:00:00','20:00:00','09:00:00','18:00:00','09:00:00','20:00:00','09:00:00','16:00:00','09:00:00','13:00:00',NULL,NULL,NULL,38,37,36,35,NULL,NULL),(5,'белогорск',0,'09:00:00','19:00:00','09:00:00','19:00:00','09:00:00','19:00:00','09:00:00','19:00:00','09:00:00','19:00:00','09:00:00','19:00:00','09:00:00','19:00:00',3,3,3,3,3,3,3),(6,'джанкой',0,NULL,NULL,'08:00:00','19:00:00','09:00:00','17:00:00','09:00:00','19:00:00','09:00:00','15:00:00','09:00:00','12:00:00',NULL,NULL,NULL,46,45,44,43,NULL,NULL),(7,'евпатория',0,NULL,NULL,'08:00:00','17:00:00','08:00:00','17:00:00','08:00:00','17:00:00','08:00:00','17:00:00','08:00:00','16:00:00',NULL,NULL,NULL,3,24,25,26,NULL,NULL),(8,'керчь',0,NULL,NULL,'08:00:00','20:00:00','09:00:00','18:00:00','09:00:00','20:00:00','09:00:00','16:00:00','09:00:00','13:00:00',NULL,NULL,NULL,47,48,49,50,NULL,NULL),(9,'гвардейское',0,NULL,NULL,'09:00:00','19:00:00','09:00:00','17:00:00','09:00:00','19:00:00','09:00:00','15:00:00','09:00:00','12:00:00',NULL,NULL,NULL,54,53,52,51,NULL,NULL),(10,'кировское',0,NULL,NULL,'08:00:00','20:00:00','09:00:00','18:00:00','09:00:00','20:00:00','09:00:00','16:00:00','09:00:00','13:00:00',NULL,NULL,NULL,55,65,66,64,NULL,NULL),(11,'красноперекопск',0,NULL,NULL,'08:00:00','20:00:00','09:00:00','18:00:00','09:00:00','20:00:00','09:00:00','16:00:00','09:00:00','13:00:00',NULL,NULL,NULL,56,70,67,63,NULL,NULL),(12,'ленино',0,NULL,NULL,'08:00:00','20:00:00','09:00:00','18:00:00','09:00:00','20:00:00','09:00:00','16:00:00','09:00:00','13:00:00',NULL,NULL,NULL,57,69,68,62,NULL,NULL),(13,'нижнегорский',0,NULL,NULL,'08:00:00','20:00:00','09:00:00','18:00:00','09:00:00','20:00:00','09:00:00','16:00:00','09:00:00','13:00:00',NULL,NULL,NULL,58,59,60,61,NULL,NULL),(14,'первомайское',0,NULL,NULL,'08:00:00','20:00:00','09:00:00','18:00:00','09:00:00','20:00:00','09:00:00','16:00:00','09:00:00','13:00:00',NULL,NULL,NULL,71,72,73,74,NULL,NULL),(15,'раздольное',0,NULL,NULL,'08:00:00','19:00:00','09:00:00','18:00:00','09:00:00','19:00:00','09:00:00','16:00:00','09:00:00','13:00:00',NULL,NULL,NULL,77,80,81,75,NULL,NULL),(16,'советское',0,NULL,NULL,'08:00:00','20:00:00','09:00:00','18:00:00','09:00:00','20:00:00','09:00:00','16:00:00','09:00:00','13:00:00',NULL,NULL,NULL,78,79,82,76,NULL,NULL),(17,'саки',0,NULL,NULL,'08:00:00','18:00:00','09:00:00','18:00:00','09:00:00','18:00:00','09:00:00','16:00:00','09:00:00','13:00:00',NULL,NULL,NULL,6,17,18,19,NULL,NULL),(18,'судак',0,'09:00:00','19:00:00','09:00:00','19:00:00','09:00:00','19:00:00','09:00:00','19:00:00','09:00:00','19:00:00','09:00:00','19:00:00','09:00:00','19:00:00',3,3,3,3,3,3,3),(19,'феодосия',0,'09:00:00','19:00:00','09:00:00','19:00:00','09:00:00','19:00:00','09:00:00','19:00:00','09:00:00','19:00:00','09:00:00','19:00:00','09:00:00','19:00:00',3,3,3,3,3,3,3),(20,'черноморское',0,NULL,NULL,'08:00:00','20:00:00','09:00:00','18:00:00','09:00:00','20:00:00','09:00:00','16:00:00','09:00:00','13:00:00',NULL,NULL,NULL,86,87,88,89,NULL,NULL),(21,'ялта',0,NULL,NULL,'08:00:00','19:45:00','09:00:00','17:45:00','08:00:00','19:45:00','09:00:00','16:00:00','09:00:00','12:45:00',NULL,NULL,NULL,90,91,92,93,NULL,NULL),(22,'симферополь выдача',0,'07:30:00','23:00:00','07:30:00','18:00:00','07:30:00','15:30:00','07:30:00','17:30:00','07:30:00','15:00:00','07:30:00','11:00:00',NULL,NULL,94,95,96,97,98,NULL,NULL),(23,'симферополь допы',0,'08:20:00','16:40:00','08:20:00','18:40:00','08:20:00','15:40:00','08:20:00','18:40:00','08:20:00','14:40:00',NULL,NULL,NULL,NULL,NULL,NULL,NULL,NULL,NULL,NULL,NULL),(24,'Симферополь город',0,'08:30:00','17:30:00','08:30:00','17:30:00','08:30:00','17:30:00','08:30:00','17:30:00','08:30:00','17:30:00',NULL,NULL,NULL,NULL,12,13,14,15,16,NULL,NULL),(25,'вт-пт',0,NULL,NULL,'01:00:00','23:55:00','01:00:00','23:55:00','01:00:00','23:55:00','01:00:00','23:55:00',NULL,NULL,NULL,NULL,104,111,112,119,120,NULL,NULL),(26,'пн-пт',0,'01:00:00','23:55:00','01:00:00','23:55:00','01:00:00','23:55:00','01:00:00','23:55:00','01:00:00','23:55:00',NULL,NULL,NULL,NULL,105,110,113,118,121,NULL,NULL),(27,'пн-сб',0,'01:00:00','23:55:00','01:00:00','23:55:00','01:00:00','23:55:00','01:00:00','23:55:00','01:00:00','23:55:00','01:00:00','23:55:00',NULL,NULL,106,109,114,117,122,NULL,NULL),(28,'вт-сб',0,NULL,NULL,'01:00:00','23:55:00','01:00:00','23:55:00','01:00:00','23:55:00','01:00:00','23:55:00','01:00:00','23:55:00',NULL,NULL,107,108,115,116,123,NULL,NULL),(29,'симферополь франко выдача',0,'08:00:00','17:00:00','08:00:00','17:00:00','08:00:00','17:00:00','08:00:00','17:00:00','08:00:00','17:00:00',NULL,NULL,NULL,NULL,5,20,21,22,23,NULL,NULL),(30,'По живой очереди',0,NULL,NULL,'09:00:00','18:00:00','09:00:00','18:00:00','09:00:00','18:00:00','09:00:00','18:00:00',NULL,NULL,NULL,NULL,99,100,101,102,103,NULL,NULL),(31,'сб-окно(выд)27',0,NULL,NULL,NULL,NULL,NULL,NULL,NULL,NULL,NULL,NULL,'01:00:00','23:55:00',NULL,NULL,NULL,NULL,NULL,NULL,NULL,NULL,NULL);
/*!40000 ALTER TABLE `schedule` ENABLE KEYS */;
UNLOCK TABLES;

--
-- Table structure for table `schema_version`
--

DROP TABLE IF EXISTS `schema_version`;
/*!40101 SET @saved_cs_client     = @@character_set_client */;
/*!40101 SET character_set_client = utf8 */;
CREATE TABLE `schema_version` (
  `version_rank` int(11) NOT NULL,
  `installed_rank` int(11) NOT NULL,
  `version` varchar(50) COLLATE utf8_unicode_ci NOT NULL,
  `description` varchar(200) COLLATE utf8_unicode_ci NOT NULL,
  `type` varchar(20) COLLATE utf8_unicode_ci NOT NULL,
  `script` varchar(1000) COLLATE utf8_unicode_ci NOT NULL,
  `checksum` int(11) DEFAULT NULL,
  `installed_by` varchar(100) COLLATE utf8_unicode_ci NOT NULL,
  `installed_on` timestamp NOT NULL DEFAULT CURRENT_TIMESTAMP,
  `execution_time` int(11) NOT NULL,
  `success` tinyint(1) NOT NULL,
  PRIMARY KEY (`version`),
  KEY `schema_version_vr_idx` (`version_rank`),
  KEY `schema_version_ir_idx` (`installed_rank`),
  KEY `schema_version_s_idx` (`success`)
) ENGINE=InnoDB DEFAULT CHARSET=utf8 COLLATE=utf8_unicode_ci;
/*!40101 SET character_set_client = @saved_cs_client */;

--
-- Dumping data for table `schema_version`
--

LOCK TABLES `schema_version` WRITE;
/*!40000 ALTER TABLE `schema_version` DISABLE KEYS */;
INSERT INTO `schema_version` VALUES (1,1,'1','<< Flyway Baseline >>','BASELINE','<< Flyway Baseline >>',NULL,'root','2015-11-06 06:09:27',0,1),(10,10,'10','news','SQL','V10__news.sql',-744607902,'root','2015-12-14 11:06:39',59,1),(11,11,'11','add faq as static page','SQL','V11__add_faq_as_static_page.sql',-586728993,'root','2015-12-14 12:17:37',184,1),(12,12,'12','add group 3 to service group','SQL','V12__add_group_3_to_service_group.sql',1032377904,'root','2015-12-21 10:18:05',42,1),(13,13,'13','added schedual id to user','SQL','V13__added_schedual_id_to_user.sql',-1114591565,'root','2015-12-23 12:48:33',35,1),(14,14,'14','lock phys queue until','SQL','V14__lock_phys_queue_until.sql',1650476186,'root','2015-12-23 12:48:33',11,1),(15,15,'15','add exterritorial flag to service','SQL','V15__add_exterritorial_flag_to_service.sql',-280795849,'root','2015-12-23 12:48:33',24,1),(16,16,'15.1','add bloked field to customer','SQL','V15.1__add_bloked_field_to_customer.sql',2069454748,'root','2015-12-29 12:41:37',1119,1),(17,17,'16','add description of departments','SQL','V16__add_description_of_departments.sql',766013448,'root','2016-02-04 11:59:42',48,1),(18,18,'17','added calendar id to user','SQL','V17__added_calendar_id_to_user.sql',-1600467272,'root','2016-02-04 11:59:42',12,1),(19,19,'18','added start day and end day to user','SQL','V18__added start_day_and_end_day_to_user.sql',-676117256,'root','2016-02-04 11:59:42',11,1),(20,20,'19','set index on advance time','SQL','V19__set_index_on_advance_time.sql',-1391149368,'root','2016-02-04 11:59:42',257,1),(2,2,'2','schedule breaks and service duration','SQL','V2__schedule_breaks_and_service_duration.sql',-955996752,'root','2015-11-06 06:10:15',21265,1),(21,21,'20','customer groups','SQL','V20__customer_groups.sql',1655112510,'root','2016-02-18 08:17:20',3501,1),(22,22,'20.1','customer groups selsoveti','SQL','V20.1__customer_groups_selsoveti.sql',-1846382907,'root','2016-04-25 14:15:58',2556,1),(23,23,'21','change adress','SQL','V21__change_adress.sql',148895980,'root','2016-04-25 14:15:58',13,1),(24,24,'22','update home phone','SQL','V22__update_home_phone.sql',-86110084,'root','2016-04-25 14:15:58',8,1),(25,25,'23','registrator departments','SQL','V23__registrator_departments.sql',1885911976,'root','2016-04-25 14:16:06',7976,1),(26,26,'24','adding new roles','SQL','V24__adding_new_roles.sql',-2073423162,'root','2016-04-25 14:16:06',33,1),(27,27,'25','update admin with rigth group','SQL','V25__update_admin_with_rigth_group.sql',1061564662,'root','2016-04-25 14:16:06',11,1),(28,28,'26','update registrator departments','SQL','V26__update_registrator_departments.sql',-1575277693,'root','2016-04-25 14:16:06',15,1),(29,29,'27','add indexes','SQL','V27__add_indexes.sql',-1667194817,'root','2016-04-28 12:09:42',1003,1),(30,30,'28','adding role advance readonly','SQL','V28__adding_role_advance_readonly.sql',-859638741,'root','2016-05-19 06:03:33',17,1),(31,31,'29','add group edit role','SQL','V29__add_group_edit_role.sql',-1184831028,'root','2016-06-06 08:54:06',19,1),(3,3,'3','add service dop','SQL','V3__add_service_dop.sql',-193778545,'root','2015-11-11 14:17:53',39,1),(32,32,'30','change logs table','SQL','V30__change_logs_table.sql',-581886730,'root','2016-06-21 12:19:16',39,1),(33,33,'31','add auto open config','SQL','V31__add_auto_open_config.sql',169078575,'root','2016-06-21 12:19:16',12,1),(34,34,'32','add monitoring','SQL','V32__add_monitoring.sql',-68849716,'root','2016-07-28 11:52:31',38,1),(35,35,'33','change in calendar','SQL','V33__change_in_calendar.sql',-95750017,'root','2016-07-28 11:52:31',30,1),(36,36,'34','uniqe break for schedule','SQL','V34__uniqe_break_for_schedule.sql',580758070,'root','2016-07-28 11:52:31',192,1),(37,37,'35','create table requestCounter','SQL','V35__create_table_requestCounter.sql',-1070438629,'root','2016-07-28 11:52:31',8,1),(38,38,'36','schedule autoIncrement','SQL','V36__schedule_autoIncrement.sql',712986989,'root','2016-07-28 11:52:31',12,1),(4,4,'4','remove clients constraints','SQL','V4__remove_clients_constraints.sql',2085129345,'root','2015-11-11 14:17:54',945,1),(5,5,'5','static pages','SQL','V5__static_pages.sql',-321212078,'root','2015-11-27 13:36:46',84,1),(6,6,'6','create department service group table','SQL','V6__create_department_service_group_table.sql',-828437852,'root','2015-12-03 09:45:48',39,1),(7,7,'7','add deleted field to advance','SQL','V7__add_deleted_field_to_advance.sql',-1365749535,'root','2015-12-14 11:06:38',1312,1),(8,8,'8','more static pages','SQL','V8__more_static_pages.sql',-542385682,'root','2015-12-14 11:06:39',34,1),(9,9,'9','added next opening date','SQL','V9__added_next_opening_date.sql',1202267505,'root','2015-12-14 11:06:39',12,1);
/*!40000 ALTER TABLE `schema_version` ENABLE KEYS */;
UNLOCK TABLES;

--
-- Table structure for table `service_groups`
--

DROP TABLE IF EXISTS `service_groups`;
/*!40101 SET @saved_cs_client     = @@character_set_client */;
/*!40101 SET character_set_client = utf8 */;
CREATE TABLE `service_groups` (
  `id` bigint(20) NOT NULL AUTO_INCREMENT,
  `advance_time_percent` float DEFAULT NULL,
  `name` varchar(255) COLLATE utf8_unicode_ci DEFAULT NULL,
  `time_calc_algorithm` varchar(255) COLLATE utf8_unicode_ci NOT NULL,
  PRIMARY KEY (`id`)
) ENGINE=InnoDB AUTO_INCREMENT=4 DEFAULT CHARSET=utf8 COLLATE=utf8_unicode_ci;
/*!40101 SET character_set_client = @saved_cs_client */;

--
-- Dumping data for table `service_groups`
--

LOCK TABLES `service_groups` WRITE;
/*!40000 ALTER TABLE `service_groups` DISABLE KEYS */;
INSERT INTO `service_groups` VALUES (1,0.7,'Физические лица','FIZ_ALG'),(2,0.3,'Юридические лица','UR_ALG'),(3,0,'Порядковая очередь','');
/*!40000 ALTER TABLE `service_groups` ENABLE KEYS */;
UNLOCK TABLES;

--
-- Table structure for table `services`
--

DROP TABLE IF EXISTS `services`;
/*!40101 SET @saved_cs_client     = @@character_set_client */;
/*!40101 SET character_set_client = utf8 */;
CREATE TABLE `services` (
  `id` bigint(20) NOT NULL,
  `name` varchar(2000) NOT NULL COMMENT 'Наименование услуги',
  `description` varchar(2000) DEFAULT NULL COMMENT 'Описание услуги.',
  `service_prefix` varchar(10) DEFAULT '',
  `button_text` varchar(2500) NOT NULL DEFAULT '' COMMENT 'HTML-текст для вывода на кнопки регистрации.',
  `status` int(11) NOT NULL DEFAULT '1' COMMENT 'Состояние услуги. 1 - доступна, 0 - недоступна, -1 - невидима. 2 - только предварительная запись, 3-заглушка',
  `visible_in_web` int(11) NOT NULL DEFAULT '1',
  `enable` int(11) NOT NULL DEFAULT '1' COMMENT 'Способ вызова клиента юзером\n1 - стандартно\n2 - backoffice, т.е. вызов следующего без табло и звука, запершение только редиректом',
  `prent_id` bigint(20) DEFAULT NULL COMMENT 'Групповое подчинение.',
  `day_limit` int(11) NOT NULL DEFAULT '0' COMMENT 'ограничение выданных билетов в день. 0-нет ограничения',
  `person_day_limit` int(11) NOT NULL DEFAULT '0' COMMENT 'ограничение выданных билетов в день клиентам с одинаковыми введенными данными. 0-нет ограничения',
  `advance_limit` int(11) NOT NULL DEFAULT '1' COMMENT 'Ограничение по количеству предварительно регистрировшихся в час',
  `advance_limit_period` int(11) DEFAULT '14' COMMENT 'ограничение в днях, в пределах которого можно записаться вперед. может быть null или 0 если нет ограничения',
  `advance_time_period` int(11) NOT NULL DEFAULT '60' COMMENT 'периоды, на которые делится день, для записи предварительно',
  `schedule_id` bigint(20) DEFAULT NULL COMMENT 'План работы услуги',
  `input_required` tinyint(1) NOT NULL DEFAULT '0' COMMENT 'Обязывать кастомера вводить что-то перед постоновкой в очередь',
  `input_caption` varchar(2000) NOT NULL DEFAULT 'Введите номер документа' COMMENT 'Текст над полем ввода обязательного ввода',
  `result_required` tinyint(1) NOT NULL DEFAULT '0' COMMENT 'Требовать ввод пользователем результата работы с клиентом',
  `calendar_id` bigint(20) DEFAULT NULL,
  `pre_info_html` text NOT NULL COMMENT 'html текст информационного сообщения перед постановкой в очередь',
  `pre_info_print_text` text NOT NULL COMMENT 'текст для печати при необходимости перед постановкой в очередь',
  `point` int(11) NOT NULL DEFAULT '0' COMMENT 'указание для какого пункта регистрации услуга, 0-для всех, х-для киоска х.',
  `ticket_text` varchar(1500) DEFAULT NULL COMMENT 'Текст напечатается на талоне.',
  `seq_id` int(11) NOT NULL DEFAULT '0' COMMENT 'порядок следования кнопок услуг на пункте регистрации',
  `but_x` int(11) NOT NULL DEFAULT '0' COMMENT 'позиция кнопки',
  `but_y` int(11) NOT NULL DEFAULT '0' COMMENT 'позиция кнопки',
  `but_b` int(11) NOT NULL DEFAULT '0' COMMENT 'позиция кнопки',
  `but_h` int(11) NOT NULL DEFAULT '0' COMMENT 'позиция кнопки',
  `deleted` date DEFAULT NULL COMMENT 'признак удаления с проставленим даты',
  `duration` int(11) NOT NULL DEFAULT '1' COMMENT 'Норматив. Среднее время оказания этой услуги.  Пока для маршрутизации при медосмотре',
  `aditional_duration` int(11) NOT NULL DEFAULT '0',
  `sound_template` varchar(45) DEFAULT NULL COMMENT 'шаблон звукового приглашения. null или 0... - использовать родительский.',
  `expectation` int(11) NOT NULL DEFAULT '0' COMMENT 'Время обязательного ожидания посетителя',
  `precent_records` float NOT NULL DEFAULT '1' COMMENT 'Процент максимального времени для данной услуги в день',
  `precent_records_advance` float NOT NULL DEFAULT '1' COMMENT 'Процент максимального времени для данной услуги в день при предварительной записи',
  `group_id` bigint(20) DEFAULT NULL,
  `exterritorial` tinyint(1) DEFAULT '0',
  PRIMARY KEY (`id`),
  KEY `idx_servises_parent_id_servises_id` (`prent_id`),
  KEY `idx_services_shedule` (`schedule_id`),
  KEY `idx_services_calendar` (`calendar_id`),
  KEY `fk_services_1_idx` (`group_id`),
  CONSTRAINT `FK_95ly60vimb2k0mrfi65htqsxf` FOREIGN KEY (`group_id`) REFERENCES `service_groups` (`id`),
  CONSTRAINT `fk_services_1` FOREIGN KEY (`group_id`) REFERENCES `service_groups` (`id`) ON DELETE SET NULL ON UPDATE CASCADE,
  CONSTRAINT `fk_services_calendar` FOREIGN KEY (`calendar_id`) REFERENCES `calendar` (`id`) ON DELETE SET NULL ON UPDATE CASCADE,
  CONSTRAINT `fk_services_shedule` FOREIGN KEY (`schedule_id`) REFERENCES `schedule` (`id`) ON DELETE SET NULL ON UPDATE CASCADE,
  CONSTRAINT `fk_servises_parent_id_servises_id` FOREIGN KEY (`prent_id`) REFERENCES `services` (`id`) ON DELETE CASCADE ON UPDATE CASCADE
) ENGINE=InnoDB DEFAULT CHARSET=utf8 COMMENT='Дерево услуг';
/*!40101 SET character_set_client = @saved_cs_client */;

--
-- Dumping data for table `services`
--

LOCK TABLES `services` WRITE;
/*!40000 ALTER TABLE `services` DISABLE KEYS */;
INSERT INTO `services` VALUES (1,'Дерево услуг','Дерево услуг','-','<html><p align=center><span style=\'font-size:55.0;color:#DC143C\'>Система управления очередью</span><br><span style=\'font-size:45.0;color:#DC143C\'><i>выберите требуемую услугу</i>',1,0,1,NULL,0,0,1,14,60,NULL,0,'',0,NULL,'','',0,NULL,0,100,100,200,100,NULL,1,0,'120050',0,1,1,NULL,0),(1438757336230,'Постановка на государственный кадастровый учет (внесение сведений в ГКН)','Постановка на государственный кадастровый учет (внесение сведений в ГКН)','K','<html><b><p align=center><span style=\'font-size:40.0pt;color:white\'>Постановка на государственный кадастровый учет (внесение сведений в ГКН)</span></b>',-1,1,1,1,0,0,1,1,60,NULL,1,'',0,1,'','',0,'',1,100,100,100,100,NULL,25,0,'131121',0,1,1,1,0),(1438757336231,'Постановка на государственный кадастровый учет (внесение сведений в ГКН)','Постановка на государственный кадастровый учет (внесение сведений в ГКН)','K','<html><b><p align=center><span style=\'font-size:40.0pt;color:white\'>Постановка на государственный кадастровый учет (внесение сведений в ГКН)</span></b>',-1,0,1,1,0,0,1,1,60,NULL,1,'',0,1,'','',0,'',1,100,100,100,100,NULL,25,5,'131121',0,1,1,2,0),(1438757345406,'Кадастровый учет и регистрация прав в режиме единого окна','Кадастровый учет и регистрация прав в режиме единого окна','C','<html><b><p align=center><span style=\'font-size:40.0pt;color:white\'>Кадастровый учет и регистрация прав в режиме единого окна</span></b>',-1,1,1,1,0,0,1,1,60,NULL,1,'',0,1,'','',0,'',0,100,100,100,100,NULL,35,0,'131121',0,1,1,1,0),(1438757345407,'Кадастровый учет и регистрация прав в режиме единого окна','Кадастровый учет и регистрация прав в режиме единого окна','C','<html><b><p align=center><span style=\'font-size:40.0pt;color:white\'>Кадастровый учет и регистрация прав в режиме единого окна</span></b>',-1,0,1,1,0,0,1,1,60,NULL,1,'',0,1,'','',0,'',0,100,100,100,100,NULL,40,10,'131121',0,1,1,2,0),(1441100935734,'Регистрация прав, сделок (переход права)','Регистрация прав, сделок (переход права)','L','<html><b><p align=center><span style=\'font-size:40.0pt;color:white\'>Регистрация прав, сделок (переход права)</span></b>',-1,1,1,1,0,0,1,1,60,NULL,1,'',0,1,'','',0,'',2,100,100,100,100,NULL,35,0,'131121',0,1,1,1,0),(1441100935735,'Регистрация прав, сделок (переход права)','Регистрация прав, сделок (переход права)','L','<html><b><p align=center><span style=\'font-size:40.0pt;color:white\'>Регистрация прав, сделок (переход права)</span></b>',-1,0,1,1,0,0,1,1,60,NULL,1,'',0,1,'','',0,'',2,100,100,100,100,NULL,40,15,'131121',0,1,1,2,0),(1441100939578,'Предоставление сведений из ЕГРП','Предоставление сведений из ЕГРП','M','<html><b><p align=center><span style=\'font-size:40.0pt;color:white\'>Предоставление сведений из ЕГРП</span></b>',-1,0,1,1,0,0,1,1,60,NULL,1,'',0,1,'','',0,'',3,100,100,100,100,NULL,10,0,'131121',0,1,0.1,NULL,0),(1441100950312,'Предоставление сведений из ГКН','Предоставление сведений из ГКН','N','<html><b><p align=center><span style=\'font-size:40.0pt;color:white\'>Предоставление сведений из ГКН</span></b>',-1,0,1,1,0,0,1,1,60,NULL,1,'',0,1,'','',0,'',4,100,100,100,100,NULL,10,0,'131121',0,1,0.1,NULL,0),(1441100953827,'Выдача готовых документов','Выдача готовых документов','В','<html><b><p align=center><span style=\'font-size:40.0pt;color:white\'>Выдача готовых документов</span></b>',1,0,1,1,0,0,1,1,60,22,1,'',0,1,'','',0,'',5,100,100,100,100,NULL,8,0,'131121',0,1,1,3,0),(1441100953828,'Доп. документы на регистрацию права','Доп. документы на регистрацию права','ДП','<html><b><p align=center><span style=\'font-size:40.0pt;color:white\'>Доп. документы на регистрацию права</span></b>',1,0,1,1,0,0,1,1,60,23,2,'',0,1,'','',0,'',5,100,100,100,100,NULL,20,0,'131121',0,1,1,3,0),(1441100953829,'Доп. документы на кадастровый учет','Доп. документы на кадастровый учет','ДК','<html><b><p align=center><span style=\'font-size:40.0pt;color:white\'>Доп. документы на кадастровый учет</span></b>',1,0,1,1,0,0,1,1,60,23,2,'',0,1,'','',0,'',5,100,100,100,100,NULL,20,0,'131121',0,1,1,3,0),(1441100953955,'Выдача готовых документов','Выдача готовых документов','В','<html><b><p align=center><span style=\'font-size:40.0pt;color:white\'>Выдача готовых документов</span></b>',1,0,1,1,0,0,1,1,60,29,1,'',0,1,'','',0,'',5,100,100,100,100,NULL,5,0,'131121',0,1,1,3,0),(1441100953977,'По живой очереди','По живой очереди','П','<html><b><p align=center><span style=\'font-size:40.0pt;color:white\'>По живой очереди</span></b>',1,0,1,1,0,0,1,1,60,30,1,'',0,1,'','',0,'',5,100,100,100,100,NULL,7,0,'131121',0,1,1,3,0);
/*!40000 ALTER TABLE `services` ENABLE KEYS */;
UNLOCK TABLES;

--
-- Table structure for table `services_langs`
--

DROP TABLE IF EXISTS `services_langs`;
/*!40101 SET @saved_cs_client     = @@character_set_client */;
/*!40101 SET character_set_client = utf8 */;
CREATE TABLE `services_langs` (
  `id` bigint(20) NOT NULL AUTO_INCREMENT,
  `services_id` bigint(20) DEFAULT NULL,
  `lang` varchar(45) NOT NULL,
  `name` varchar(2000) NOT NULL DEFAULT '',
  `description` varchar(2000) DEFAULT NULL,
  `button_text` varchar(2500) NOT NULL DEFAULT '',
  `input_caption` varchar(2000) NOT NULL DEFAULT '',
  `ticket_text` varchar(1500) DEFAULT NULL,
  `pre_info_html` text NOT NULL,
  `pre_info_print_text` text NOT NULL,
  PRIMARY KEY (`id`),
  KEY `idx_services_langs_services` (`services_id`),
  CONSTRAINT `fk_services_langs_services` FOREIGN KEY (`services_id`) REFERENCES `services` (`id`) ON DELETE CASCADE ON UPDATE CASCADE
) ENGINE=InnoDB DEFAULT CHARSET=utf8;
/*!40101 SET character_set_client = @saved_cs_client */;

--
-- Dumping data for table `services_langs`
--

LOCK TABLES `services_langs` WRITE;
/*!40000 ALTER TABLE `services_langs` DISABLE KEYS */;
/*!40000 ALTER TABLE `services_langs` ENABLE KEYS */;
UNLOCK TABLES;

--
-- Table structure for table `services_users`
--

DROP TABLE IF EXISTS `services_users`;
/*!40101 SET @saved_cs_client     = @@character_set_client */;
/*!40101 SET character_set_client = utf8 */;
CREATE TABLE `services_users` (
  `id` bigint(20) NOT NULL AUTO_INCREMENT,
  `service_id` bigint(20) NOT NULL,
  `user_id` bigint(20) NOT NULL,
  `coefficient` int(11) NOT NULL DEFAULT '1' COMMENT 'Коэффициент участия. 0/1/2',
  `flexible_coef` tinyint(1) NOT NULL DEFAULT '0' COMMENT 'возможность изменить коэф участия юзерами',
  PRIMARY KEY (`id`),
  KEY `idx_services_id_su_service_id` (`service_id`),
  KEY `idx_userss_id_su_user_id` (`user_id`),
  CONSTRAINT `fk_services_id_su_service_id` FOREIGN KEY (`service_id`) REFERENCES `services` (`id`) ON DELETE CASCADE ON UPDATE CASCADE,
  CONSTRAINT `fk_userss_id_su_user_id` FOREIGN KEY (`user_id`) REFERENCES `users` (`id`) ON DELETE CASCADE ON UPDATE CASCADE
) ENGINE=InnoDB AUTO_INCREMENT=1196 DEFAULT CHARSET=utf8 COMMENT='Таблица соответствий услуга - пользователь.';
/*!40101 SET character_set_client = @saved_cs_client */;

--
-- Dumping data for table `services_users`
--

LOCK TABLES `services_users` WRITE;
/*!40000 ALTER TABLE `services_users` DISABLE KEYS */;
INSERT INTO `services_users` VALUES (21,1438757336230,8,1,0),(22,1438757345406,8,1,0),(23,1441100935734,8,1,0),(26,1438757336230,9,1,0),(27,1438757345406,9,1,0),(28,1441100935734,9,1,0),(31,1438757336230,10,1,0),(32,1438757345406,10,1,0),(33,1441100935734,10,1,0),(36,1438757336230,11,1,0),(37,1438757345406,11,1,0),(38,1441100935734,11,1,0),(41,1438757336230,12,1,0),(42,1438757345406,12,1,0),(43,1441100935734,12,1,0),(46,1438757336230,13,1,0),(47,1438757345406,13,1,0),(48,1441100935734,13,1,0),(67,1438757336230,16,1,0),(68,1438757345406,16,1,0),(69,1441100935734,16,1,0),(70,1441100939578,16,1,0),(71,1441100950312,16,1,0),(75,1438757336230,17,1,0),(76,1438757345406,17,1,0),(77,1441100935734,17,1,0),(78,1441100939578,17,1,0),(79,1441100950312,17,1,0),(80,1438757345406,18,1,0),(81,1438757336230,18,1,0),(82,1441100935734,18,1,0),(83,1441100939578,18,1,0),(84,1441100950312,18,1,0),(85,1438757345406,19,1,0),(86,1438757336230,19,1,0),(87,1441100935734,19,1,0),(88,1441100939578,19,1,0),(89,1441100950312,19,1,0),(100,1438757345406,22,1,0),(101,1438757336230,22,1,0),(102,1441100935734,22,1,0),(103,1441100939578,22,1,0),(104,1441100950312,22,1,0),(105,1438757345406,23,1,0),(106,1438757336230,23,1,0),(107,1441100935734,23,1,0),(108,1441100939578,23,1,0),(109,1441100950312,23,1,0),(125,1438757345406,27,1,0),(126,1438757336230,27,1,0),(127,1441100935734,27,1,0),(128,1441100939578,27,1,0),(129,1441100950312,27,1,0),(130,1438757345406,28,1,0),(131,1438757336230,28,1,0),(132,1441100935734,28,1,0),(133,1441100939578,28,1,0),(134,1441100950312,28,1,0),(135,1438757345406,29,1,0),(136,1438757336230,29,1,0),(137,1441100935734,29,1,0),(138,1441100939578,29,1,0),(139,1441100950312,29,1,0),(140,1438757345406,30,1,0),(141,1438757336230,30,1,0),(142,1441100935734,30,1,0),(143,1441100939578,30,1,0),(144,1441100950312,30,1,0),(145,1438757345406,31,1,0),(146,1438757336230,31,1,0),(147,1441100935734,31,1,0),(148,1441100939578,31,1,0),(149,1441100950312,31,1,0),(155,1438757345406,33,1,0),(156,1438757336230,33,1,0),(157,1441100935734,33,1,0),(158,1441100939578,33,1,0),(159,1441100950312,33,1,0),(160,1438757345406,34,1,0),(161,1438757336230,34,1,0),(162,1441100935734,34,1,0),(163,1441100939578,34,1,0),(164,1441100950312,34,1,0),(165,1438757345406,35,1,0),(166,1438757336230,35,1,0),(167,1441100935734,35,1,0),(168,1441100939578,35,1,0),(169,1441100950312,35,1,0),(170,1438757345406,36,1,0),(171,1438757336230,36,1,0),(172,1441100935734,36,1,0),(173,1441100939578,36,1,0),(174,1441100950312,36,1,0),(175,1438757345406,37,1,0),(176,1438757336230,37,1,0),(177,1441100935734,37,1,0),(178,1441100939578,37,1,0),(179,1441100950312,37,1,0),(180,1438757345406,38,1,0),(181,1438757336230,38,1,0),(182,1441100935734,38,1,0),(183,1441100939578,38,1,0),(184,1441100950312,38,1,0),(185,1438757345406,39,1,0),(186,1438757336230,39,1,0),(187,1441100935734,39,1,0),(188,1441100939578,39,1,0),(189,1441100950312,39,1,0),(190,1438757345406,40,1,0),(191,1438757336230,40,1,0),(192,1441100935734,40,1,0),(193,1441100939578,40,1,0),(194,1441100950312,40,1,0),(205,1438757345406,43,1,0),(206,1438757336230,43,1,0),(207,1441100935734,43,1,0),(208,1441100939578,43,1,0),(209,1441100950312,43,1,0),(220,1438757345406,46,1,0),(221,1438757336230,46,1,0),(222,1441100935734,46,1,0),(223,1441100939578,46,1,0),(224,1441100950312,46,1,0),(225,1438757345406,47,1,0),(226,1438757336230,47,1,0),(227,1441100935734,47,1,0),(228,1441100939578,47,1,0),(229,1441100950312,47,1,0),(230,1438757345406,48,1,0),(231,1438757336230,48,1,0),(232,1441100935734,48,1,0),(233,1441100939578,48,1,0),(234,1441100950312,48,1,0),(235,1438757345406,49,1,0),(236,1438757336230,49,1,0),(237,1441100935734,49,1,0),(238,1441100939578,49,1,0),(239,1441100950312,49,1,0),(240,1438757345406,50,1,0),(241,1438757336230,50,1,0),(242,1441100935734,50,1,0),(243,1441100939578,50,1,0),(244,1441100950312,50,1,0),(245,1438757345406,51,1,0),(246,1438757336230,51,1,0),(247,1441100935734,51,1,0),(248,1441100939578,51,1,0),(249,1441100950312,51,1,0),(250,1438757345406,52,1,0),(251,1438757336230,52,1,0),(252,1441100935734,52,1,0),(253,1441100939578,52,1,0),(254,1441100950312,52,1,0),(255,1438757345406,53,1,0),(256,1438757336230,53,1,0),(257,1441100935734,53,1,0),(258,1441100939578,53,1,0),(259,1441100950312,53,1,0),(260,1438757336231,8,1,0),(261,1438757345407,8,1,0),(262,1441100935735,8,1,0),(263,1438757336231,9,1,0),(264,1438757345407,9,1,0),(265,1441100935735,9,1,0),(266,1438757336231,10,1,0),(267,1438757345407,10,1,0),(268,1441100935735,10,1,0),(269,1438757336231,11,1,0),(270,1438757345407,11,1,0),(271,1441100935735,11,1,0),(272,1438757336231,12,1,0),(273,1438757345407,12,1,0),(274,1441100935735,12,1,0),(275,1438757336231,13,1,0),(276,1438757345407,13,1,0),(277,1441100935735,13,1,0),(284,1438757336231,16,1,0),(285,1438757345407,16,1,0),(286,1441100935735,16,1,0),(287,1438757336231,17,1,0),(288,1438757345407,17,1,0),(289,1441100935735,17,1,0),(290,1438757336231,18,1,0),(291,1438757345407,18,1,0),(292,1441100935735,18,1,0),(293,1438757336231,19,1,0),(294,1438757345407,19,1,0),(295,1441100935735,19,1,0),(302,1438757336231,22,1,0),(303,1438757345407,22,1,0),(304,1441100935735,22,1,0),(305,1438757336231,23,1,0),(306,1438757345407,23,1,0),(307,1441100935735,23,1,0),(317,1438757336231,27,1,0),(318,1438757345407,27,1,0),(319,1441100935735,27,1,0),(320,1438757336231,28,1,0),(321,1438757345407,28,1,0),(322,1441100935735,28,1,0),(323,1438757336231,29,1,0),(324,1438757345407,29,1,0),(325,1441100935735,29,1,0),(326,1438757336231,30,1,0),(327,1438757345407,30,1,0),(328,1441100935735,30,1,0),(329,1438757336231,31,1,0),(330,1438757345407,31,1,0),(331,1441100935735,31,1,0),(335,1438757336231,33,1,0),(336,1438757345407,33,1,0),(337,1441100935735,33,1,0),(338,1438757336231,34,1,0),(339,1438757345407,34,1,0),(340,1441100935735,34,1,0),(341,1438757336231,35,1,0),(342,1438757345407,35,1,0),(343,1441100935735,35,1,0),(344,1438757336231,36,1,0),(345,1438757345407,36,1,0),(346,1441100935735,36,1,0),(347,1438757336231,37,1,0),(348,1438757345407,37,1,0),(349,1441100935735,37,1,0),(350,1438757336231,38,1,0),(351,1438757345407,38,1,0),(352,1441100935735,38,1,0),(353,1438757336231,39,1,0),(354,1438757345407,39,1,0),(355,1441100935735,39,1,0),(356,1438757336231,40,1,0),(357,1438757345407,40,1,0),(358,1441100935735,40,1,0),(359,1438757336231,43,1,0),(360,1438757345407,43,1,0),(361,1441100935735,43,1,0),(368,1438757336231,46,1,0),(369,1438757345407,46,1,0),(370,1441100935735,46,1,0),(371,1438757336231,47,1,0),(372,1438757345407,47,1,0),(373,1441100935735,47,1,0),(374,1438757336231,48,1,0),(375,1438757345407,48,1,0),(376,1441100935735,48,1,0),(377,1438757336231,49,1,0),(378,1438757345407,49,1,0),(379,1441100935735,49,1,0),(380,1438757336231,50,1,0),(381,1438757345407,50,1,0),(382,1441100935735,50,1,0),(383,1438757336231,51,1,0),(384,1438757345407,51,1,0),(385,1441100935735,51,1,0),(386,1438757336231,52,1,0),(387,1438757345407,52,1,0),(388,1441100935735,52,1,0),(389,1438757336231,53,1,0),(390,1438757345407,53,1,0),(391,1441100935735,53,1,0),(392,1438757336231,54,1,0),(393,1438757345407,54,1,0),(394,1441100935735,54,1,0),(395,1438757336230,54,1,0),(396,1438757345406,54,1,0),(397,1441100935734,54,1,0),(398,1438757336231,55,1,0),(399,1438757345407,55,1,0),(400,1441100935735,55,1,0),(401,1438757336230,55,1,0),(402,1438757345406,55,1,0),(403,1441100935734,55,1,0),(404,1438757336231,56,1,0),(405,1438757345407,56,1,0),(406,1441100935735,56,1,0),(407,1438757336230,56,1,0),(408,1438757345406,56,1,0),(409,1441100935734,56,1,0),(410,1438757336231,57,1,0),(411,1438757345407,57,1,0),(412,1441100935735,57,1,0),(413,1438757336230,57,1,0),(414,1438757345406,57,1,0),(415,1441100935734,57,1,0),(416,1438757336231,58,1,0),(417,1438757345407,58,1,0),(418,1441100935735,58,1,0),(419,1438757336230,58,1,0),(420,1438757345406,58,1,0),(421,1441100935734,58,1,0),(428,1438757336231,60,1,0),(429,1438757345407,60,1,0),(430,1441100935735,60,1,0),(431,1438757336230,60,1,0),(432,1438757345406,60,1,0),(433,1441100935734,60,1,0),(434,1438757336231,61,1,0),(435,1438757345407,61,1,0),(436,1441100935735,61,1,0),(437,1438757336230,61,1,0),(438,1438757345406,61,1,0),(439,1441100935734,61,1,0),(446,1438757336231,63,1,0),(447,1438757345407,63,1,0),(448,1441100935735,63,1,0),(449,1438757336230,63,1,0),(450,1438757345406,63,1,0),(451,1441100935734,63,1,0),(453,1441100953827,71,1,0),(454,1441100953827,72,1,0),(456,1441100953827,74,1,0),(458,1441100953828,66,1,0),(459,1441100953828,67,1,0),(460,1441100953829,68,1,0),(461,1441100953828,69,1,0),(462,1438757345406,75,1,0),(463,1438757336230,75,1,0),(464,1441100935734,75,1,0),(465,1441100939578,75,1,0),(466,1441100950312,75,1,0),(467,1438757336231,75,1,0),(468,1438757345407,75,1,0),(469,1441100935735,75,1,0),(478,1441100935734,78,1,0),(479,1438757336230,78,1,0),(480,1438757345406,78,1,0),(484,1438757336230,77,1,0),(485,1441100935734,77,1,0),(486,1438757345406,77,1,0),(505,1441100935734,82,1,0),(506,1438757336230,82,1,0),(507,1441100935735,82,1,0),(508,1438757336231,82,1,0),(509,1438757345406,82,1,0),(510,1438757345407,82,1,0),(511,1441100935734,83,1,0),(512,1438757336230,83,1,0),(513,1441100935735,83,1,0),(514,1438757336231,83,1,0),(515,1438757345406,83,1,0),(516,1438757345407,83,1,0),(517,1441100935734,84,1,0),(518,1438757336230,84,1,0),(519,1441100935735,84,1,0),(520,1438757336231,84,1,0),(521,1438757345406,84,1,0),(522,1438757345407,84,1,0),(523,1441100935734,85,1,0),(524,1438757336230,85,1,0),(525,1441100935735,85,1,0),(526,1438757336231,85,1,0),(527,1438757345406,85,1,0),(528,1438757345407,85,1,0),(535,1441100935734,87,1,0),(536,1438757336230,87,1,0),(537,1441100935735,87,1,0),(538,1438757336231,87,1,0),(539,1438757345406,87,1,0),(540,1438757345407,87,1,0),(553,1441100935734,90,1,0),(554,1438757336230,90,1,0),(555,1441100935735,90,1,0),(556,1438757336231,90,1,0),(557,1438757345406,90,1,0),(558,1438757345407,90,1,0),(601,1441100935734,98,1,0),(602,1438757336230,98,1,0),(603,1441100935735,98,1,0),(604,1438757336231,98,1,0),(605,1438757345406,98,1,0),(606,1438757345407,98,1,0),(619,1438757336230,100,1,0),(620,1441100935734,100,1,0),(621,1438757336231,100,1,0),(622,1441100935735,100,1,0),(625,1438757345406,100,1,0),(626,1438757345407,100,1,0),(630,1441100935735,77,1,0),(631,1438757336231,77,1,0),(632,1438757345407,77,1,0),(639,1438757336230,102,1,0),(640,1441100935734,102,1,0),(641,1438757336231,102,1,0),(642,1441100935735,102,1,0),(643,1441100950312,102,1,0),(644,1441100939578,102,1,0),(645,1438757345406,102,1,0),(646,1438757345407,102,1,0),(653,1438757336230,104,1,0),(654,1441100935734,104,1,0),(655,1438757336231,104,1,0),(656,1441100935735,104,1,0),(657,1441100950312,104,1,0),(658,1441100939578,104,1,0),(659,1438757345406,104,1,0),(660,1438757345407,104,1,0),(674,1441100953955,91,1,0),(675,1441100953977,108,1,0),(676,1438757336231,78,1,0),(677,1438757345407,78,1,0),(678,1441100935735,78,1,0),(702,1438757336230,113,1,0),(703,1441100935734,113,1,0),(704,1438757336231,113,1,0),(705,1441100935735,113,1,0),(706,1441100950312,113,1,0),(707,1441100939578,113,1,0),(708,1438757345406,113,1,0),(709,1438757345407,113,1,0),(710,1441100953955,114,1,0),(712,1441100953955,115,1,0),(713,1441100953827,70,1,0),(714,1441100953827,107,1,0),(715,1441100953827,73,1,0),(732,1438757336230,21,1,0),(733,1438757336231,21,1,0),(734,1438757345406,21,1,0),(735,1438757345407,21,1,0),(736,1441100935734,21,1,0),(737,1441100935735,21,1,0),(738,1441100939578,21,1,0),(739,1441100950312,21,1,0),(740,1438757336230,106,1,0),(741,1438757336231,106,1,0),(742,1438757345406,106,1,0),(743,1438757345407,106,1,0),(744,1441100935734,106,1,0),(745,1441100935735,106,1,0),(766,1438757336230,26,1,0),(767,1438757336231,26,1,0),(768,1438757345406,26,1,0),(769,1438757345407,26,1,0),(770,1441100935734,26,1,0),(771,1441100935735,26,1,0),(772,1441100939578,26,1,0),(773,1441100950312,26,1,0),(886,1438757336230,128,1,0),(887,1438757336231,128,1,0),(888,1438757345406,128,1,0),(889,1438757345407,128,1,0),(890,1441100935734,128,1,0),(891,1441100935735,128,1,0),(892,1438757336230,116,1,0),(893,1438757336231,116,1,0),(894,1438757345406,116,1,0),(895,1438757345407,116,1,0),(896,1441100935734,116,1,0),(897,1441100935735,116,1,0),(898,1441100939578,116,1,0),(899,1441100950312,116,1,0),(900,1438757336230,129,1,0),(901,1438757336231,129,1,0),(902,1438757345406,129,1,0),(903,1438757345407,129,1,0),(904,1441100935734,129,1,0),(905,1441100935735,129,1,0),(906,1438757336230,93,1,0),(907,1438757336231,93,1,0),(908,1438757345406,93,1,0),(909,1438757345407,93,1,0),(910,1441100935734,93,1,0),(911,1441100935735,93,1,0),(912,1438757336230,99,1,0),(913,1438757336231,99,1,0),(914,1438757345406,99,1,0),(915,1438757345407,99,1,0),(916,1441100935734,99,1,0),(917,1441100935735,99,1,0),(924,1438757336230,92,1,0),(925,1438757336231,92,1,0),(926,1438757345406,92,1,0),(927,1438757345407,92,1,0),(928,1441100935734,92,1,0),(929,1441100935735,92,1,0),(930,1438757336230,122,1,0),(931,1438757336231,122,1,0),(932,1438757345406,122,1,0),(933,1438757345407,122,1,0),(934,1441100935734,122,1,0),(935,1441100935735,122,1,0),(936,1438757336230,97,1,0),(937,1438757336231,97,1,0),(938,1438757345406,97,1,0),(939,1438757345407,97,1,0),(940,1441100935734,97,1,0),(941,1441100935735,97,1,0),(942,1438757336230,119,1,0),(943,1438757336231,119,1,0),(944,1438757345406,119,1,0),(945,1438757345407,119,1,0),(946,1441100935734,119,1,0),(947,1441100935735,119,1,0),(954,1438757336230,62,1,0),(955,1438757336231,62,1,0),(956,1438757345406,62,1,0),(957,1438757345407,62,1,0),(958,1441100935734,62,1,0),(959,1441100935735,62,1,0),(960,1438757336230,95,1,0),(961,1438757336231,95,1,0),(962,1438757345406,95,1,0),(963,1438757345407,95,1,0),(964,1441100935734,95,1,0),(965,1441100935735,95,1,0),(966,1438757336230,123,1,0),(967,1438757336231,123,1,0),(968,1438757345406,123,1,0),(969,1438757345407,123,1,0),(970,1441100935734,123,1,0),(971,1441100935735,123,1,0),(972,1438757336230,64,1,0),(973,1438757336231,64,1,0),(974,1438757345406,64,1,0),(975,1438757345407,64,1,0),(976,1441100935734,64,1,0),(977,1441100935735,64,1,0),(978,1438757336230,117,1,0),(979,1438757336231,117,1,0),(980,1438757345406,117,1,0),(981,1438757345407,117,1,0),(982,1441100935734,117,1,0),(983,1441100935735,117,1,0),(990,1438757336230,96,1,0),(991,1438757336231,96,1,0),(992,1438757345406,96,1,0),(993,1438757345407,96,1,0),(994,1441100935734,96,1,0),(995,1441100935735,96,1,0),(996,1438757336230,124,1,0),(997,1438757336231,124,1,0),(998,1438757345406,124,1,0),(999,1438757345407,124,1,0),(1000,1441100935734,124,1,0),(1001,1441100935735,124,1,0),(1002,1438757336230,125,1,0),(1003,1438757336231,125,1,0),(1004,1438757345406,125,1,0),(1005,1438757345407,125,1,0),(1006,1441100935734,125,1,0),(1007,1441100935735,125,1,0),(1014,1438757336230,80,1,0),(1015,1438757336231,80,1,0),(1016,1438757345406,80,1,0),(1017,1438757345407,80,1,0),(1018,1441100935734,80,1,0),(1019,1441100935735,80,1,0),(1020,1438757336230,126,1,0),(1021,1438757336231,126,1,0),(1022,1438757345406,126,1,0),(1023,1438757345407,126,1,0),(1024,1441100935734,126,1,0),(1025,1441100935735,126,1,0),(1026,1441100939578,126,1,0),(1027,1441100950312,126,1,0),(1028,1438757336230,127,1,0),(1029,1438757336231,127,1,0),(1030,1438757345406,127,1,0),(1031,1438757345407,127,1,0),(1032,1441100935734,127,1,0),(1033,1441100935735,127,1,0),(1034,1438757336230,45,1,0),(1035,1438757336231,45,1,0),(1036,1438757345406,45,1,0),(1037,1438757345407,45,1,0),(1038,1441100935734,45,1,0),(1039,1441100935735,45,1,0),(1040,1441100939578,45,1,0),(1041,1441100950312,45,1,0),(1042,1438757336230,88,1,0),(1043,1438757336231,88,1,0),(1044,1438757345406,88,1,0),(1045,1438757345407,88,1,0),(1046,1441100935734,88,1,0),(1047,1441100935735,88,1,0),(1074,1438757336230,94,1,0),(1075,1438757336231,94,1,0),(1076,1438757345406,94,1,0),(1077,1438757345407,94,1,0),(1078,1441100935734,94,1,0),(1079,1441100935735,94,1,0),(1080,1438757336230,25,1,0),(1081,1438757336231,25,1,0),(1082,1438757345406,25,1,0),(1083,1438757345407,25,1,0),(1084,1441100935734,25,1,0),(1085,1441100935735,25,1,0),(1086,1441100939578,25,1,0),(1087,1441100950312,25,1,0),(1088,1438757336230,76,1,0),(1089,1438757336231,76,1,0),(1090,1438757345406,76,1,0),(1091,1438757345407,76,1,0),(1092,1441100935734,76,1,0),(1093,1441100935735,76,1,0),(1094,1441100939578,76,1,0),(1095,1441100950312,76,1,0),(1096,1438757336230,59,1,0),(1097,1438757336231,59,1,0),(1098,1438757345406,59,1,0),(1099,1438757345407,59,1,0),(1100,1441100935734,59,1,0),(1101,1441100935735,59,1,0),(1102,1438757336230,65,1,0),(1103,1438757336231,65,1,0),(1104,1438757345406,65,1,0),(1105,1438757345407,65,1,0),(1106,1441100935734,65,1,0),(1107,1441100935735,65,1,0),(1120,1438757336230,118,1,0),(1121,1438757336231,118,1,0),(1122,1438757345406,118,1,0),(1123,1438757345407,118,1,0),(1124,1441100935734,118,1,0),(1125,1441100935735,118,1,0),(1126,1438757336230,105,1,0),(1127,1438757336231,105,1,0),(1128,1438757345406,105,1,0),(1129,1438757345407,105,1,0),(1130,1441100935734,105,1,0),(1131,1441100935735,105,1,0),(1138,1438757336230,44,1,0),(1139,1438757336231,44,1,0),(1140,1438757345406,44,1,0),(1141,1438757345407,44,1,0),(1142,1441100935734,44,1,0),(1143,1441100935735,44,1,0),(1144,1441100939578,44,1,0),(1145,1441100950312,44,1,0),(1146,1438757336230,14,1,0),(1147,1438757336231,14,1,0),(1148,1438757345406,14,1,0),(1149,1438757345407,14,1,0),(1150,1441100935734,14,1,0),(1151,1441100935735,14,1,0),(1152,1438757336230,86,1,0),(1153,1438757336231,86,1,0),(1154,1438757345406,86,1,0),(1155,1438757345407,86,1,0),(1156,1441100935734,86,1,0),(1157,1441100935735,86,1,0),(1164,1438757336230,101,1,0),(1165,1438757336231,101,1,0),(1166,1438757345406,101,1,0),(1167,1438757345407,101,1,0),(1168,1441100935734,101,1,0),(1169,1441100935735,101,1,0),(1176,1438757336230,15,1,0),(1177,1438757336231,15,1,0),(1178,1438757345406,15,1,0),(1179,1438757345407,15,1,0),(1180,1441100935734,15,1,0),(1181,1441100935735,15,1,0),(1182,1438757336230,79,1,0),(1183,1438757336231,79,1,0),(1184,1438757345406,79,1,0),(1185,1438757345407,79,1,0),(1186,1441100935734,79,1,0),(1187,1441100935735,79,1,0),(1188,1438757336230,24,1,0),(1189,1438757336231,24,1,0),(1190,1438757345406,24,1,0),(1191,1438757345407,24,1,0),(1192,1441100935734,24,1,0),(1193,1441100935735,24,1,0),(1194,1441100939578,24,1,0),(1195,1441100950312,24,1,0);
/*!40000 ALTER TABLE `services_users` ENABLE KEYS */;
UNLOCK TABLES;

--
-- Table structure for table `standards`
--

DROP TABLE IF EXISTS `standards`;
/*!40101 SET @saved_cs_client     = @@character_set_client */;
/*!40101 SET character_set_client = utf8 */;
CREATE TABLE `standards` (
  `id` bigint(20) NOT NULL AUTO_INCREMENT,
  `wait_max` int(11) NOT NULL DEFAULT '0' COMMENT 'Максимальное время ожидания, в минутах',
  `work_max` int(11) NOT NULL DEFAULT '0' COMMENT 'Максимальное время работы с одним клиентом, в минутах',
  `downtime_max` int(11) NOT NULL DEFAULT '0' COMMENT 'Максимальное время простоя при наличии очереди, в минутах',
  `line_service_max` int(11) NOT NULL DEFAULT '0' COMMENT 'Максимальная длинна очереди к одной услуге',
  `line_total_max` int(11) NOT NULL DEFAULT '0' COMMENT 'Максимальное количество клиентов ко всем услугам',
  `relocation` int(11) NOT NULL DEFAULT '1' COMMENT 'типа параметр если есть перемещение, например между корпусами или ходьба до оператора',
  `wait_max_advance` int(11) NOT NULL DEFAULT '20' COMMENT 'Максимальное время учета клиента в случае опоздания',
  `advance_mark` varchar(100) NOT NULL DEFAULT 'Пр' COMMENT 'Метак пользователя предварительной записи',
  `before_max_advance` int(11) NOT NULL DEFAULT '10' COMMENT 'Максимальное время предварительного прихода пользователя (за сколько времени до назначенного ему времени он может прйти)',
  `next_opening_date` date DEFAULT NULL,
  `lock_phys_queue_until` datetime DEFAULT NULL,
  PRIMARY KEY (`id`)
) ENGINE=InnoDB AUTO_INCREMENT=2 DEFAULT CHARSET=utf8;
/*!40101 SET character_set_client = @saved_cs_client */;

--
-- Dumping data for table `standards`
--

LOCK TABLES `standards` WRITE;
/*!40000 ALTER TABLE `standards` DISABLE KEYS */;
INSERT INTO `standards` VALUES (1,10,25,10,10,20,1,5,'Пр',60,'2016-11-11','2016-10-14 18:00:00');
/*!40000 ALTER TABLE `standards` ENABLE KEYS */;
UNLOCK TABLES;

--
-- Table structure for table `static_images`
--

DROP TABLE IF EXISTS `static_images`;
/*!40101 SET @saved_cs_client     = @@character_set_client */;
/*!40101 SET character_set_client = utf8 */;
CREATE TABLE `static_images` (
  `static_pages_id` bigint(20) NOT NULL COMMENT '?????? ?? ??????????? ????????',
  `images_id` bigint(20) NOT NULL COMMENT '?????? ?? URL ????????',
  PRIMARY KEY (`static_pages_id`,`images_id`),
  KEY `fk_static` (`static_pages_id`),
  KEY `fk_images_static` (`images_id`),
  CONSTRAINT `fk_images_static` FOREIGN KEY (`images_id`) REFERENCES `images` (`images_id`) ON DELETE CASCADE ON UPDATE CASCADE,
  CONSTRAINT `fk_static` FOREIGN KEY (`static_pages_id`) REFERENCES `static_pages` (`id`) ON DELETE CASCADE ON UPDATE CASCADE
) ENGINE=InnoDB DEFAULT CHARSET=utf8 COMMENT='??????? ?????? ???????? ?? ????????';
/*!40101 SET character_set_client = @saved_cs_client */;

--
-- Dumping data for table `static_images`
--

LOCK TABLES `static_images` WRITE;
/*!40000 ALTER TABLE `static_images` DISABLE KEYS */;
/*!40000 ALTER TABLE `static_images` ENABLE KEYS */;
UNLOCK TABLES;

--
-- Table structure for table `static_pages`
--

DROP TABLE IF EXISTS `static_pages`;
/*!40101 SET @saved_cs_client     = @@character_set_client */;
/*!40101 SET character_set_client = utf8 */;
CREATE TABLE `static_pages` (
  `id` bigint(20) NOT NULL AUTO_INCREMENT,
  `url` varchar(200) NOT NULL DEFAULT '' COMMENT '?????? ?? ????????',
  `title` varchar(256) NOT NULL DEFAULT '' COMMENT '???????? ????????',
  `content` text NOT NULL COMMENT '?????????? ????????',
  `update_time` datetime DEFAULT '1970-01-01 00:00:00' COMMENT '????? ??????????',
  PRIMARY KEY (`id`),
  UNIQUE KEY `url` (`url`)
) ENGINE=InnoDB AUTO_INCREMENT=10 DEFAULT CHARSET=utf8;
/*!40101 SET character_set_client = @saved_cs_client */;

--
-- Dumping data for table `static_pages`
--

LOCK TABLES `static_pages` WRITE;
/*!40000 ALTER TABLE `static_pages` DISABLE KEYS */;
INSERT INTO `static_pages` VALUES (1,'about','Об очереди','<p class=\"text-color_2 acss_mt10\">\n                    «Электронная очередь в Государственный комитет регистрации и кадастра Республики Крым» — он-лайн система, разработанная и внедренная специалистами предприятия ГУП РК «Крымтехнологии» для удобства крымчан в получении электронных государственных услуг. Система разработана по поручению Министерства внутренней политики, информации и связи и главы Крыма Сергея Аксёнова. Услуга введена в эксплуатацию 1 сентября 2015 г.\n                  </p>\n                  <p class=\"text-color_2 acss_mt10\">\n                  	Электронная очередь в госкомрегистр — это средство для предварительной записи собственников недвижимого имущества на приём в Государственный комитет регистрации и кадастра для регистрации недвижимого имущества, перерегистрации прав на имущество, а также получения сведений о государственной регистрации.\n                  </p>\n                  <p class=\"text-color_2 acss_mt10\">\n                  	По словам председателя Госкомрегистра Александра Спиридонова, электронная очередь – это возможность облегчить крымчанам доступ к услугам комитета и избежать фактов спекуляции местами в очереди.\nПредварительно записаться в очередь можно через интернет или в отделениях банков-партнеров. Для этого сотрудники ГУП РК «Крымтехнологии» провели обучение банковских работников, которые стали операторами электронной очереди.\n                  </p>','2015-12-14 14:06:39'),(2,'info_jur','Юридическим лицам','<p class=\"text-color_2 acss_mt10\">\n                    В системе предварительной электронной записи в Государственный комитет по государственной регистрации и кадастру Республики Крым созданы отдельные кабинеты для юридических лиц через которые, они могут получить талон на приём в Государственный комитет по регистрации и кадастру Республики Крым.\n                  </p>                                                 \n                  <p class=\"text-color_2 acss_mt10\">\n                  	Отличие кабинетов для юрлиц состоит, в необходимости обязательно указывать ИНН\n                  </p>\n                  <p class=\"text-color_2 acss_mt10\">\n                  	На данный момент у юридических лиц есть возможность взять талон раз в день на один адрес.\n                  </p>','2015-12-14 14:06:39'),(3,'info_ph','Физическим лицам','<p class=\"text-color_2 acss_mt10\">\n                    Физические лица, желающие осуществить предварительную запись в отделения Государственного комитета по государственной регистрации и кадастру Республики Крым, могут пройти он-лайн регистрацию в системе предварительной записи только после ознакомления с правилами регистрации и политикой конфиденциальности. \n                  </p>                                                 \n                  <p class=\"text-color_2 acss_mt10\">\n                  	Для успешного прохождения регистрации пользователь должен заполнить все обязательные поля, а также обратить внимание на корректность паспортных данных.\n                  </p>','2015-12-14 14:06:39'),(7,'faq','Часто задаваемые вопросы','<script type=\"text/javascript\">\r\n    $(document).ready(function($) {\r\n        $(\'#accordion\').find(\'.accordion-toggle\').click(function(){\r\n\r\n            //Expand or collapse this panel\r\n            $(this).next().slideToggle(\'fast\');\r\n\r\n            //Hide the other panels\r\n            $(\".accordion-content\").not($(this).next()).slideUp(\'fast\');\r\n\r\n        });\r\n    });\r\n</script>\r\n<style>\r\n    #accordion .accordion-toggle{\r\n        font-size:18px;\r\n        cursor:pointer;\r\n        margin-top:15px;\r\n    }\r\n    #accordion .item-card__description{\r\n        margin-top:15px;\r\n    }\r\n</style>\r\n<div id=\"accordion\">\r\n    <h4 class=\"accordion-toggle text-color_1\"><span style=\"color:black;font-weight: bold\">•</span> Почему Система не позволяет выбрать дату?</h4>\r\n    <div class=\"accordion-content default\" style=\"display: none;\">\r\n    <p class=\"item-card__description\">Вариант 1: В данном отделении пока нет свободных талонов<br>\r\n    Вариант 2: Проверьте правильно ли выбран месяц, возможно Вы пытаетесь выбрать дату в том месяце, который уже прошёл, или еще не открыт.\r\n    </p></div>\r\n\r\n	<h4 class=\"accordion-toggle text-color_1\"><span style=\"color:black;font-weight: bold\">•</span> Какой вид услуги мне выбрать?</h4>\r\n    <div class=\"accordion-content default\" style=\"display: none;\">\r\n    <p class=\"item-card__description\">Если вы сомневаетесь какой вид услуги выбрать, то обязательно проконсультируйтесь со специалистами Госкомрегистра по телефону +7(978) 108-53-65. Если вид услуги будет указан не верно, талон не будет считаться действительным.\r\n    </p></div>\r\n    \r\n	<h4 class=\"accordion-toggle text-color_1\"><span style=\"color:black;font-weight: bold\">•</span> Какие документы необходимы для осуществления услуги?</h4>\r\n    <div class=\"accordion-content default\" style=\"display: none;\">\r\n    <p class=\"item-card__description\">Информация об услугах и документах необходимых для их осуществления расположена на сайте Госкомрегистра: <a href=\"http://gkreg.rk.gov.ru/rus/info.php?id=608128\">http://gkreg.rk.gov.ru/rus/info.php?id=608128</a> <a href=\"http://gkreg.rk.gov.ru/rus/info.php?id=623747\">http://gkreg.rk.gov.ru/rus/info.php?id=623747</a>, а также у операторов справочной службы Госкомрегистра по телефонам: +7 (3652) 66-74-00, +7 (978) 10-85-365, +7 (978) 22-82-974, +7 (978) 22-82-970, +7 (978) 22-83-043\r\n    </p></div>\r\n\r\n	<h4 class=\"accordion-toggle text-color_1\"><span style=\"color:black;font-weight: bold\">•</span> Система сообщает, что достигнут лимит регистрации. Что это значит? </h4>\r\n    <div class=\"accordion-content default\" style=\"display: none;\">\r\n    <p class=\"item-card__description\">Вариант 1: Осуществить предварительную регистрацию в Системе можно не более одного раза в день. Если Система сообщает о лимите регистрации, значит сегодня Вы уже использовали эту возможность.<br>\r\n    Вариант 2: Система принимает только одну запись от одного пользователя на определенную дату. Если Система отказывает в регистрации, значит ранее Вы уже записались именно на эту дату. Попробуйте выбрать другое число для записи.\r\n    </p></div>\r\n    \r\n    <h4 class=\"accordion-toggle text-color_1\"><span style=\"color:black;font-weight: bold\">•</span> Система показывает, что отделение загружено не полностью (98%), но не выдает талон. Почему?</h4>\r\n    <div class=\"accordion-content default\" style=\"display: none;\">\r\n    <p class=\"item-card__description\">Это возможно в отделениях с одним окном приема граждан. Это значит, что время действительно есть, но его не достаточно для оказания выбранной Вами услуги.\r\n    </p></div>\r\n    \r\n    <h4 class=\"accordion-toggle text-color_1\"><span style=\"color:black;font-weight: bold\">•</span> Я просмотрел электронную очередь и увидел, что нет свободных дат на несколько лет вперед. Это значит, что все талоны разобраны на годы вперед?</h4>\r\n    <div class=\"accordion-content default\" style=\"display: none;\">\r\n    <p class=\"item-card__description\">Нет. Это значит, что в настоящее время электронная очередь не работает. Система открывается определенного числа и на определенный период (ориентировочно месяц) и закрывается после того, как все талоны выбраны.\r\n    </p></div>\r\n    \r\n    <h4 class=\"accordion-toggle text-color_1\"><span style=\"color:black;font-weight: bold\">•</span> Можно ли получить два талона в один день?</h4>\r\n    <div class=\"accordion-content default\" style=\"display: none;\">\r\n    <p class=\"item-card__description\">Нет, в сутки один заявитель может получить не более одного талона.\r\n    </p></div>\r\n    \r\n    <h4 class=\"accordion-toggle text-color_1\"><span style=\"color:black;font-weight: bold\">•</span> Можно ли зарегистрировать недвижимость, не в том отделении, которое предложила система, а там, где мне удобнее, например, по месту проживания?</h4>\r\n    <div class=\"accordion-content default\" style=\"display: none;\">\r\n    <p class=\"item-card__description\">Нет, регистрировать собственность, в настоящее время, можно только в том отделении, которое предложит система. \r\n    </p></div>\r\n    \r\n    <h4 class=\"accordion-toggle text-color_1\"><span style=\"color:black;font-weight: bold\">•</span> Могу ли я зарегистрироваться в системе, если у меня украинский паспорт?</h4>\r\n    <div class=\"accordion-content default\" style=\"display: none;\">\r\n    <p class=\"item-card__description\">Да, для этого в поле «Серия паспорта» нужно ввести «0000», а в поле «Номер паспорта» - номер своего украинского паспорта.\r\n    </p></div>    \r\n\r\n    <h4 class=\"accordion-toggle text-color_1\"><span style=\"color:black;font-weight: bold\">•</span> Где еще можно получить услуги предоставляемые Госкомрегистром?</h4>\r\n    <div class=\"accordion-content default\" style=\"display: none;\">\r\n    <p class=\"item-card__description\">Через многофункциональные центры (МФЦ), за дополнительной информацией обращайтесь по телефону 8-800-100-42-09.\r\n    </p></div>   \r\n     \r\n\r\n    <h4 class=\"accordion-toggle text-color_1\"><span style=\"color:black;font-weight: bold\">•</span> Для того чтобы забрать документы из Госкомрегистра нужно еще раз регистрироваться в электронной очереди?</h4>\r\n    <div class=\"accordion-content default\" style=\"display: none;\">\r\n    <p class=\"item-card__description\">Нет, для этого не нужна предварительная регистрация. Можно просто прийти в отделение Госкомрегистра. Справки по телефону: (3652)66-74-00\r\n    </p></div>    \r\n\r\n    <h4 class=\"accordion-toggle text-color_1\"><span style=\"color:black;font-weight: bold\">•</span> Я зарегистрировался в системе, но не получил на электронный ящик письмо с логином и паролем.</h4>\r\n    <div class=\"accordion-content default\" style=\"display: none;\">\r\n    <p class=\"item-card__description\">Вариант 1: Проверьте папку «Спам»<br>\r\n 	Вариант 2: Проверьте правильность написания электронного адреса.\r\n    </p></div>    \r\n\r\n    <h4 class=\"accordion-toggle text-color_1\"><span style=\"color:black;font-weight: bold\">•</span> Я забыл логин/пароль и не могу воспользоваться кнопкой «Забыли пароль», потому что не помню пароль и от своего почтового ящика.</h4>\r\n    <div class=\"accordion-content default\" style=\"display: none;\">\r\n    <p class=\"item-card__description\">Опишите проблему в письменном виде, приложите скан-копию паспорта, напишите адрес электронной почты, от которой вы помните пароль. Отправьте письмо на электронный адрес техподдержки support@krtech.ru . На указанный вами адрес будет выслан логин и пароль.\r\n    </p></div>    \r\n\r\n    <h4 class=\"accordion-toggle text-color_1\"><span style=\"color:black;font-weight: bold\">•</span> Можно ли исправить ошибку, которую мы допустили, когда получали талон?</h4>\r\n    <div class=\"accordion-content default\" style=\"display: none;\">\r\n    <p class=\"item-card__description\">Ошибку можно исправит только в случае обращения к операторам техподдержки от специалистов Госкомрегистра.\r\n    </p></div>    \r\n\r\n    <h4 class=\"accordion-toggle text-color_1\"><span style=\"color:black;font-weight: bold\">•</span> Я получил талон, что мне делать дальше?</h4>\r\n    <div class=\"accordion-content default\" style=\"display: none;\">\r\n    <p class=\"item-card__description\">С талоном, выданным системой, нужно в выбранную дату к указанному времени (желательно заранее) прийти в отделение Госкомрегистра (адрес и номер отделения указан в талоне). В отделении ввести номер талона в терминал электронной очереди.\r\n    </p></div>\r\n    \r\n    <h4 class=\"accordion-toggle text-color_1\"><span style=\"color:black;font-weight: bold\">•</span> Кто попадает в число льготных категорий граждан?</h4>\r\n    <div class=\"accordion-content default\" style=\"display: none;\">\r\n    <p class=\"item-card__description\">- Герои Советского Союза; <br>\r\n    - Герои Российской Федерации; <br>\r\n    - Полные кавалеры ордена Славы и их семьи; <br>\r\n    - Инвалиды и участники Великой Отечественной войны; <br>\r\n    - Лица, награжденные знаком «Жителю блокадного Ленинграда»; <br>\r\n    - Герои Социалистического труда и полные кавалеры ордена Трудовой Славы; <br>\r\n    - Ветераны боевых действий на территории СССР; <br>\r\n    - Инвалиды 1,2 групп; <br>\r\n    - Несовершеннолетние узники концлагерей; <br>\r\n    - Граждане с малолетними детьми до 1,5 года; <br>\r\n    - Граждане в пенсионном возрасте от 70 лет и старше; <br>\r\n    - Ветераны военной службы; <br>\r\n    - Ветераны государственной службы.<br>\r\n    </p></div>\r\n    \r\n    <h4 class=\"accordion-toggle text-color_1\"><span style=\"color:black;font-weight: bold\">•</span> На главной странице нет кнопки «войти» или «зарегистрироваться»</h4>\r\n    <div class=\"accordion-content default\" style=\"display: none;\">\r\n    <p class=\"item-card__description\">Вы используете не тот интернет-браузер. Повторите операцию в браузерах Mozilla Firefox или Google Chrome.\r\n    </p></div>\r\n\r\n    <h4 class=\"accordion-toggle text-color_1\"><span style=\"color:black;font-weight: bold\">•</span> При постановке в очередь, заполняя адрес, невозможно поставить курсор на поле «дом».</h4>\r\n    <div class=\"accordion-content default\" style=\"display: none;\">\r\n    <p class=\"item-card__description\">Вы используете не тот интернет-браузер. Повторите операцию в браузерах Mozilla Firefox или Google Chrome.\r\n    </p></div>\r\n\r\n    <h4 class=\"accordion-toggle text-color_1\"><span style=\"color:black;font-weight: bold\">•</span> При регистрации аккаунта невозможно поставить галочку «Согласен на обработку персональных данных». </h4>\r\n    <div class=\"accordion-content default\" style=\"display: none;\">\r\n    <p class=\"item-card__description\">Вы используете не тот интернет-браузер. Повторите операцию в браузерах Mozilla Firefox или Google Chrome.\r\n    </p></div>\r\n    \r\n    <h4 class=\"accordion-toggle text-color_1\"><span style=\"color:black;font-weight: bold\">•</span> Почему я не могу ввести буквы с картинки? </h4>\r\n    <div class=\"accordion-content default\" style=\"display: none;\">\r\n    <p class=\"item-card__description\">Капча (буквы с картинки) вводится только тогда, когда заполнены все обязательные поля.\r\n    </p></div>\r\n\r\n    <h4 class=\"accordion-toggle text-color_1\"><span style=\"color:black;font-weight: bold\">•</span> Не нашли ответ на свой вопрос?</h4>\r\n    <div class=\"accordion-content default\" style=\"display: none;\">\r\n    <p class=\"item-card__description\">Обратитесь в справочную службу Госкомрегистра по телефонам +7 (3652) 66-74-00, +7 (978) 22-82-974, +7 (978) 22-82-970, +7 (978) 22-83-043\r\n    </p></div>\r\n</div>','2016-05-25 17:07:57'),(8,'Введите ссылку на страницу сюда...5555555555','Введите название страницы сюда...','Введите содержимое страницы сюда.','2016-06-21 11:39:27'),(9,'Введите ссылку на страницу сюда...','Введите название страницы сюда','Введите содержимое страницы сюда.','2016-07-01 12:03:06');
/*!40000 ALTER TABLE `static_pages` ENABLE KEYS */;
UNLOCK TABLES;

--
-- Table structure for table `statistic`
--

DROP TABLE IF EXISTS `statistic`;
/*!40101 SET @saved_cs_client     = @@character_set_client */;
/*!40101 SET character_set_client = utf8 */;
CREATE TABLE `statistic` (
  `id` bigint(20) NOT NULL AUTO_INCREMENT,
  `user_id` bigint(20) NOT NULL,
  `client_id` bigint(20) NOT NULL,
  `service_id` bigint(20) NOT NULL,
  `results_id` bigint(20) DEFAULT NULL,
  `user_start_time` datetime NOT NULL COMMENT 'Время начала обработки кастомера юзером.',
  `user_finish_time` datetime NOT NULL COMMENT 'Время завершения обработки кастомера юзером.',
  `client_stand_time` datetime NOT NULL COMMENT 'Время постановки кастомера в очередь',
  `user_work_period` int(11) NOT NULL COMMENT 'Время работы пользователя с клиентом в минутах.',
  `client_wait_period` int(11) NOT NULL COMMENT 'Время ожидания в минутах. Определяется триггером.',
  `state_in` int(11) NOT NULL DEFAULT '0' COMMENT 'Клиент перешел в это состояние',
  PRIMARY KEY (`id`),
  KEY `idx_work_user_id_users_id` (`user_id`),
  KEY `idx_work_сlient_id_сlients_id` (`client_id`),
  KEY `idx_work_service_id_services_id` (`service_id`),
  KEY `idx_statistic_results` (`results_id`),
  CONSTRAINT `fk_statistic_results` FOREIGN KEY (`results_id`) REFERENCES `results` (`id`) ON DELETE SET NULL ON UPDATE SET NULL,
  CONSTRAINT `fk_work_сlient_id_сlients_id` FOREIGN KEY (`client_id`) REFERENCES `clients` (`id`) ON DELETE CASCADE ON UPDATE CASCADE,
  CONSTRAINT `fk_work_service_id_services_id` FOREIGN KEY (`service_id`) REFERENCES `services` (`id`) ON DELETE CASCADE ON UPDATE CASCADE,
  CONSTRAINT `fk_work_user_id_users_id` FOREIGN KEY (`user_id`) REFERENCES `users` (`id`) ON DELETE CASCADE ON UPDATE CASCADE
) ENGINE=InnoDB AUTO_INCREMENT=178168 DEFAULT CHARSET=utf8 COMMENT='События работы пользователя с клиентом.Формируется триггером';
/*!40101 SET character_set_client = @saved_cs_client */;

--
-- Dumping data for table `statistic`
--

LOCK TABLES `statistic` WRITE;
/*!40000 ALTER TABLE `statistic` DISABLE KEYS */;
/*!40000 ALTER TABLE `statistic` ENABLE KEYS */;
UNLOCK TABLES;

--
-- Table structure for table `streets`
--

DROP TABLE IF EXISTS `streets`;
/*!40101 SET @saved_cs_client     = @@character_set_client */;
/*!40101 SET character_set_client = utf8 */;
CREATE TABLE `streets` (
  `id` bigint(20) NOT NULL AUTO_INCREMENT,
  `name` varchar(100) NOT NULL COMMENT 'Наименование улицы.',
  PRIMARY KEY (`id`,`name`)
) ENGINE=InnoDB DEFAULT CHARSET=utf8 COMMENT='Словарь улиц';
/*!40101 SET character_set_client = @saved_cs_client */;

--
-- Dumping data for table `streets`
--

LOCK TABLES `streets` WRITE;
/*!40000 ALTER TABLE `streets` DISABLE KEYS */;
/*!40000 ALTER TABLE `streets` ENABLE KEYS */;
UNLOCK TABLES;

--
-- Table structure for table `tcustomers`
--

DROP TABLE IF EXISTS `tcustomers`;
/*!40101 SET @saved_cs_client     = @@character_set_client */;
/*!40101 SET character_set_client = utf8 */;
CREATE TABLE `tcustomers` (
  `id` bigint(20) NOT NULL AUTO_INCREMENT,
  `birthday` datetime DEFAULT NULL,
  `code` varchar(32) COLLATE utf8_unicode_ci DEFAULT NULL,
  `created` datetime DEFAULT NULL,
  `email` varchar(255) COLLATE utf8_unicode_ci NOT NULL,
  `home_phone` varchar(14) COLLATE utf8_unicode_ci DEFAULT NULL,
  `issue` varchar(255) COLLATE utf8_unicode_ci DEFAULT NULL,
  `mobile_phone` varchar(14) COLLATE utf8_unicode_ci NOT NULL,
  `name` varchar(255) COLLATE utf8_unicode_ci NOT NULL,
  `no` varchar(6) COLLATE utf8_unicode_ci DEFAULT NULL,
  `patronymic` varchar(255) COLLATE utf8_unicode_ci NOT NULL,
  `serial` varchar(4) COLLATE utf8_unicode_ci DEFAULT NULL,
  `surname` varchar(255) COLLATE utf8_unicode_ci NOT NULL,
  `when_at` datetime DEFAULT NULL,
  `inn` varchar(12) COLLATE utf8_unicode_ci DEFAULT NULL,
  PRIMARY KEY (`id`)
) ENGINE=InnoDB AUTO_INCREMENT=93077 DEFAULT CHARSET=utf8 COLLATE=utf8_unicode_ci;
/*!40101 SET character_set_client = @saved_cs_client */;

--
-- Dumping data for table `tcustomers`
--

LOCK TABLES `tcustomers` WRITE;
/*!40000 ALTER TABLE `tcustomers` DISABLE KEYS */;
/*!40000 ALTER TABLE `tcustomers` ENABLE KEYS */;
UNLOCK TABLES;

--
-- Table structure for table `time_slots`
--

DROP TABLE IF EXISTS `time_slots`;
/*!40101 SET @saved_cs_client     = @@character_set_client */;
/*!40101 SET character_set_client = utf8 */;
CREATE TABLE `time_slots` (
  `id` bigint(20) NOT NULL AUTO_INCREMENT,
  `department_id` bigint(20) NOT NULL,
  `service_id` bigint(20) DEFAULT NULL,
  `time` datetime NOT NULL,
  `slots_count` int(11) NOT NULL COMMENT 'количество мест на это время',
  `busy_slots` int(11) NOT NULL DEFAULT '0' COMMENT 'количество уже записавшихся на это время',
  PRIMARY KEY (`id`),
  KEY `fk_time_slots_1_idx` (`service_id`),
  KEY `fk_time_slots_2_idx` (`department_id`),
  CONSTRAINT `fk_time_slots_1` FOREIGN KEY (`service_id`) REFERENCES `services` (`id`) ON DELETE CASCADE ON UPDATE CASCADE,
  CONSTRAINT `fk_time_slots_2` FOREIGN KEY (`department_id`) REFERENCES `department` (`id`) ON DELETE CASCADE ON UPDATE CASCADE
) ENGINE=InnoDB AUTO_INCREMENT=506869 DEFAULT CHARSET=utf8 COLLATE=utf8_unicode_ci;
/*!40101 SET character_set_client = @saved_cs_client */;

--
-- Dumping data for table `time_slots`
--

LOCK TABLES `time_slots` WRITE;
/*!40000 ALTER TABLE `time_slots` DISABLE KEYS */;
INSERT INTO `time_slots` VALUES (501061,53,1438757336230,'2015-10-13 08:00:00',120,120),(501062,53,1438757345406,'2015-10-13 08:15:00',120,115),(501063,53,1438757345406,'2015-10-13 08:30:00',120,120),(501064,53,1438757336230,'2015-10-13 08:45:00',120,110),(501065,53,1438757345406,'2015-10-13 09:00:00',120,120),(501066,53,1438757345406,'2015-10-13 09:15:00',120,120),(501067,53,1438757345406,'2015-10-13 09:30:00',120,120),(501068,53,1441100935734,'2015-10-13 09:45:00',120,125),(501069,53,1441100935734,'2015-10-13 10:00:00',120,130),(501070,53,1441100935734,'2015-10-13 10:15:00',120,120),(501071,53,1441100935734,'2015-10-13 10:30:00',120,125),(501072,53,1438757336230,'2015-10-13 10:45:00',120,110),(501073,53,1441100935734,'2015-10-13 11:00:00',120,120),(501074,53,1441100935734,'2015-10-13 11:15:00',120,125),(501075,53,1441100935734,'2015-10-13 11:30:00',120,105),(501076,53,1438757345406,'2015-10-13 11:45:00',120,120),(501077,53,1441100935734,'2015-10-13 12:00:00',60,70),(501078,53,1441100935734,'2015-10-13 12:15:00',60,55),(501079,53,1438757336230,'2015-10-13 12:30:00',60,60),(501080,53,1441100935734,'2015-10-13 12:45:00',60,65),(501081,53,1441100935734,'2015-10-13 13:00:00',60,65),(501082,53,1441100935734,'2015-10-13 13:15:00',60,65),(501083,53,1441100935734,'2015-10-13 13:30:00',60,65),(501084,53,1441100935734,'2015-10-13 13:45:00',60,65),(501085,53,1441100935734,'2015-10-13 14:00:00',120,125),(501086,53,1441100935734,'2015-10-13 14:15:00',120,125),(501087,53,1441100935734,'2015-10-13 14:30:00',120,130),(501088,53,1441100935734,'2015-10-13 14:45:00',120,105),(501089,53,1438757336230,'2015-10-13 15:00:00',120,120),(501090,53,1438757345406,'2015-10-13 15:15:00',120,120),(501091,53,1441100935734,'2015-10-13 15:30:00',120,90),(501092,53,1441100935734,'2015-10-13 15:45:00',120,130),(501093,53,1441100935734,'2015-10-13 16:00:00',120,120),(501094,53,1438757336230,'2015-10-13 16:15:00',120,120),(501095,53,1441100935734,'2015-10-13 16:30:00',120,120),(501096,53,1441100935734,'2015-10-13 16:45:00',120,120),(501097,53,1441100935734,'2015-10-13 17:00:00',120,125),(501098,53,1441100935734,'2015-10-13 17:15:00',120,120),(501099,53,1441100935734,'2015-10-13 17:30:00',120,115),(501100,53,1441100935734,'2015-10-13 17:45:00',120,115),(501101,53,1441100935734,'2015-10-13 18:00:00',120,120),(501102,53,1441100935734,'2015-10-13 18:15:00',120,125),(501103,53,1438757336230,'2015-10-13 18:30:00',120,125),(501104,53,1438757336230,'2015-10-13 18:45:00',120,95),(501105,53,1438757336230,'2015-10-14 09:00:00',120,120),(501106,53,1438757345406,'2015-10-14 09:15:00',120,115),(501107,53,1438757336230,'2015-10-14 09:30:00',120,115),(501108,53,1438757336230,'2015-10-14 09:45:00',120,120),(501109,53,1438757336230,'2015-10-14 10:00:00',120,115),(501110,53,1438757345406,'2015-10-14 10:15:00',120,120),(501111,53,1438757345406,'2015-10-14 10:30:00',120,115),(501112,53,1438757336230,'2015-10-14 10:45:00',120,120),(501113,53,1438757336230,'2015-10-14 11:00:00',120,120),(501114,53,1438757336230,'2015-10-14 11:15:00',120,120),(501115,53,1441100935734,'2015-10-14 11:30:00',120,115),(501116,53,1441100935734,'2015-10-14 11:45:00',120,115),(501117,53,1438757336230,'2015-10-14 12:00:00',60,60),(501118,53,1438757336230,'2015-10-14 12:15:00',60,55),(501119,53,1441100935734,'2015-10-14 12:30:00',60,65),(501120,53,1441100935734,'2015-10-14 12:45:00',60,55),(501121,53,1441100935734,'2015-10-14 13:00:00',60,70),(501122,53,1441100935734,'2015-10-14 13:15:00',60,60),(501123,53,1438757345406,'2015-10-14 13:30:00',60,55),(501124,53,1438757345406,'2015-10-14 13:45:00',60,60),(501125,53,1441100935734,'2015-10-14 14:00:00',120,125),(501126,53,1441100935734,'2015-10-14 14:15:00',120,120),(501127,53,1438757336230,'2015-10-14 14:30:00',120,120),(501128,53,1438757345406,'2015-10-14 14:45:00',120,115),(501129,53,1438757336230,'2015-10-14 15:00:00',120,120),(501130,53,1441100935734,'2015-10-14 15:15:00',120,125),(501131,53,1441100935734,'2015-10-14 15:30:00',120,125),(501132,53,1441100935734,'2015-10-14 15:45:00',120,125),(501133,53,1438757345406,'2015-10-14 16:00:00',120,120),(501134,53,1441100935734,'2015-10-14 16:15:00',120,135),(501135,53,1441100935734,'2015-10-14 16:30:00',120,130),(501136,53,1441100935734,'2015-10-14 16:45:00',120,90),(501137,53,1438757345406,'2015-10-15 09:00:00',120,120),(501138,53,1441100935734,'2015-10-15 09:15:00',120,125),(501139,53,1441100935734,'2015-10-15 09:30:00',120,125),(501140,53,1438757345406,'2015-10-15 09:45:00',120,115),(501141,53,1438757336230,'2015-10-15 10:00:00',120,120),(501142,53,1438757345406,'2015-10-15 10:15:00',120,115),(501143,53,1438757345406,'2015-10-15 10:30:00',120,120),(501144,53,1438757336230,'2015-10-15 10:45:00',120,115),(501145,53,1438757345406,'2015-10-15 11:00:00',120,115),(501146,53,1441100935734,'2015-10-15 11:15:00',120,120),(501147,53,1441100935734,'2015-10-15 11:30:00',120,115),(501148,53,1441100935734,'2015-10-15 11:45:00',120,130),(501149,53,1441100935734,'2015-10-15 12:00:00',60,60),(501150,53,1438757345406,'2015-10-15 12:15:00',60,55),(501151,53,1438757345406,'2015-10-15 12:30:00',60,60),(501152,53,1438757345406,'2015-10-15 12:45:00',60,60),(501153,53,1441100935734,'2015-10-15 13:00:00',60,65),(501154,53,1441100935734,'2015-10-15 13:15:00',60,65),(501155,53,1438757336230,'2015-10-15 13:30:00',60,55),(501156,53,1441100935734,'2015-10-15 13:45:00',60,70),(501157,53,1441100935734,'2015-10-15 14:00:00',120,130),(501158,53,1441100935734,'2015-10-15 14:15:00',120,120),(501159,53,1438757336230,'2015-10-15 14:30:00',120,115),(501160,53,1438757336230,'2015-10-15 14:45:00',120,115),(501161,53,1441100935734,'2015-10-15 15:00:00',120,115),(501162,53,1438757345406,'2015-10-15 15:15:00',120,120),(501163,53,1441100935734,'2015-10-15 15:30:00',120,125),(501164,53,1441100935734,'2015-10-15 15:45:00',120,120),(501165,53,1438757336230,'2015-10-15 16:00:00',120,115),(501166,53,1441100935734,'2015-10-15 16:15:00',120,115),(501167,53,1441100935734,'2015-10-15 16:30:00',120,115),(501168,53,1438757336230,'2015-10-15 16:45:00',120,120),(501169,53,1438757336230,'2015-10-15 17:00:00',120,120),(501170,53,1441100935734,'2015-10-15 17:15:00',120,120),(501171,53,1441100935734,'2015-10-15 17:30:00',120,110),(501172,53,1441100935734,'2015-10-15 17:45:00',120,110),(501173,53,1441100935734,'2015-10-15 18:00:00',120,120),(501174,53,1441100935734,'2015-10-15 18:15:00',120,115),(501175,53,1438757336230,'2015-10-15 18:30:00',120,120),(501176,53,1438757336230,'2015-10-15 18:45:00',120,110),(501177,53,1438757336230,'2015-10-16 09:00:00',120,120),(501178,53,1438757345406,'2015-10-16 09:15:00',120,115),(501179,53,1438757345406,'2015-10-16 09:30:00',120,115),(501180,53,1438757336230,'2015-10-16 09:45:00',120,120),(501181,53,1441100935734,'2015-10-16 10:00:00',120,120),(501182,53,1438757345406,'2015-10-16 10:15:00',120,120),(501183,53,1438757345406,'2015-10-16 10:30:00',120,115),(501184,53,1438757336230,'2015-10-16 10:45:00',120,125),(501185,53,1438757336230,'2015-10-16 11:00:00',120,125),(501186,53,1438757345406,'2015-10-16 11:15:00',120,120),(501187,53,1438757336230,'2015-10-16 11:30:00',120,125),(501188,53,1438757336230,'2015-10-16 11:45:00',120,125),(501189,53,1438757345406,'2015-10-16 12:00:00',60,70),(501190,53,1438757336230,'2015-10-16 12:15:00',60,60),(501191,53,1441100935734,'2015-10-16 12:30:00',60,55),(501192,53,1441100935734,'2015-10-16 12:45:00',60,55),(501193,53,1438757345406,'2015-10-16 13:00:00',60,65),(501194,53,1438757345406,'2015-10-16 13:15:00',60,50),(501195,53,1438757345406,'2015-10-16 13:30:00',60,60),(501196,53,1438757336230,'2015-10-16 13:45:00',60,60),(501197,53,1438757345406,'2015-10-16 14:00:00',120,115),(501198,53,1438757336230,'2015-10-16 14:15:00',120,115),(501199,53,1438757336230,'2015-10-16 14:30:00',120,115),(501200,53,1438757336230,'2015-10-16 14:45:00',120,120),(501201,53,1438757336230,'2015-10-16 15:00:00',120,115),(501202,53,1438757336230,'2015-10-16 15:15:00',120,110),(501203,53,1438757345406,'2015-10-16 15:30:00',120,115),(501204,53,1438757336230,'2015-10-16 15:45:00',120,120),(501205,53,1438757336230,'2015-10-17 09:00:00',120,105),(501206,53,1438757336230,'2015-10-17 09:15:00',120,120),(501207,53,1438757345406,'2015-10-17 09:30:00',120,110),(501208,53,1438757336230,'2015-10-17 09:45:00',120,90),(501209,53,1441100935734,'2015-10-17 10:00:00',120,115),(501210,53,1438757336230,'2015-10-17 10:15:00',120,115),(501211,53,1438757345406,'2015-10-17 10:30:00',120,120),(501212,53,1438757336230,'2015-10-17 10:45:00',120,90),(501213,53,1438757336230,'2015-10-17 11:00:00',120,105),(501214,53,1438757336230,'2015-10-17 11:15:00',120,90),(501215,53,1438757345406,'2015-10-17 11:30:00',120,75),(501216,53,1438757345406,'2015-10-17 11:45:00',120,65),(501217,53,1441100935734,'2015-10-17 12:00:00',60,60),(501218,53,1438757345406,'2015-10-17 12:15:00',60,55),(501219,53,1438757336230,'2015-10-17 12:30:00',60,60),(501220,53,1438757336230,'2015-10-17 12:45:00',60,25),(501221,53,1441100935734,'2015-10-20 08:00:00',120,120),(501222,53,1441100935734,'2015-10-20 08:15:00',120,125),(501223,53,1441100935734,'2015-10-20 08:30:00',120,125),(501224,53,1441100935734,'2015-10-20 08:45:00',120,120),(501225,53,1441100935734,'2015-10-20 09:00:00',120,120),(501226,53,1438757336230,'2015-10-20 09:15:00',120,115),(501227,53,1438757336230,'2015-10-20 09:30:00',120,125),(501228,53,1438757336230,'2015-10-20 09:45:00',120,125),(501229,53,1441100935734,'2015-10-20 10:00:00',120,115),(501230,53,1438757345406,'2015-10-20 10:15:00',120,125),(501231,53,1438757345406,'2015-10-20 10:30:00',120,120),(501232,53,1438757336230,'2015-10-20 10:45:00',120,120),(501233,53,1438757345406,'2015-10-20 11:00:00',120,125),(501234,53,1438757345406,'2015-10-20 11:15:00',120,120),(501235,53,1438757345406,'2015-10-20 11:30:00',120,125),(501236,53,1438757345406,'2015-10-20 11:45:00',120,120),(501237,53,1438757336230,'2015-10-20 12:00:00',60,60),(501238,53,1438757345406,'2015-10-20 12:15:00',60,70),(501239,53,1438757345406,'2015-10-20 12:30:00',60,60),(501240,53,1438757345406,'2015-10-20 12:45:00',60,55),(501241,53,1438757336230,'2015-10-20 13:00:00',60,60),(501242,53,1438757336230,'2015-10-20 13:15:00',60,50),(501243,53,1438757345406,'2015-10-20 13:30:00',60,60),(501244,53,1438757345406,'2015-10-20 13:45:00',60,70),(501245,53,1438757345406,'2015-10-20 14:00:00',120,120),(501246,53,1438757345406,'2015-10-20 14:15:00',120,120),(501247,53,1441100935734,'2015-10-20 14:30:00',120,120),(501248,53,1441100935734,'2015-10-20 14:45:00',120,110),(501249,53,1441100935734,'2015-10-20 15:00:00',120,120),(501250,53,1441100935734,'2015-10-20 15:15:00',120,115),(501251,53,1438757345406,'2015-10-20 15:30:00',120,120),(501252,53,1438757336230,'2015-10-20 15:45:00',120,110),(501253,53,1441100935734,'2015-10-20 16:00:00',120,120),(501254,53,1438757345406,'2015-10-20 16:15:00',120,125),(501255,53,1438757345406,'2015-10-20 16:30:00',120,125),(501256,53,1438757336230,'2015-10-20 16:45:00',120,90),(501257,53,1441100935734,'2015-10-20 17:00:00',120,130),(501258,53,1441100935734,'2015-10-20 17:15:00',120,110),(501259,53,1438757345406,'2015-10-20 17:30:00',120,120),(501260,53,1441100935734,'2015-10-20 17:45:00',120,120),(501261,53,1441100935734,'2015-10-20 18:00:00',120,130),(501262,53,1441100935734,'2015-10-20 18:15:00',120,120),(501263,53,1441100935734,'2015-10-20 18:30:00',120,130),(501264,53,1441100935734,'2015-10-20 18:45:00',120,85),(501265,53,1441100935734,'2015-10-21 09:00:00',120,120),(501266,53,1441100935734,'2015-10-21 09:15:00',120,120),(501267,53,1438757345406,'2015-10-21 09:30:00',120,125),(501268,53,1438757345406,'2015-10-21 09:45:00',120,120),(501269,53,1441100935734,'2015-10-21 10:00:00',120,120),(501270,53,1438757345406,'2015-10-21 10:15:00',120,130),(501271,53,1438757345406,'2015-10-21 10:30:00',120,120),(501272,53,1438757336230,'2015-10-21 10:45:00',120,120),(501273,53,1438757345406,'2015-10-21 11:00:00',120,130),(501274,53,1438757345406,'2015-10-21 11:15:00',120,130),(501275,53,1438757345406,'2015-10-21 11:30:00',120,125),(501276,53,1438757336230,'2015-10-21 11:45:00',120,115),(501277,53,1438757345406,'2015-10-21 12:00:00',60,60),(501278,53,1438757345406,'2015-10-21 12:15:00',60,65),(501279,53,1438757345406,'2015-10-21 12:30:00',60,60),(501280,53,1441100935734,'2015-10-21 12:45:00',60,60),(501281,53,1438757336230,'2015-10-21 13:00:00',60,55),(501282,53,1438757345406,'2015-10-21 13:15:00',60,55),(501283,53,1438757345406,'2015-10-21 13:30:00',60,70),(501284,53,1438757345406,'2015-10-21 13:45:00',60,60),(501285,53,1438757345406,'2015-10-21 14:00:00',120,85),(501286,53,1438757345406,'2015-10-21 14:15:00',120,125),(501287,53,1438757345406,'2015-10-21 14:30:00',120,130),(501288,53,1438757345406,'2015-10-21 14:45:00',120,110),(501289,53,1438757345406,'2015-10-21 15:00:00',120,125),(501290,53,1441100935734,'2015-10-21 15:15:00',120,115),(501291,53,1438757345406,'2015-10-21 15:30:00',120,120),(501292,53,1438757345406,'2015-10-21 15:45:00',120,115),(501293,53,1438757345406,'2015-10-21 16:00:00',120,115),(501294,53,1438757345406,'2015-10-21 16:15:00',120,115),(501295,53,1438757345406,'2015-10-21 16:30:00',120,120),(501296,53,1438757336230,'2015-10-21 16:45:00',120,85),(501297,53,1438757336230,'2015-10-22 09:00:00',120,120),(501298,53,1438757336230,'2015-10-22 09:15:00',120,115),(501299,53,1441100935734,'2015-10-22 09:30:00',120,120),(501300,53,1438757336230,'2015-10-22 09:45:00',120,115),(501301,53,1438757336230,'2015-10-22 10:00:00',120,120),(501302,53,1438757345406,'2015-10-22 10:15:00',120,125),(501303,53,1438757345406,'2015-10-22 10:30:00',120,125),(501304,53,1438757345406,'2015-10-22 10:45:00',120,130),(501305,53,1438757345406,'2015-10-22 11:00:00',120,125),(501306,53,1438757345406,'2015-10-22 11:15:00',120,115),(501307,53,1438757345406,'2015-10-22 11:30:00',120,115),(501308,53,1438757336230,'2015-10-22 11:45:00',120,115),(501309,53,1438757345406,'2015-10-22 12:00:00',60,60),(501310,53,1441100935734,'2015-10-22 12:15:00',60,65),(501311,53,1441100935734,'2015-10-22 12:30:00',60,65),(501312,53,1438757336230,'2015-10-22 12:45:00',60,60),(501313,53,1438757336230,'2015-10-22 13:00:00',60,60),(501314,53,1438757345406,'2015-10-22 13:15:00',60,55),(501315,53,1438757345406,'2015-10-22 13:30:00',60,50),(501316,53,1438757336230,'2015-10-22 13:45:00',60,55),(501317,53,1438757336230,'2015-10-22 14:00:00',120,120),(501318,53,1438757345406,'2015-10-22 14:15:00',120,120),(501319,53,1438757345406,'2015-10-22 14:30:00',120,125),(501320,53,1438757345406,'2015-10-22 14:45:00',120,120),(501321,53,1438757345406,'2015-10-22 15:00:00',120,120),(501322,53,1438757345406,'2015-10-22 15:15:00',120,120),(501323,53,1438757345406,'2015-10-22 15:30:00',120,115),(501324,53,1438757345406,'2015-10-22 15:45:00',120,120),(501325,53,1438757345406,'2015-10-22 16:00:00',120,120),(501326,53,1438757345406,'2015-10-22 16:15:00',120,115),(501327,53,1438757345406,'2015-10-22 16:30:00',120,120),(501328,53,1438757345406,'2015-10-22 16:45:00',120,120),(501329,53,1438757345406,'2015-10-22 17:00:00',120,115),(501330,53,1438757345406,'2015-10-22 17:15:00',120,125),(501331,53,1438757345406,'2015-10-22 17:30:00',120,130),(501332,53,1438757345406,'2015-10-22 17:45:00',120,105),(501333,53,1438757345406,'2015-10-22 18:00:00',120,120),(501334,53,1438757345406,'2015-10-22 18:15:00',120,115),(501335,53,1438757345406,'2015-10-22 18:30:00',120,120),(501336,53,1438757345406,'2015-10-22 18:45:00',120,60),(501337,53,1441100935734,'2015-10-23 09:00:00',120,120),(501338,53,1438757336230,'2015-10-23 09:15:00',120,120),(501339,53,1438757345406,'2015-10-23 09:30:00',120,120),(501340,53,1438757336230,'2015-10-23 09:45:00',120,115),(501341,53,1441100935734,'2015-10-23 10:00:00',120,120),(501342,53,1441100935734,'2015-10-23 10:15:00',120,110),(501343,53,1438757336230,'2015-10-23 10:30:00',120,120),(501344,53,1438757336230,'2015-10-23 10:45:00',120,120),(501345,53,1438757336230,'2015-10-23 11:00:00',120,115),(501346,53,1438757336230,'2015-10-23 11:15:00',120,115),(501347,53,1438757336230,'2015-10-23 11:30:00',120,120),(501348,53,1438757336230,'2015-10-23 11:45:00',120,80),(501349,53,1438757345406,'2015-10-23 12:00:00',60,40),(501350,53,1438757345406,'2015-10-23 12:15:00',60,45),(501351,53,1438757345406,'2015-10-23 12:30:00',60,65),(501352,53,1441100935734,'2015-10-23 12:45:00',60,60),(501353,53,1441100935734,'2015-10-23 13:00:00',60,70),(501354,53,1441100935734,'2015-10-23 13:15:00',60,60),(501355,53,1438757345406,'2015-10-23 13:30:00',60,60),(501356,53,1438757345406,'2015-10-23 13:45:00',60,60),(501357,53,1438757345406,'2015-10-23 14:00:00',120,130),(501358,53,1438757345406,'2015-10-23 14:15:00',120,105),(501359,53,1441100935734,'2015-10-23 14:30:00',120,110),(501360,53,1441100935734,'2015-10-23 14:45:00',120,120),(501361,53,1438757345406,'2015-10-23 15:00:00',120,120),(501362,53,1438757345406,'2015-10-23 15:15:00',120,115),(501363,53,1438757345406,'2015-10-23 15:30:00',120,115),(501364,53,1438757345406,'2015-10-23 15:45:00',120,110),(501365,53,1438757336230,'2015-10-24 09:00:00',120,120),(501366,53,1438757336230,'2015-10-24 09:15:00',120,120),(501367,53,1438757336230,'2015-10-24 09:30:00',120,115),(501368,53,1438757336230,'2015-10-24 09:45:00',120,90),(501369,53,1438757336230,'2015-10-24 10:00:00',120,110),(501370,53,1438757345406,'2015-10-24 10:15:00',120,115),(501371,53,1438757345406,'2015-10-24 10:30:00',120,90),(501372,53,1438757345406,'2015-10-24 10:45:00',120,75),(501373,53,1438757336230,'2015-10-24 11:00:00',120,120),(501374,53,1438757345406,'2015-10-24 11:15:00',120,110),(501375,53,1438757345406,'2015-10-24 11:30:00',120,90),(501376,53,1441100935734,'2015-10-24 11:45:00',120,55),(501377,53,1441100935734,'2015-10-24 12:00:00',60,55),(501378,53,1441100935734,'2015-10-24 12:15:00',60,60),(501379,53,1441100935734,'2015-10-24 12:30:00',60,25),(501380,53,1438757336230,'2015-10-24 12:45:00',60,55),(501381,54,1438757345406,'2015-10-13 08:00:00',30,30),(501382,54,1438757345406,'2015-10-13 08:15:00',30,25),(501383,54,1438757336230,'2015-10-13 08:30:00',30,30),(501384,54,1438757336230,'2015-10-13 08:45:00',30,25),(501385,54,1438757336230,'2015-10-13 09:00:00',30,30),(501386,54,1438757336230,'2015-10-13 09:15:00',30,30),(501387,54,1438757336230,'2015-10-13 09:30:00',30,30),(501388,54,1438757336230,'2015-10-13 09:45:00',30,25),(501389,54,1438757336230,'2015-10-13 10:00:00',30,30),(501390,54,1438757336230,'2015-10-13 10:15:00',30,30),(501391,54,1438757336230,'2015-10-13 10:30:00',30,30),(501392,54,1438757345406,'2015-10-13 10:45:00',30,25),(501393,54,1438757336230,'2015-10-13 11:00:00',30,25),(501394,54,1438757345406,'2015-10-13 11:15:00',30,30),(501395,54,1438757336230,'2015-10-13 11:30:00',30,25),(501396,54,1438757336230,'2015-10-13 11:45:00',30,30),(501397,54,1438757336230,'2015-10-13 12:00:00',15,15),(501398,54,1438757345406,'2015-10-13 12:15:00',15,15),(501399,54,1438757345406,'2015-10-13 12:30:00',15,10),(501400,54,1438757345406,'2015-10-13 12:45:00',15,15),(501401,54,1438757345406,'2015-10-13 13:00:00',15,10),(501402,54,1438757336230,'2015-10-13 13:15:00',15,15),(501403,54,1441100935734,'2015-10-13 13:30:00',15,15),(501404,54,1441100935734,'2015-10-13 13:45:00',15,10),(501405,54,1438757345406,'2015-10-13 14:00:00',30,30),(501406,54,1438757345406,'2015-10-13 14:15:00',30,25),(501407,54,1438757345406,'2015-10-13 14:30:00',30,25),(501408,54,1438757336230,'2015-10-13 14:45:00',30,30),(501409,54,1438757336230,'2015-10-13 15:00:00',30,25),(501410,54,1441100935734,'2015-10-13 15:15:00',30,30),(501411,54,1441100935734,'2015-10-13 15:30:00',30,40),(501412,54,1441100935734,'2015-10-13 15:45:00',30,40),(501413,54,1441100935734,'2015-10-13 16:00:00',30,35),(501414,54,1441100935734,'2015-10-13 16:15:00',30,25),(501415,54,1441100935734,'2015-10-13 16:30:00',30,25),(501416,54,1441100935734,'2015-10-13 16:45:00',30,25),(501417,54,1441100935734,'2015-10-13 17:00:00',30,30),(501418,54,1438757345406,'2015-10-13 17:15:00',30,35),(501419,54,1438757345406,'2015-10-13 17:30:00',30,30),(501420,54,1438757345406,'2015-10-13 17:45:00',30,40),(501421,54,1438757345406,'2015-10-13 18:00:00',30,35),(501422,54,1438757345406,'2015-10-13 18:15:00',30,25),(501423,54,1438757345406,'2015-10-13 18:30:00',30,30),(501424,54,1438757345406,'2015-10-13 18:45:00',30,25),(501425,54,1438757345406,'2015-10-13 19:00:00',30,30),(501426,54,1441100935734,'2015-10-13 19:15:00',30,35),(501427,54,1438757345406,'2015-10-13 19:30:00',30,30),(501428,54,1438757345406,'2015-10-13 19:45:00',30,20),(501429,54,1438757336230,'2015-10-14 09:00:00',30,30),(501430,54,1438757336230,'2015-10-14 09:15:00',30,30),(501431,54,1438757336230,'2015-10-14 09:30:00',30,30),(501432,54,1438757345406,'2015-10-14 09:45:00',30,25),(501433,54,1438757336230,'2015-10-14 10:00:00',30,25),(501434,54,1438757336230,'2015-10-14 10:15:00',30,30),(501435,54,1438757336230,'2015-10-14 10:30:00',30,25),(501436,54,1438757336230,'2015-10-14 10:45:00',30,30),(501437,54,1441100935734,'2015-10-14 11:00:00',30,30),(501438,54,1441100935734,'2015-10-14 11:15:00',30,30),(501439,54,1438757345406,'2015-10-14 11:30:00',30,35),(501440,54,1438757345406,'2015-10-14 11:45:00',30,25),(501441,54,1438757345406,'2015-10-14 12:00:00',15,15),(501442,54,1438757345406,'2015-10-14 12:15:00',15,10),(501443,54,1438757336230,'2015-10-14 12:30:00',15,15),(501444,54,1438757336230,'2015-10-14 12:45:00',15,15),(501445,54,1441100935734,'2015-10-14 13:00:00',15,15),(501446,54,1441100935734,'2015-10-14 13:15:00',15,15),(501447,54,1441100935734,'2015-10-14 13:30:00',15,10),(501448,54,1438757336230,'2015-10-14 13:45:00',15,15),(501449,54,1438757336230,'2015-10-14 14:00:00',30,30),(501450,54,1438757336230,'2015-10-14 14:15:00',30,25),(501451,54,1438757336230,'2015-10-14 14:30:00',30,30),(501452,54,1438757345406,'2015-10-14 14:45:00',30,30),(501453,54,1438757345406,'2015-10-14 15:00:00',30,35),(501454,54,1438757345406,'2015-10-14 15:15:00',30,30),(501455,54,1438757345406,'2015-10-14 15:30:00',30,40),(501456,54,1438757345406,'2015-10-14 15:45:00',30,40),(501457,54,1441100935734,'2015-10-14 16:00:00',30,25),(501458,54,1438757345406,'2015-10-14 16:15:00',30,25),(501459,54,1438757345406,'2015-10-14 16:30:00',30,25),(501460,54,1438757345406,'2015-10-14 16:45:00',30,25),(501461,54,1438757345406,'2015-10-14 17:00:00',30,30),(501462,54,1438757345406,'2015-10-14 17:15:00',30,35),(501463,54,1438757345406,'2015-10-14 17:30:00',30,30),(501464,54,1438757345406,'2015-10-14 17:45:00',30,20),(501465,54,1441100935734,'2015-10-15 09:00:00',30,30),(501466,54,1441100935734,'2015-10-15 09:15:00',30,25),(501467,54,1438757345406,'2015-10-15 09:30:00',30,30),(501468,54,1438757336230,'2015-10-15 09:45:00',30,25),(501469,54,1438757336230,'2015-10-15 10:00:00',30,30),(501470,54,1438757345406,'2015-10-15 10:15:00',30,30),(501471,54,1438757345406,'2015-10-15 10:30:00',30,45),(501472,54,1438757345406,'2015-10-15 10:45:00',30,30),(501473,54,1438757336230,'2015-10-15 11:00:00',30,30),(501474,54,1438757336230,'2015-10-15 11:15:00',30,30),(501475,54,1438757336230,'2015-10-15 11:30:00',30,30),(501476,54,1438757336230,'2015-10-15 11:45:00',30,25),(501477,54,1441100935734,'2015-10-15 12:00:00',15,15),(501478,54,1441100935734,'2015-10-15 12:15:00',15,10),(501479,54,1438757336230,'2015-10-15 12:30:00',15,15),(501480,54,1438757336230,'2015-10-15 12:45:00',15,15),(501481,54,1438757336230,'2015-10-15 13:00:00',15,15),(501482,54,1438757336230,'2015-10-15 13:15:00',15,15),(501483,54,1441100935734,'2015-10-15 13:30:00',15,15),(501484,54,1441100935734,'2015-10-15 13:45:00',15,10),(501485,54,1438757336230,'2015-10-15 14:00:00',30,30),(501486,54,1438757336230,'2015-10-15 14:15:00',30,30),(501487,54,1441100935734,'2015-10-15 14:30:00',30,30),(501488,54,1441100935734,'2015-10-15 14:45:00',30,25),(501489,54,1441100935734,'2015-10-15 15:00:00',30,30),(501490,54,1441100935734,'2015-10-15 15:15:00',30,25),(501491,54,1441100935734,'2015-10-15 15:30:00',30,25),(501492,54,1441100935734,'2015-10-15 15:45:00',30,25),(501493,54,1438757345406,'2015-10-15 16:00:00',30,30),(501494,54,1438757345406,'2015-10-15 16:15:00',30,35),(501495,54,1438757345406,'2015-10-15 16:30:00',30,45),(501496,54,1438757345406,'2015-10-15 16:45:00',30,30),(501497,54,1438757345406,'2015-10-15 17:00:00',30,30),(501498,54,1438757345406,'2015-10-15 17:15:00',30,30),(501499,54,1438757345406,'2015-10-15 17:30:00',30,35),(501500,54,1438757345406,'2015-10-15 17:45:00',30,30),(501501,54,1438757345406,'2015-10-15 18:00:00',30,40),(501502,54,1441100935734,'2015-10-15 18:15:00',30,20),(501503,54,1438757345406,'2015-10-15 18:30:00',30,30),(501504,54,1438757345406,'2015-10-15 18:45:00',30,20),(501505,54,1438757345406,'2015-10-15 19:00:00',30,30),(501506,54,1438757345406,'2015-10-15 19:15:00',30,25),(501507,54,1438757345406,'2015-10-15 19:30:00',30,40),(501508,54,1438757345406,'2015-10-15 19:45:00',30,20),(501509,54,1438757345406,'2015-10-16 09:00:00',30,30),(501510,54,1438757336230,'2015-10-16 09:15:00',30,25),(501511,54,1438757336230,'2015-10-16 09:30:00',30,30),(501512,54,1438757336230,'2015-10-16 09:45:00',30,30),(501513,54,1438757336230,'2015-10-16 10:00:00',30,30),(501514,54,1438757336230,'2015-10-16 10:15:00',30,30),(501515,54,1438757336230,'2015-10-16 10:30:00',30,30),(501516,54,1438757345406,'2015-10-16 10:45:00',30,30),(501517,54,1438757345406,'2015-10-16 11:00:00',30,20),(501518,54,1441100935734,'2015-10-16 11:15:00',30,30),(501519,54,1438757336230,'2015-10-16 11:30:00',30,30),(501520,54,1441100935734,'2015-10-16 11:45:00',30,25),(501521,54,1441100935734,'2015-10-16 12:00:00',15,15),(501522,54,1438757345406,'2015-10-16 12:15:00',15,25),(501523,54,1438757345406,'2015-10-16 12:30:00',15,10),(501524,54,1441100935734,'2015-10-16 12:45:00',15,15),(501525,54,1441100935734,'2015-10-16 13:00:00',15,15),(501526,54,1441100935734,'2015-10-16 13:15:00',15,10),(501527,54,1438757336230,'2015-10-16 13:30:00',15,15),(501528,54,1441100935734,'2015-10-16 13:45:00',15,15),(501529,54,1438757345406,'2015-10-16 14:00:00',30,30),(501530,54,1438757345406,'2015-10-16 14:15:00',30,20),(501531,54,1438757345406,'2015-10-16 14:30:00',30,30),(501532,54,1438757345406,'2015-10-16 14:45:00',30,25),(501533,54,1438757345406,'2015-10-16 15:00:00',30,25),(501534,54,1438757345406,'2015-10-16 15:15:00',30,25),(501535,54,1438757345406,'2015-10-16 15:30:00',30,40),(501536,54,1438757345406,'2015-10-16 15:45:00',30,20),(501537,54,1438757336230,'2015-10-17 09:00:00',30,30),(501538,54,1438757336230,'2015-10-17 09:15:00',30,30),(501539,54,1441100935734,'2015-10-17 09:30:00',30,15),(501540,54,1441100935734,'2015-10-17 09:45:00',30,25),(501541,54,1441100935734,'2015-10-17 10:00:00',30,25),(501542,54,1438757345406,'2015-10-17 10:15:00',30,25),(501543,54,1438757345406,'2015-10-17 10:30:00',30,25),(501544,54,1438757345406,'2015-10-17 10:45:00',30,10),(501545,54,1438757336230,'2015-10-17 11:00:00',30,30),(501546,54,1438757345406,'2015-10-17 11:15:00',30,30),(501547,54,1438757345406,'2015-10-17 11:30:00',30,30),(501548,54,1438757345406,'2015-10-17 11:45:00',30,25),(501549,54,1438757345406,'2015-10-17 12:00:00',15,10),(501550,54,NULL,'2015-10-17 12:15:00',15,0),(501551,54,1441100935734,'2015-10-17 12:30:00',15,15),(501552,54,1441100935734,'2015-10-17 12:45:00',15,10),(501553,54,1441100935734,'2015-10-20 08:00:00',30,30),(501554,54,1438757345406,'2015-10-20 08:15:00',30,40),(501555,54,1438757345406,'2015-10-20 08:30:00',30,35),(501556,54,1438757336230,'2015-10-20 08:45:00',30,30),(501557,54,1438757336230,'2015-10-20 09:00:00',30,30),(501558,54,1438757336230,'2015-10-20 09:15:00',30,30),(501559,54,1441100935734,'2015-10-20 09:30:00',30,30),(501560,54,1441100935734,'2015-10-20 09:45:00',30,25),(501561,54,1438757336230,'2015-10-20 10:00:00',30,30),(501562,54,1438757345406,'2015-10-20 10:15:00',30,30),(501563,54,1438757345406,'2015-10-20 10:30:00',30,40),(501564,54,1438757345406,'2015-10-20 10:45:00',30,35),(501565,54,1438757345406,'2015-10-20 11:00:00',30,30),(501566,54,1441100935734,'2015-10-20 11:15:00',30,25),(501567,54,1441100935734,'2015-10-20 11:30:00',30,30),(501568,54,1441100935734,'2015-10-20 11:45:00',30,20),(501569,54,1438757336230,'2015-10-20 12:00:00',15,15),(501570,54,1438757336230,'2015-10-20 12:15:00',15,15),(501571,54,1438757336230,'2015-10-20 12:30:00',15,15),(501572,54,1438757336230,'2015-10-20 12:45:00',15,15),(501573,54,1438757336230,'2015-10-20 13:00:00',15,15),(501574,54,1438757336230,'2015-10-20 13:15:00',15,15),(501575,54,1438757336230,'2015-10-20 13:30:00',15,15),(501576,54,1438757336230,'2015-10-20 13:45:00',15,15),(501577,54,1438757345406,'2015-10-20 14:00:00',30,30),(501578,54,1438757345406,'2015-10-20 14:15:00',30,20),(501579,54,1438757345406,'2015-10-20 14:30:00',30,30),(501580,54,1441100935734,'2015-10-20 14:45:00',30,25),(501581,54,1441100935734,'2015-10-20 15:00:00',30,25),(501582,54,1438757345406,'2015-10-20 15:15:00',30,30),(501583,54,1438757345406,'2015-10-20 15:30:00',30,25),(501584,54,1441100935734,'2015-10-20 15:45:00',30,25),(501585,54,1441100935734,'2015-10-20 16:00:00',30,25),(501586,54,1441100935734,'2015-10-20 16:15:00',30,25),(501587,54,1441100935734,'2015-10-20 16:30:00',30,30),(501588,54,1438757345406,'2015-10-20 16:45:00',30,35),(501589,54,1438757345406,'2015-10-20 17:00:00',30,25),(501590,54,1441100935734,'2015-10-20 17:15:00',30,25),(501591,54,1438757345406,'2015-10-20 17:30:00',30,40),(501592,54,1438757345406,'2015-10-20 17:45:00',30,20),(501593,54,1441100935734,'2015-10-20 18:00:00',30,30),(501594,54,1438757345406,'2015-10-20 18:15:00',30,30),(501595,54,1438757345406,'2015-10-20 18:30:00',30,35),(501596,54,1438757345406,'2015-10-20 18:45:00',30,45),(501597,54,1438757345406,'2015-10-20 19:00:00',30,30),(501598,54,1441100935734,'2015-10-20 19:15:00',30,30),(501599,54,1438757345406,'2015-10-20 19:30:00',30,40),(501600,54,1438757345406,'2015-10-20 19:45:00',30,20),(501601,54,1438757336230,'2015-10-21 09:00:00',30,30),(501602,54,1438757336230,'2015-10-21 09:15:00',30,25),(501603,54,1438757336230,'2015-10-21 09:30:00',30,30),(501604,54,1438757336230,'2015-10-21 09:45:00',30,30),(501605,54,1438757336230,'2015-10-21 10:00:00',30,30),(501606,54,1438757336230,'2015-10-21 10:15:00',30,25),(501607,54,1438757336230,'2015-10-21 10:30:00',30,30),(501608,54,1438757336230,'2015-10-21 10:45:00',30,30),(501609,54,1438757336230,'2015-10-21 11:00:00',30,30),(501610,54,1438757336230,'2015-10-21 11:15:00',30,30),(501611,54,1441100935734,'2015-10-21 11:30:00',30,30),(501612,54,1438757345406,'2015-10-21 11:45:00',30,40),(501613,54,1438757345406,'2015-10-21 12:00:00',15,20),(501614,54,1438757345406,'2015-10-21 12:15:00',15,15),(501615,54,1438757345406,'2015-10-21 12:30:00',15,10),(501616,54,1438757336230,'2015-10-21 12:45:00',15,15),(501617,54,1441100935734,'2015-10-21 13:00:00',15,15),(501618,54,1441100935734,'2015-10-21 13:15:00',15,10),(501619,54,1438757336230,'2015-10-21 13:30:00',15,15),(501620,54,1438757336230,'2015-10-21 13:45:00',15,15),(501621,54,1441100935734,'2015-10-21 14:00:00',30,30),(501622,54,1438757345406,'2015-10-21 14:15:00',30,40),(501623,54,1438757345406,'2015-10-21 14:30:00',30,35),(501624,54,1438757345406,'2015-10-21 14:45:00',30,40),(501625,54,1438757345406,'2015-10-21 15:00:00',30,35),(501626,54,1441100935734,'2015-10-21 15:15:00',30,30),(501627,54,1441100935734,'2015-10-21 15:30:00',30,20),(501628,54,1438757345406,'2015-10-21 15:45:00',30,30),(501629,54,1438757345406,'2015-10-21 16:00:00',30,25),(501630,54,1441100935734,'2015-10-21 16:15:00',30,25),(501631,54,1438757345406,'2015-10-21 16:30:00',30,25),(501632,54,1438757345406,'2015-10-21 16:45:00',30,30),(501633,54,1438757345406,'2015-10-21 17:00:00',30,20),(501634,54,1438757345406,'2015-10-21 17:15:00',30,30),(501635,54,1438757345406,'2015-10-21 17:30:00',30,35),(501636,54,1438757345406,'2015-10-21 17:45:00',30,10),(501637,54,1438757336230,'2015-10-22 09:00:00',30,30),(501638,54,1441100935734,'2015-10-22 09:15:00',30,30),(501639,54,1441100935734,'2015-10-22 09:30:00',30,20),(501640,54,1438757345406,'2015-10-22 09:45:00',30,30),(501641,54,1441100935734,'2015-10-22 10:00:00',30,25),(501642,54,1438757345406,'2015-10-22 10:15:00',30,30),(501643,54,1438757345406,'2015-10-22 10:30:00',30,20),(501644,54,1441100935734,'2015-10-22 10:45:00',30,30),(501645,54,1438757336230,'2015-10-22 11:00:00',30,30),(501646,54,1441100935734,'2015-10-22 11:15:00',30,25),(501647,54,1438757336230,'2015-10-22 11:30:00',30,30),(501648,54,1438757336230,'2015-10-22 11:45:00',30,30),(501649,54,1438757336230,'2015-10-22 12:00:00',15,15),(501650,54,1438757345406,'2015-10-22 12:15:00',15,15),(501651,54,1438757345406,'2015-10-22 12:30:00',15,10),(501652,54,1441100935734,'2015-10-22 12:45:00',15,15),(501653,54,1441100935734,'2015-10-22 13:00:00',15,15),(501654,54,1441100935734,'2015-10-22 13:15:00',15,10),(501655,54,1438757345406,'2015-10-22 13:30:00',15,15),(501656,54,1438757345406,'2015-10-22 13:45:00',15,10),(501657,54,1438757336230,'2015-10-22 14:00:00',30,30),(501658,54,1438757336230,'2015-10-22 14:15:00',30,30),(501659,54,1438757336230,'2015-10-22 14:30:00',30,25),(501660,54,1438757345406,'2015-10-22 14:45:00',30,30),(501661,54,1438757336230,'2015-10-22 15:00:00',30,25),(501662,54,1438757336230,'2015-10-22 15:15:00',30,30),(501663,54,1438757336230,'2015-10-22 15:30:00',30,30),(501664,54,1438757336230,'2015-10-22 15:45:00',30,30),(501665,54,1438757336230,'2015-10-22 16:00:00',30,25),(501666,54,1438757336230,'2015-10-22 16:15:00',30,30),(501667,54,1441100935734,'2015-10-22 16:30:00',30,30),(501668,54,1441100935734,'2015-10-22 16:45:00',30,25),(501669,54,1441100935734,'2015-10-22 17:00:00',30,25),(501670,54,1441100935734,'2015-10-22 17:15:00',30,30),(501671,54,1441100935734,'2015-10-22 17:30:00',30,20),(501672,54,1438757345406,'2015-10-22 17:45:00',30,30),(501673,54,1438757345406,'2015-10-22 18:00:00',30,30),(501674,54,1438757345406,'2015-10-22 18:15:00',30,20),(501675,54,NULL,'2015-10-22 18:30:00',30,0),(501676,54,NULL,'2015-10-22 18:45:00',30,0),(501677,54,NULL,'2015-10-22 19:00:00',30,0),(501678,54,1438757336230,'2015-10-22 19:15:00',30,15),(501679,54,NULL,'2015-10-22 19:30:00',30,0),(501680,54,NULL,'2015-10-22 19:45:00',30,0),(501681,54,1438757336230,'2015-10-23 09:00:00',30,30),(501682,54,1438757345406,'2015-10-23 09:15:00',30,30),(501683,54,1438757345406,'2015-10-23 09:30:00',30,25),(501684,54,1438757345406,'2015-10-23 09:45:00',30,25),(501685,54,1438757336230,'2015-10-23 10:00:00',30,25),(501686,54,1438757336230,'2015-10-23 10:15:00',30,30),(501687,54,1438757336230,'2015-10-23 10:30:00',30,30),(501688,54,1438757336230,'2015-10-23 10:45:00',30,30),(501689,54,1441100935734,'2015-10-23 11:00:00',30,30),(501690,54,1438757345406,'2015-10-23 11:15:00',30,35),(501691,54,1438757345406,'2015-10-23 11:30:00',30,30),(501692,54,1438757345406,'2015-10-23 11:45:00',30,40),(501693,54,1441100935734,'2015-10-23 12:00:00',15,15),(501694,54,1441100935734,'2015-10-23 12:15:00',15,10),(501695,54,1441100935734,'2015-10-23 12:30:00',15,15),(501696,54,1441100935734,'2015-10-23 12:45:00',15,15),(501697,54,1441100935734,'2015-10-23 13:00:00',15,10),(501698,54,1441100935734,'2015-10-23 13:15:00',15,15),(501699,54,1441100935734,'2015-10-23 13:30:00',15,15),(501700,54,1441100935734,'2015-10-23 13:45:00',15,10),(501701,54,1438757345406,'2015-10-23 14:00:00',30,30),(501702,54,1438757345406,'2015-10-23 14:15:00',30,25),(501703,54,1438757345406,'2015-10-23 14:30:00',30,30),(501704,54,1438757345406,'2015-10-23 14:45:00',30,20),(501705,54,1438757345406,'2015-10-23 15:00:00',30,30),(501706,54,1438757345406,'2015-10-23 15:15:00',30,35),(501707,54,1438757345406,'2015-10-23 15:30:00',30,15),(501708,54,1438757345406,'2015-10-23 15:45:00',30,10),(501709,54,1438757345406,'2015-10-24 09:00:00',30,30),(501710,54,1438757336230,'2015-10-24 09:15:00',30,25),(501711,54,1438757336230,'2015-10-24 09:30:00',30,30),(501712,54,1441100935734,'2015-10-24 09:45:00',30,30),(501713,54,1441100935734,'2015-10-24 10:00:00',30,25),(501714,54,1441100935734,'2015-10-24 10:15:00',30,15),(501715,54,1441100935734,'2015-10-24 10:30:00',30,10),(501716,54,NULL,'2015-10-24 10:45:00',30,0),(501717,54,1441100935734,'2015-10-24 11:00:00',30,15),(501718,54,1438757336230,'2015-10-24 11:15:00',30,30),(501719,54,1441100935734,'2015-10-24 11:30:00',30,10),(501720,54,NULL,'2015-10-24 11:45:00',30,0),(501721,54,NULL,'2015-10-24 12:00:00',15,0),(501722,54,NULL,'2015-10-24 12:15:00',15,0),(501723,54,1438757336230,'2015-10-24 12:30:00',15,15),(501724,54,NULL,'2015-10-24 12:45:00',15,0),(501725,56,1438757345406,'2015-10-13 08:00:00',15,15),(501726,56,1438757345406,'2015-10-13 08:15:00',15,30),(501727,56,1438757345406,'2015-10-13 08:30:00',15,20),(501728,56,1438757336230,'2015-10-13 08:45:00',15,15),(501729,56,1438757336230,'2015-10-13 09:00:00',15,15),(501730,56,1438757336230,'2015-10-13 09:15:00',15,15),(501731,56,1441100935734,'2015-10-13 09:30:00',15,15),(501732,56,1441100935734,'2015-10-13 09:45:00',15,10),(501733,56,1438757336230,'2015-10-13 10:00:00',15,15),(501734,56,1438757336230,'2015-10-13 10:15:00',15,15),(501735,56,1441100935734,'2015-10-13 10:30:00',15,15),(501736,56,1441100935734,'2015-10-13 10:45:00',15,10),(501737,56,1441100935734,'2015-10-13 11:00:00',15,15),(501738,56,1441100935734,'2015-10-13 11:15:00',15,10),(501739,56,1441100935734,'2015-10-13 11:30:00',15,15),(501740,56,1441100935734,'2015-10-13 11:45:00',15,10),(501741,56,1438757336230,'2015-10-13 12:00:00',15,15),(501742,56,1438757336230,'2015-10-13 12:15:00',15,15),(501743,56,1438757336230,'2015-10-13 12:30:00',15,15),(501744,56,NULL,'2015-10-13 12:45:00',15,0),(501745,56,1438757336230,'2015-10-13 13:00:00',15,15),(501746,56,1441100935734,'2015-10-13 13:15:00',15,15),(501747,56,1441100935734,'2015-10-13 13:30:00',15,10),(501748,56,NULL,'2015-10-13 13:45:00',15,0),(501749,56,1438757336230,'2015-10-13 14:00:00',15,15),(501750,56,1438757345406,'2015-10-13 14:15:00',15,15),(501751,56,1438757345406,'2015-10-13 14:30:00',15,10),(501752,56,1438757345406,'2015-10-13 14:45:00',15,15),(501753,56,1438757345406,'2015-10-13 15:00:00',15,10),(501754,56,NULL,'2015-10-13 15:15:00',15,0),(501755,56,1438757345406,'2015-10-13 15:30:00',15,15),(501756,56,1438757345406,'2015-10-13 15:45:00',15,10),(501757,56,1438757345406,'2015-10-13 16:00:00',15,15),(501758,56,1438757345406,'2015-10-13 16:15:00',15,10),(501759,56,1438757345406,'2015-10-13 16:30:00',15,15),(501760,56,1438757345406,'2015-10-13 16:45:00',15,15),(501761,56,1438757345406,'2015-10-13 17:00:00',15,10),(501762,56,1438757345406,'2015-10-13 17:15:00',15,15),(501763,56,1438757345406,'2015-10-13 17:30:00',15,10),(501764,56,NULL,'2015-10-13 17:45:00',15,0),(501765,56,1438757336230,'2015-10-14 09:00:00',15,15),(501766,56,1441100935734,'2015-10-14 09:15:00',15,15),(501767,56,1441100935734,'2015-10-14 09:30:00',15,10),(501768,56,1441100935734,'2015-10-14 09:45:00',15,15),(501769,56,1441100935734,'2015-10-14 10:00:00',15,10),(501770,56,1438757336230,'2015-10-14 10:15:00',15,15),(501771,56,1438757336230,'2015-10-14 10:30:00',15,15),(501772,56,1438757336230,'2015-10-14 10:45:00',15,15),(501773,56,1441100935734,'2015-10-14 11:00:00',15,15),(501774,56,1441100935734,'2015-10-14 11:15:00',15,15),(501775,56,1441100935734,'2015-10-14 11:30:00',15,10),(501776,56,1441100935734,'2015-10-14 11:45:00',15,15),(501777,56,1441100935734,'2015-10-14 12:00:00',15,10),(501778,56,1438757336230,'2015-10-14 12:15:00',15,15),(501779,56,1438757336230,'2015-10-14 12:30:00',15,15),(501780,56,1438757336230,'2015-10-14 12:45:00',15,15),(501781,56,1438757336230,'2015-10-14 13:00:00',15,15),(501782,56,1438757345406,'2015-10-14 13:15:00',15,15),(501783,56,1438757345406,'2015-10-14 13:30:00',15,10),(501784,56,NULL,'2015-10-14 13:45:00',15,0),(501785,56,1438757345406,'2015-10-14 14:00:00',15,15),(501786,56,1438757345406,'2015-10-14 14:15:00',15,10),(501787,56,1438757345406,'2015-10-14 14:30:00',15,15),(501788,56,1438757345406,'2015-10-14 14:45:00',15,10),(501789,56,NULL,'2015-10-14 15:00:00',15,0),(501790,56,NULL,'2015-10-14 15:15:00',15,0),(501791,56,1438757345406,'2015-10-14 15:30:00',15,15),(501792,56,1438757345406,'2015-10-14 15:45:00',15,10),(501793,56,1438757345406,'2015-10-14 16:00:00',15,15),(501794,56,1438757345406,'2015-10-14 16:15:00',15,10),(501795,56,1438757345406,'2015-10-14 16:30:00',15,15),(501796,56,1438757345406,'2015-10-14 16:45:00',15,10),(501797,56,1441100935734,'2015-10-15 09:00:00',15,15),(501798,56,1441100935734,'2015-10-15 09:15:00',15,10),(501799,56,1441100935734,'2015-10-15 09:30:00',15,15),(501800,56,1441100935734,'2015-10-15 09:45:00',15,10),(501801,56,1438757336230,'2015-10-15 10:00:00',15,15),(501802,56,1438757336230,'2015-10-15 10:15:00',15,15),(501803,56,1441100935734,'2015-10-15 10:30:00',15,15),(501804,56,1441100935734,'2015-10-15 10:45:00',15,10),(501805,56,1441100935734,'2015-10-15 11:00:00',15,15),(501806,56,1441100935734,'2015-10-15 11:15:00',15,10),(501807,56,1438757336230,'2015-10-15 11:30:00',15,15),(501808,56,1438757336230,'2015-10-15 11:45:00',15,15),(501809,56,1438757336230,'2015-10-15 12:00:00',15,15),(501810,56,1438757345406,'2015-10-15 12:15:00',15,15),(501811,56,1438757345406,'2015-10-15 12:30:00',15,25),(501812,56,NULL,'2015-10-15 12:45:00',15,0),(501813,56,1438757336230,'2015-10-15 13:00:00',15,15),(501814,56,NULL,'2015-10-15 13:15:00',15,0),(501815,56,1441100935734,'2015-10-15 13:30:00',15,15),(501816,56,1441100935734,'2015-10-15 13:45:00',15,10),(501817,56,1438757336230,'2015-10-15 14:00:00',15,15),(501818,56,1438757336230,'2015-10-15 14:15:00',15,15),(501819,56,1438757345406,'2015-10-15 14:30:00',15,15),(501820,56,1438757345406,'2015-10-15 14:45:00',15,15),(501821,56,1438757345406,'2015-10-15 15:00:00',15,10),(501822,56,1438757345406,'2015-10-15 15:15:00',15,15),(501823,56,1438757345406,'2015-10-15 15:30:00',15,10),(501824,56,NULL,'2015-10-15 15:45:00',15,0),(501825,56,1438757345406,'2015-10-15 16:00:00',15,15),(501826,56,1438757345406,'2015-10-15 16:15:00',15,10),(501827,56,1438757345406,'2015-10-15 16:30:00',15,15),(501828,56,1438757345406,'2015-10-15 16:45:00',15,10),(501829,56,1438757345406,'2015-10-15 17:00:00',15,15),(501830,56,1438757345406,'2015-10-15 17:15:00',15,15),(501831,56,1438757345406,'2015-10-15 17:30:00',15,10),(501832,56,NULL,'2015-10-15 17:45:00',15,0),(501833,56,1438757336230,'2015-10-16 09:00:00',15,15),(501834,56,1438757336230,'2015-10-16 09:15:00',15,15),(501835,56,1438757345406,'2015-10-16 09:30:00',15,15),(501836,56,1438757345406,'2015-10-16 09:45:00',15,10),(501837,56,1438757336230,'2015-10-16 10:00:00',15,15),(501838,56,1441100935734,'2015-10-16 10:15:00',15,15),(501839,56,1441100935734,'2015-10-16 10:30:00',15,10),(501840,56,1441100935734,'2015-10-16 10:45:00',15,15),(501841,56,1441100935734,'2015-10-16 11:00:00',15,10),(501842,56,1438757336230,'2015-10-16 11:15:00',15,15),(501843,56,1438757336230,'2015-10-16 11:30:00',15,15),(501844,56,1441100935734,'2015-10-16 11:45:00',15,15),(501845,56,1441100935734,'2015-10-16 12:00:00',15,15),(501846,56,1441100935734,'2015-10-16 12:15:00',15,10),(501847,56,NULL,'2015-10-16 12:30:00',15,0),(501848,56,1438757336230,'2015-10-16 12:45:00',15,15),(501849,56,1438757345406,'2015-10-16 13:00:00',15,15),(501850,56,1438757345406,'2015-10-16 13:15:00',15,10),(501851,56,NULL,'2015-10-16 13:30:00',15,0),(501852,56,NULL,'2015-10-16 13:45:00',15,0),(501853,56,1438757345406,'2015-10-16 14:00:00',15,15),(501854,56,1438757345406,'2015-10-16 14:15:00',15,10),(501855,56,NULL,'2015-10-16 14:30:00',15,0),(501856,56,1438757345406,'2015-10-16 14:45:00',15,15),(501857,56,1438757345406,'2015-10-16 15:00:00',15,10),(501858,56,1438757345406,'2015-10-16 15:15:00',15,15),(501859,56,1438757345406,'2015-10-16 15:30:00',15,10),(501860,56,1438757336230,'2015-10-16 15:45:00',15,15),(501861,56,NULL,'2015-10-17 09:00:00',15,0),(501862,56,NULL,'2015-10-17 09:15:00',15,0),(501863,56,NULL,'2015-10-17 09:30:00',15,0),(501864,56,1438757336230,'2015-10-17 09:45:00',15,15),(501865,56,1438757345406,'2015-10-17 10:00:00',15,15),(501866,56,1438757345406,'2015-10-17 10:15:00',15,10),(501867,56,1441100935734,'2015-10-17 10:30:00',15,15),(501868,56,1441100935734,'2015-10-17 10:45:00',15,10),(501869,56,NULL,'2015-10-17 11:00:00',15,0),(501870,56,NULL,'2015-10-17 11:15:00',15,0),(501871,56,NULL,'2015-10-17 11:30:00',15,0),(501872,56,1438757336230,'2015-10-17 11:45:00',15,15),(501873,56,1438757336230,'2015-10-20 08:00:00',15,15),(501874,56,1438757345406,'2015-10-20 08:15:00',15,15),(501875,56,1438757345406,'2015-10-20 08:30:00',15,25),(501876,56,1438757345406,'2015-10-20 08:45:00',15,10),(501877,56,1438757336230,'2015-10-20 09:00:00',15,15),(501878,56,1441100935734,'2015-10-20 09:15:00',15,15),(501879,56,1441100935734,'2015-10-20 09:30:00',15,10),(501880,56,1438757336230,'2015-10-20 09:45:00',15,15),(501881,56,1438757336230,'2015-10-20 10:00:00',15,15),(501882,56,1441100935734,'2015-10-20 10:15:00',15,15),(501883,56,1441100935734,'2015-10-20 10:30:00',15,10),(501884,56,1438757345406,'2015-10-20 10:45:00',15,15),(501885,56,1438757345406,'2015-10-20 11:00:00',15,10),(501886,56,1438757336230,'2015-10-20 11:15:00',15,15),(501887,56,1441100935734,'2015-10-20 11:30:00',15,15),(501888,56,1441100935734,'2015-10-20 11:45:00',15,10),(501889,56,1438757336230,'2015-10-20 12:00:00',15,15),(501890,56,1438757336230,'2015-10-20 12:15:00',15,15),(501891,56,1438757336230,'2015-10-20 12:30:00',15,15),(501892,56,NULL,'2015-10-20 12:45:00',15,0),(501893,56,1441100935734,'2015-10-20 13:00:00',15,15),(501894,56,1441100935734,'2015-10-20 13:15:00',15,10),(501895,56,1438757345406,'2015-10-20 13:30:00',15,15),(501896,56,1438757345406,'2015-10-20 13:45:00',15,15),(501897,56,1438757345406,'2015-10-20 14:00:00',15,10),(501898,56,1438757345406,'2015-10-20 14:15:00',15,15),(501899,56,1438757345406,'2015-10-20 14:30:00',15,10),(501900,56,NULL,'2015-10-20 14:45:00',15,0),(501901,56,1438757336230,'2015-10-20 15:00:00',15,15),(501902,56,1438757336230,'2015-10-20 15:15:00',15,15),(501903,56,1438757345406,'2015-10-20 15:30:00',15,15),(501904,56,1438757345406,'2015-10-20 15:45:00',15,10),(501905,56,1441100935734,'2015-10-20 16:00:00',15,15),(501906,56,1441100935734,'2015-10-20 16:15:00',15,15),(501907,56,1441100935734,'2015-10-20 16:30:00',15,10),(501908,56,NULL,'2015-10-20 16:45:00',15,0),(501909,56,1438757345406,'2015-10-20 17:00:00',15,15),(501910,56,1438757345406,'2015-10-20 17:15:00',15,15),(501911,56,1438757345406,'2015-10-20 17:30:00',15,10),(501912,56,NULL,'2015-10-20 17:45:00',15,0),(501913,56,1438757336230,'2015-10-21 09:00:00',15,15),(501914,56,1438757336230,'2015-10-21 09:15:00',15,15),(501915,56,1438757336230,'2015-10-21 09:30:00',15,15),(501916,56,1438757336230,'2015-10-21 09:45:00',15,15),(501917,56,1438757345406,'2015-10-21 10:00:00',15,15),(501918,56,1438757345406,'2015-10-21 10:15:00',15,10),(501919,56,1441100935734,'2015-10-21 10:30:00',15,15),(501920,56,1441100935734,'2015-10-21 10:45:00',15,10),(501921,56,1441100935734,'2015-10-21 11:00:00',15,15),(501922,56,1441100935734,'2015-10-21 11:15:00',15,10),(501923,56,1438757345406,'2015-10-21 11:30:00',15,15),(501924,56,1438757345406,'2015-10-21 11:45:00',15,10),(501925,56,1441100935734,'2015-10-21 12:00:00',15,15),(501926,56,1441100935734,'2015-10-21 12:15:00',15,10),(501927,56,1438757345406,'2015-10-21 12:30:00',15,15),(501928,56,1438757345406,'2015-10-21 12:45:00',15,10),(501929,56,1438757336230,'2015-10-21 13:00:00',15,15),(501930,56,1438757336230,'2015-10-21 13:15:00',15,15),(501931,56,1438757345406,'2015-10-21 13:30:00',15,15),(501932,56,1438757345406,'2015-10-21 13:45:00',15,10),(501933,56,1438757345406,'2015-10-21 14:00:00',15,15),(501934,56,1438757345406,'2015-10-21 14:15:00',15,10),(501935,56,1438757336230,'2015-10-21 14:30:00',15,15),(501936,56,NULL,'2015-10-21 14:45:00',15,0),(501937,56,1441100935734,'2015-10-21 15:00:00',15,15),(501938,56,1441100935734,'2015-10-21 15:15:00',15,10),(501939,56,1441100935734,'2015-10-21 15:30:00',15,15),(501940,56,1441100935734,'2015-10-21 15:45:00',15,10),(501941,56,1438757345406,'2015-10-21 16:00:00',15,15),(501942,56,1438757345406,'2015-10-21 16:15:00',15,15),(501943,56,1438757345406,'2015-10-21 16:30:00',15,10),(501944,56,1438757336230,'2015-10-21 16:45:00',15,15),(501945,56,1438757336230,'2015-10-22 09:00:00',15,15),(501946,56,1438757336230,'2015-10-22 09:15:00',15,15),(501947,56,1441100935734,'2015-10-22 09:30:00',15,15),(501948,56,1441100935734,'2015-10-22 09:45:00',15,15),(501949,56,1441100935734,'2015-10-22 10:00:00',15,10),(501950,56,1441100935734,'2015-10-22 10:15:00',15,15),(501951,56,1441100935734,'2015-10-22 10:30:00',15,10),(501952,56,1441100935734,'2015-10-22 10:45:00',15,15),(501953,56,1441100935734,'2015-10-22 11:00:00',15,15),(501954,56,1441100935734,'2015-10-22 11:15:00',15,10),(501955,56,1438757345406,'2015-10-22 11:30:00',15,15),(501956,56,1438757345406,'2015-10-22 11:45:00',15,10),(501957,56,1441100935734,'2015-10-22 12:00:00',15,15),(501958,56,1441100935734,'2015-10-22 12:15:00',15,10),(501959,56,1438757345406,'2015-10-22 12:30:00',15,15),(501960,56,1438757345406,'2015-10-22 12:45:00',15,15),(501961,56,1438757345406,'2015-10-22 13:00:00',15,10),(501962,56,1438757336230,'2015-10-22 13:15:00',15,15),(501963,56,1438757336230,'2015-10-22 13:30:00',15,15),(501964,56,1438757336230,'2015-10-22 13:45:00',15,15),(501965,56,1438757336230,'2015-10-22 14:00:00',15,15),(501966,56,1438757336230,'2015-10-22 14:15:00',15,15),(501967,56,1438757345406,'2015-10-22 14:30:00',15,15),(501968,56,1438757345406,'2015-10-22 14:45:00',15,10),(501969,56,1438757336230,'2015-10-22 15:00:00',15,15),(501970,56,1438757345406,'2015-10-22 15:15:00',15,15),(501971,56,1438757345406,'2015-10-22 15:30:00',15,10),(501972,56,NULL,'2015-10-22 15:45:00',15,0),(501973,56,NULL,'2015-10-22 16:00:00',15,0),(501974,56,1438757345406,'2015-10-22 16:15:00',15,15),(501975,56,1438757345406,'2015-10-22 16:30:00',15,10),(501976,56,1438757336230,'2015-10-22 16:45:00',15,15),(501977,56,1438757345406,'2015-10-22 17:00:00',15,15),(501978,56,1438757345406,'2015-10-22 17:15:00',15,15),(501979,56,1438757345406,'2015-10-22 17:30:00',15,10),(501980,56,NULL,'2015-10-22 17:45:00',15,0),(501981,56,1441100935734,'2015-10-23 09:00:00',15,15),(501982,56,1441100935734,'2015-10-23 09:15:00',15,15),(501983,56,1438757345406,'2015-10-23 09:30:00',15,25),(501984,56,1438757345406,'2015-10-23 09:45:00',15,10),(501985,56,1441100935734,'2015-10-23 10:00:00',15,15),(501986,56,1441100935734,'2015-10-23 10:15:00',15,10),(501987,56,1438757336230,'2015-10-23 10:30:00',15,15),(501988,56,1441100935734,'2015-10-23 10:45:00',15,15),(501989,56,1441100935734,'2015-10-23 11:00:00',15,15),(501990,56,1441100935734,'2015-10-23 11:15:00',15,10),(501991,56,NULL,'2015-10-23 11:30:00',15,0),(501992,56,1438757336230,'2015-10-23 11:45:00',15,15),(501993,56,1438757336230,'2015-10-23 12:00:00',15,15),(501994,56,NULL,'2015-10-23 12:15:00',15,0),(501995,56,1438757336230,'2015-10-23 12:30:00',15,15),(501996,56,1438757345406,'2015-10-23 12:45:00',15,15),(501997,56,1438757345406,'2015-10-23 13:00:00',15,10),(501998,56,NULL,'2015-10-23 13:15:00',15,0),(501999,56,1438757336230,'2015-10-23 13:30:00',15,15),(502000,56,1438757336230,'2015-10-23 13:45:00',15,15),(502001,56,1438757345406,'2015-10-23 14:00:00',15,15),(502002,56,1438757345406,'2015-10-23 14:15:00',15,15),(502003,56,1438757345406,'2015-10-23 14:30:00',15,10),(502004,56,1438757345406,'2015-10-23 14:45:00',15,15),(502005,56,1438757345406,'2015-10-23 15:00:00',15,10),(502006,56,1438757336230,'2015-10-23 15:15:00',15,15),(502007,56,1438757345406,'2015-10-23 15:30:00',15,15),(502008,56,1438757345406,'2015-10-23 15:45:00',15,10),(502009,56,1438757336230,'2015-10-24 09:00:00',15,15),(502010,56,1438757336230,'2015-10-24 09:15:00',15,15),(502011,56,NULL,'2015-10-24 09:30:00',15,0),(502012,56,NULL,'2015-10-24 09:45:00',15,0),(502013,56,NULL,'2015-10-24 10:00:00',15,0),(502014,56,1441100935734,'2015-10-24 10:15:00',15,15),(502015,56,1441100935734,'2015-10-24 10:30:00',15,10),(502016,56,NULL,'2015-10-24 10:45:00',15,0),(502017,56,1438757345406,'2015-10-24 11:00:00',15,15),(502018,56,1438757345406,'2015-10-24 11:15:00',15,10),(502019,56,NULL,'2015-10-24 11:30:00',15,0),(502020,56,NULL,'2015-10-24 11:45:00',15,0),(502021,57,1438757336230,'2015-10-13 08:00:00',30,30),(502022,57,1441100935734,'2015-10-13 08:15:00',30,25),(502023,57,1441100935734,'2015-10-13 08:30:00',30,30),(502024,57,1441100935734,'2015-10-13 08:45:00',30,25),(502025,57,1438757345406,'2015-10-13 09:00:00',30,30),(502026,57,1438757336230,'2015-10-13 09:15:00',30,30),(502027,57,1438757336230,'2015-10-13 09:30:00',30,25),(502028,57,1438757336230,'2015-10-13 09:45:00',30,30),(502029,57,1438757336230,'2015-10-13 10:00:00',30,30),(502030,57,1438757345406,'2015-10-13 10:15:00',30,25),(502031,57,1438757336230,'2015-10-13 10:30:00',30,25),(502032,57,1438757336230,'2015-10-13 10:45:00',30,30),(502033,57,1438757336230,'2015-10-13 11:00:00',30,30),(502034,57,1438757336230,'2015-10-13 11:15:00',30,30),(502035,57,1438757336230,'2015-10-13 11:30:00',30,30),(502036,57,1438757345406,'2015-10-13 11:45:00',30,15),(502037,57,1438757345406,'2015-10-13 12:00:00',15,25),(502038,57,1438757345406,'2015-10-13 12:15:00',15,10),(502039,57,1441100935734,'2015-10-13 12:30:00',15,15),(502040,57,1438757345406,'2015-10-13 12:45:00',15,25),(502041,57,1438757345406,'2015-10-13 13:00:00',15,15),(502042,57,1438757345406,'2015-10-13 13:15:00',15,25),(502043,57,1441100935734,'2015-10-13 13:30:00',15,10),(502044,57,1438757345406,'2015-10-13 13:45:00',15,15),(502045,57,1441100935734,'2015-10-13 14:00:00',30,25),(502046,57,1441100935734,'2015-10-13 14:15:00',30,30),(502047,57,1441100935734,'2015-10-13 14:30:00',30,25),(502048,57,1438757345406,'2015-10-13 14:45:00',30,25),(502049,57,1438757345406,'2015-10-13 15:00:00',30,45),(502050,57,1438757345406,'2015-10-13 15:15:00',30,30),(502051,57,1441100935734,'2015-10-13 15:30:00',30,30),(502052,57,1441100935734,'2015-10-13 15:45:00',30,20),(502053,57,1438757345406,'2015-10-13 16:00:00',30,30),(502054,57,1438757345406,'2015-10-13 16:15:00',30,25),(502055,57,1438757345406,'2015-10-13 16:30:00',30,40),(502056,57,1438757345406,'2015-10-13 16:45:00',30,20),(502057,57,1438757345406,'2015-10-14 08:00:00',30,30),(502058,57,1438757345406,'2015-10-14 08:15:00',30,45),(502059,57,1438757345406,'2015-10-14 08:30:00',30,35),(502060,57,1441100935734,'2015-10-14 08:45:00',30,25),(502061,57,1438757336230,'2015-10-14 09:00:00',30,30),(502062,57,1441100935734,'2015-10-14 09:15:00',30,30),(502063,57,1438757336230,'2015-10-14 09:30:00',30,25),(502064,57,1438757336230,'2015-10-14 09:45:00',30,30),(502065,57,1438757345406,'2015-10-14 10:00:00',30,45),(502066,57,1438757345406,'2015-10-14 10:15:00',30,30),(502067,57,1438757336230,'2015-10-14 10:30:00',30,30),(502068,57,1438757336230,'2015-10-14 10:45:00',30,25),(502069,57,1438757336230,'2015-10-14 11:00:00',30,30),(502070,57,1438757336230,'2015-10-14 11:15:00',30,25),(502071,57,1438757345406,'2015-10-14 11:30:00',30,30),(502072,57,1438757345406,'2015-10-14 11:45:00',30,20),(502073,57,1438757336230,'2015-10-14 12:00:00',15,15),(502074,57,1438757336230,'2015-10-14 12:15:00',15,15),(502075,57,1438757336230,'2015-10-14 12:30:00',15,15),(502076,57,1438757336230,'2015-10-14 12:45:00',15,15),(502077,57,1441100935734,'2015-10-14 13:00:00',15,15),(502078,57,1441100935734,'2015-10-14 13:15:00',15,10),(502079,57,1438757336230,'2015-10-14 13:30:00',15,15),(502080,57,1438757345406,'2015-10-14 13:45:00',15,15),(502081,57,1438757345406,'2015-10-14 14:00:00',30,25),(502082,57,1438757336230,'2015-10-14 14:15:00',30,30),(502083,57,1441100935734,'2015-10-14 14:30:00',30,25),(502084,57,1438757345406,'2015-10-14 14:45:00',30,25),(502085,57,1438757345406,'2015-10-14 15:00:00',30,25),(502086,57,1438757345406,'2015-10-14 15:15:00',30,30),(502087,57,1438757345406,'2015-10-14 15:30:00',30,25),(502088,57,1438757345406,'2015-10-14 15:45:00',30,25),(502089,57,1438757345406,'2015-10-14 16:00:00',30,25),(502090,57,1438757345406,'2015-10-14 16:15:00',30,25),(502091,57,1438757345406,'2015-10-14 16:30:00',30,40),(502092,57,1438757345406,'2015-10-14 16:45:00',30,20),(502093,57,1441100935734,'2015-10-15 08:00:00',30,30),(502094,57,1438757345406,'2015-10-15 08:15:00',30,40),(502095,57,1438757345406,'2015-10-15 08:30:00',30,35),(502096,57,1438757336230,'2015-10-15 08:45:00',30,30),(502097,57,1438757345406,'2015-10-15 09:00:00',30,45),(502098,57,1438757345406,'2015-10-15 09:15:00',30,30),(502099,57,1438757336230,'2015-10-15 09:30:00',30,30),(502100,57,1438757336230,'2015-10-15 09:45:00',30,25),(502101,57,1438757336230,'2015-10-15 10:00:00',30,30),(502102,57,1438757336230,'2015-10-15 10:15:00',30,25),(502103,57,1441100935734,'2015-10-15 10:30:00',30,30),(502104,57,1438757336230,'2015-10-15 10:45:00',30,25),(502105,57,1441100935734,'2015-10-15 11:00:00',30,30),(502106,57,1441100935734,'2015-10-15 11:15:00',30,20),(502107,57,1438757345406,'2015-10-15 11:30:00',30,30),(502108,57,1438757336230,'2015-10-15 11:45:00',30,25),(502109,57,1438757336230,'2015-10-15 12:00:00',15,15),(502110,57,1438757336230,'2015-10-15 12:15:00',15,15),(502111,57,1438757336230,'2015-10-15 12:30:00',15,15),(502112,57,1438757336230,'2015-10-15 12:45:00',15,15),(502113,57,1441100935734,'2015-10-15 13:00:00',15,15),(502114,57,1441100935734,'2015-10-15 13:15:00',15,15),(502115,57,1441100935734,'2015-10-15 13:30:00',15,10),(502116,57,1438757345406,'2015-10-15 13:45:00',15,15),(502117,57,1438757345406,'2015-10-15 14:00:00',30,25),(502118,57,1438757345406,'2015-10-15 14:15:00',30,30),(502119,57,1438757345406,'2015-10-15 14:30:00',30,30),(502120,57,1438757345406,'2015-10-15 14:45:00',30,25),(502121,57,1438757345406,'2015-10-15 15:00:00',30,25),(502122,57,1438757345406,'2015-10-15 15:15:00',30,25),(502123,57,1438757345406,'2015-10-15 15:30:00',30,25),(502124,57,1438757345406,'2015-10-15 15:45:00',30,30),(502125,57,1438757345406,'2015-10-15 16:00:00',30,20),(502126,57,1438757345406,'2015-10-15 16:15:00',30,30),(502127,57,1438757345406,'2015-10-15 16:30:00',30,40),(502128,57,1438757345406,'2015-10-15 16:45:00',30,20),(502129,57,1441100935734,'2015-10-16 08:00:00',30,30),(502130,57,1438757345406,'2015-10-16 08:15:00',30,40),(502131,57,1438757345406,'2015-10-16 08:30:00',30,40),(502132,57,1438757345406,'2015-10-16 08:45:00',30,35),(502133,57,1438757336230,'2015-10-16 09:00:00',30,30),(502134,57,1441100935734,'2015-10-16 09:15:00',30,30),(502135,57,1441100935734,'2015-10-16 09:30:00',30,25),(502136,57,1438757336230,'2015-10-16 09:45:00',30,25),(502137,57,1438757336230,'2015-10-16 10:00:00',30,30),(502138,57,1438757336230,'2015-10-16 10:15:00',30,30),(502139,57,1438757336230,'2015-10-16 10:30:00',30,25),(502140,57,1438757336230,'2015-10-16 10:45:00',30,30),(502141,57,1438757336230,'2015-10-16 11:00:00',30,30),(502142,57,1438757336230,'2015-10-16 11:15:00',30,25),(502143,57,1438757336230,'2015-10-16 11:30:00',30,30),(502144,57,1438757336230,'2015-10-16 11:45:00',30,30),(502145,57,1438757336230,'2015-10-16 12:00:00',15,15),(502146,57,1438757345406,'2015-10-16 12:15:00',15,15),(502147,57,1438757345406,'2015-10-16 12:30:00',15,15),(502148,57,1438757345406,'2015-10-16 12:45:00',15,10),(502149,57,1438757336230,'2015-10-16 13:00:00',15,15),(502150,57,1438757336230,'2015-10-16 13:15:00',15,15),(502151,57,1438757345406,'2015-10-16 13:30:00',15,15),(502152,57,1438757345406,'2015-10-16 13:45:00',15,15),(502153,57,1438757345406,'2015-10-16 14:00:00',30,25),(502154,57,1438757345406,'2015-10-16 14:15:00',30,25),(502155,57,1438757345406,'2015-10-16 14:30:00',30,25),(502156,57,1438757345406,'2015-10-16 14:45:00',30,30),(502157,57,1438757345406,'2015-10-16 15:00:00',30,35),(502158,57,1438757345406,'2015-10-16 15:15:00',30,25),(502159,57,1438757345406,'2015-10-16 15:30:00',30,25),(502160,57,1438757345406,'2015-10-16 15:45:00',30,25),(502161,57,1438757345406,'2015-10-16 16:00:00',30,25),(502162,57,1441100935734,'2015-10-16 16:15:00',30,30),(502163,57,1438757345406,'2015-10-16 16:30:00',30,40),(502164,57,1438757345406,'2015-10-16 16:45:00',30,20),(502165,57,1438757336230,'2015-10-17 08:00:00',30,30),(502166,57,1438757336230,'2015-10-17 08:15:00',30,30),(502167,57,1438757336230,'2015-10-17 08:30:00',30,30),(502168,57,1438757336230,'2015-10-17 08:45:00',30,30),(502169,57,1438757336230,'2015-10-17 09:00:00',30,30),(502170,57,1441100935734,'2015-10-17 09:15:00',30,25),(502171,57,1438757345406,'2015-10-17 09:30:00',30,45),(502172,57,1438757345406,'2015-10-17 09:45:00',30,30),(502173,57,1438757345406,'2015-10-17 10:00:00',30,45),(502174,57,1438757345406,'2015-10-17 10:15:00',30,30),(502175,57,1438757336230,'2015-10-17 10:30:00',30,30),(502176,57,1438757336230,'2015-10-17 10:45:00',30,30),(502177,57,1441100935734,'2015-10-17 11:00:00',30,25),(502178,57,1441100935734,'2015-10-17 11:15:00',30,25),(502179,57,1438757345406,'2015-10-17 11:30:00',30,30),(502180,57,1438757345406,'2015-10-17 11:45:00',30,25),(502181,57,1438757345406,'2015-10-17 12:00:00',15,10),(502182,57,1438757345406,'2015-10-17 12:15:00',15,15),(502183,57,1438757345406,'2015-10-17 12:30:00',15,10),(502184,57,1438757336230,'2015-10-17 12:45:00',15,15),(502185,57,1438757336230,'2015-10-17 13:00:00',15,15),(502186,57,1438757336230,'2015-10-17 13:15:00',15,15),(502187,57,1438757336230,'2015-10-17 13:30:00',15,15),(502188,57,1438757345406,'2015-10-17 13:45:00',15,15),(502189,57,1438757345406,'2015-10-17 14:00:00',30,25),(502190,57,1438757345406,'2015-10-17 14:15:00',30,30),(502191,57,1438757345406,'2015-10-17 14:30:00',30,20),(502192,57,1438757345406,'2015-10-17 14:45:00',30,30),(502193,57,1438757345406,'2015-10-17 15:00:00',30,35),(502194,57,1438757345406,'2015-10-17 15:15:00',30,25),(502195,57,1438757345406,'2015-10-17 15:30:00',30,40),(502196,57,1438757345406,'2015-10-17 15:45:00',30,10),(502197,57,1438757336230,'2015-10-20 08:00:00',30,30),(502198,57,1438757336230,'2015-10-20 08:15:00',30,25),(502199,57,1441100935734,'2015-10-20 08:30:00',30,30),(502200,57,1438757336230,'2015-10-20 08:45:00',30,25),(502201,57,1441100935734,'2015-10-20 09:00:00',30,30),(502202,57,1438757345406,'2015-10-20 09:15:00',30,40),(502203,57,1438757345406,'2015-10-20 09:30:00',30,35),(502204,57,1438757336230,'2015-10-20 09:45:00',30,30),(502205,57,1438757345406,'2015-10-20 10:00:00',30,40),(502206,57,1438757345406,'2015-10-20 10:15:00',30,35),(502207,57,1438757345406,'2015-10-20 10:30:00',30,30),(502208,57,1438757336230,'2015-10-20 10:45:00',30,35),(502209,57,1441100935734,'2015-10-20 11:00:00',30,30),(502210,57,1441100935734,'2015-10-20 11:15:00',30,25),(502211,57,1438757345406,'2015-10-20 11:30:00',30,25),(502212,57,1438757336230,'2015-10-20 11:45:00',30,25),(502213,57,1441100935734,'2015-10-20 12:00:00',15,15),(502214,57,1441100935734,'2015-10-20 12:15:00',15,10),(502215,57,1438757345406,'2015-10-20 12:30:00',15,15),(502216,57,1438757345406,'2015-10-20 12:45:00',15,10),(502217,57,1438757345406,'2015-10-20 13:00:00',15,15),(502218,57,1438757345406,'2015-10-20 13:15:00',15,10),(502219,57,1438757336230,'2015-10-20 13:30:00',15,15),(502220,57,1441100935734,'2015-10-20 13:45:00',15,15),(502221,57,1441100935734,'2015-10-20 14:00:00',30,25),(502222,57,1438757345406,'2015-10-20 14:15:00',30,25),(502223,57,1438757336230,'2015-10-20 14:30:00',30,30),(502224,57,1438757345406,'2015-10-20 14:45:00',30,25),(502225,57,1438757345406,'2015-10-20 15:00:00',30,30),(502226,57,1438757336230,'2015-10-20 15:15:00',30,35),(502227,57,1438757345406,'2015-10-20 15:30:00',30,30),(502228,57,1438757345406,'2015-10-20 15:45:00',30,20),(502229,57,1438757336230,'2015-10-20 16:00:00',30,30),(502230,57,1438757345406,'2015-10-20 16:15:00',30,30),(502231,57,1438757345406,'2015-10-20 16:30:00',30,25),(502232,57,1438757336230,'2015-10-20 16:45:00',30,30),(502233,57,1438757336230,'2015-10-21 08:00:00',30,30),(502234,57,1438757345406,'2015-10-21 08:15:00',30,25),(502235,57,1438757345406,'2015-10-21 08:30:00',30,40),(502236,57,1438757345406,'2015-10-21 08:45:00',30,25),(502237,57,1438757345406,'2015-10-21 09:00:00',30,40),(502238,57,1438757345406,'2015-10-21 09:15:00',30,30),(502239,57,1438757345406,'2015-10-21 09:30:00',30,35),(502240,57,1438757345406,'2015-10-21 09:45:00',30,25),(502241,57,1438757336230,'2015-10-21 10:00:00',30,30),(502242,57,1438757336230,'2015-10-21 10:15:00',30,25),(502243,57,1438757336230,'2015-10-21 10:30:00',30,30),(502244,57,1438757336230,'2015-10-21 10:45:00',30,30),(502245,57,1438757336230,'2015-10-21 11:00:00',30,30),(502246,57,1438757345406,'2015-10-21 11:15:00',30,40),(502247,57,1438757345406,'2015-10-21 11:30:00',30,40),(502248,57,1438757345406,'2015-10-21 11:45:00',30,20),(502249,57,1441100935734,'2015-10-21 12:00:00',15,15),(502250,57,1441100935734,'2015-10-21 12:15:00',15,10),(502251,57,1438757345406,'2015-10-21 12:30:00',15,15),(502252,57,1438757345406,'2015-10-21 12:45:00',15,10),(502253,57,1438757336230,'2015-10-21 13:00:00',15,15),(502254,57,1438757345406,'2015-10-21 13:15:00',15,15),(502255,57,1438757345406,'2015-10-21 13:30:00',15,25),(502256,57,1441100935734,'2015-10-21 13:45:00',15,10),(502257,57,1438757336230,'2015-10-21 14:00:00',30,30),(502258,57,1438757345406,'2015-10-21 14:15:00',30,25),(502259,57,1438757345406,'2015-10-21 14:30:00',30,25),(502260,57,1438757345406,'2015-10-21 14:45:00',30,25),(502261,57,1438757345406,'2015-10-21 15:00:00',30,25),(502262,57,1438757345406,'2015-10-21 15:15:00',30,30),(502263,57,1438757345406,'2015-10-21 15:30:00',30,25),(502264,57,1438757336230,'2015-10-21 15:45:00',30,30),(502265,57,1438757345406,'2015-10-21 16:00:00',30,30),(502266,57,1438757345406,'2015-10-21 16:15:00',30,25),(502267,57,1441100935734,'2015-10-21 16:30:00',30,25),(502268,57,1441100935734,'2015-10-21 16:45:00',30,10),(502269,57,1438757345406,'2015-10-22 08:00:00',30,45),(502270,57,1438757345406,'2015-10-22 08:15:00',30,30),(502271,57,1438757345406,'2015-10-22 08:30:00',30,30),(502272,57,1438757345406,'2015-10-22 08:45:00',30,25),(502273,57,1438757336230,'2015-10-22 09:00:00',30,30),(502274,57,1438757345406,'2015-10-22 09:15:00',30,40),(502275,57,1438757345406,'2015-10-22 09:30:00',30,35),(502276,57,1438757336230,'2015-10-22 09:45:00',30,30),(502277,57,1438757336230,'2015-10-22 10:00:00',30,30),(502278,57,1438757345406,'2015-10-22 10:15:00',30,25),(502279,57,1441100935734,'2015-10-22 10:30:00',30,25),(502280,57,1438757336230,'2015-10-22 10:45:00',30,25),(502281,57,1438757336230,'2015-10-22 11:00:00',30,30),(502282,57,1441100935734,'2015-10-22 11:15:00',30,25),(502283,57,1441100935734,'2015-10-22 11:30:00',30,30),(502284,57,1441100935734,'2015-10-22 11:45:00',30,20),(502285,57,1438757336230,'2015-10-22 12:00:00',15,15),(502286,57,1438757336230,'2015-10-22 12:15:00',15,15),(502287,57,1438757336230,'2015-10-22 12:30:00',15,15),(502288,57,1438757336230,'2015-10-22 12:45:00',15,15),(502289,57,1441100935734,'2015-10-22 13:00:00',15,15),(502290,57,1441100935734,'2015-10-22 13:15:00',15,10),(502291,57,1438757336230,'2015-10-22 13:30:00',15,15),(502292,57,1438757336230,'2015-10-22 13:45:00',15,15),(502293,57,1438757336230,'2015-10-22 14:00:00',30,30),(502294,57,1438757345406,'2015-10-22 14:15:00',30,30),(502295,57,1438757345406,'2015-10-22 14:30:00',30,40),(502296,57,1438757345406,'2015-10-22 14:45:00',30,30),(502297,57,1438757345406,'2015-10-22 15:00:00',30,20),(502298,57,1438757345406,'2015-10-22 15:15:00',30,30),(502299,57,1438757345406,'2015-10-22 15:30:00',30,20),(502300,57,1438757345406,'2015-10-22 15:45:00',30,30),(502301,57,1438757345406,'2015-10-22 16:00:00',30,20),(502302,57,1438757345406,'2015-10-22 16:15:00',30,30),(502303,57,1438757345406,'2015-10-22 16:30:00',30,40),(502304,57,1438757345406,'2015-10-22 16:45:00',30,20),(502305,57,1438757345406,'2015-10-23 08:00:00',30,45),(502306,57,1438757345406,'2015-10-23 08:15:00',30,30),(502307,57,1438757336230,'2015-10-23 08:30:00',30,30),(502308,57,1438757336230,'2015-10-23 08:45:00',30,25),(502309,57,1438757336230,'2015-10-23 09:00:00',30,30),(502310,57,1438757336230,'2015-10-23 09:15:00',30,25),(502311,57,1438757336230,'2015-10-23 09:30:00',30,30),(502312,57,1438757336230,'2015-10-23 09:45:00',30,25),(502313,57,1438757345406,'2015-10-23 10:00:00',30,45),(502314,57,1438757345406,'2015-10-23 10:15:00',30,30),(502315,57,1441100935734,'2015-10-23 10:30:00',30,30),(502316,57,1438757336230,'2015-10-23 10:45:00',30,35),(502317,57,1441100935734,'2015-10-23 11:00:00',30,30),(502318,57,1441100935734,'2015-10-23 11:15:00',30,25),(502319,57,1438757336230,'2015-10-23 11:30:00',30,25),(502320,57,1438757336230,'2015-10-23 11:45:00',30,30),(502321,57,1438757336230,'2015-10-23 12:00:00',15,15),(502322,57,1438757336230,'2015-10-23 12:15:00',15,15),(502323,57,1438757336230,'2015-10-23 12:30:00',15,15),(502324,57,1438757336230,'2015-10-23 12:45:00',15,15),(502325,57,1441100935734,'2015-10-23 13:00:00',15,15),(502326,57,1441100935734,'2015-10-23 13:15:00',15,15),(502327,57,1438757345406,'2015-10-23 13:30:00',15,25),(502328,57,1438757345406,'2015-10-23 13:45:00',15,10),(502329,57,1438757336230,'2015-10-23 14:00:00',30,30),(502330,57,1438757345406,'2015-10-23 14:15:00',30,30),(502331,57,1438757345406,'2015-10-23 14:30:00',30,30),(502332,57,1438757345406,'2015-10-23 14:45:00',30,25),(502333,57,1438757345406,'2015-10-23 15:00:00',30,40),(502334,57,1438757345406,'2015-10-23 15:15:00',30,25),(502335,57,1438757345406,'2015-10-23 15:30:00',30,25),(502336,57,1438757345406,'2015-10-23 15:45:00',30,25),(502337,57,1438757345406,'2015-10-23 16:00:00',30,30),(502338,57,1438757345406,'2015-10-23 16:15:00',30,35),(502339,57,1438757345406,'2015-10-23 16:30:00',30,25),(502340,57,1438757345406,'2015-10-23 16:45:00',30,25),(502341,57,1438757336230,'2015-10-24 08:00:00',30,30),(502342,57,1438757345406,'2015-10-24 08:15:00',30,45),(502343,57,1438757345406,'2015-10-24 08:30:00',30,30),(502344,57,1438757336230,'2015-10-24 08:45:00',30,30),(502345,57,1438757336230,'2015-10-24 09:00:00',30,30),(502346,57,1441100935734,'2015-10-24 09:15:00',30,30),(502347,57,1438757345406,'2015-10-24 09:30:00',30,25),(502348,57,1438757345406,'2015-10-24 09:45:00',30,25),(502349,57,1441100935734,'2015-10-24 10:00:00',30,25),(502350,57,1441100935734,'2015-10-24 10:15:00',30,25),(502351,57,1441100935734,'2015-10-24 10:30:00',30,25),(502352,57,1438757336230,'2015-10-24 10:45:00',30,25),(502353,57,1441100935734,'2015-10-24 11:00:00',30,30),(502354,57,1441100935734,'2015-10-24 11:15:00',30,25),(502355,57,1438757336230,'2015-10-24 11:30:00',30,25),(502356,57,1438757336230,'2015-10-24 11:45:00',30,30),(502357,57,1438757336230,'2015-10-24 12:00:00',15,15),(502358,57,1438757336230,'2015-10-24 12:15:00',15,15),(502359,57,1438757336230,'2015-10-24 12:30:00',15,15),(502360,57,1438757345406,'2015-10-24 12:45:00',15,15),(502361,57,1438757345406,'2015-10-24 13:00:00',15,10),(502362,57,1438757345406,'2015-10-24 13:15:00',15,15),(502363,57,1438757345406,'2015-10-24 13:30:00',15,10),(502364,57,1438757345406,'2015-10-24 13:45:00',15,15),(502365,57,1438757345406,'2015-10-24 14:00:00',30,25),(502366,57,1438757345406,'2015-10-24 14:15:00',30,25),(502367,57,1438757345406,'2015-10-24 14:30:00',30,30),(502368,57,1438757345406,'2015-10-24 14:45:00',30,25),(502369,57,1438757345406,'2015-10-24 15:00:00',30,30),(502370,57,1438757345406,'2015-10-24 15:15:00',30,25),(502371,57,1438757345406,'2015-10-24 15:30:00',30,40),(502372,57,1438757345406,'2015-10-24 15:45:00',30,20),(502373,58,1438757345406,'2015-10-13 08:00:00',15,15),(502374,58,1438757345406,'2015-10-13 08:15:00',15,10),(502375,58,1438757336230,'2015-10-13 08:30:00',15,15),(502376,58,1438757336230,'2015-10-13 08:45:00',15,15),(502377,58,1438757336230,'2015-10-13 09:00:00',15,15),(502378,58,1438757336230,'2015-10-13 09:15:00',15,15),(502379,58,1441100935734,'2015-10-13 09:30:00',15,15),(502380,58,1441100935734,'2015-10-13 09:45:00',15,10),(502381,58,1438757336230,'2015-10-13 10:00:00',15,15),(502382,58,1438757336230,'2015-10-13 10:15:00',15,15),(502383,58,1441100935734,'2015-10-13 10:30:00',15,15),(502384,58,1441100935734,'2015-10-13 10:45:00',15,10),(502385,58,1441100935734,'2015-10-13 11:00:00',15,15),(502386,58,1441100935734,'2015-10-13 11:15:00',15,10),(502387,58,1441100935734,'2015-10-13 11:30:00',15,15),(502388,58,1441100935734,'2015-10-13 11:45:00',15,10),(502389,58,1438757336230,'2015-10-13 12:00:00',15,15),(502390,58,1441100935734,'2015-10-13 12:15:00',15,15),(502391,58,1441100935734,'2015-10-13 12:30:00',15,15),(502392,58,1441100935734,'2015-10-13 12:45:00',15,10),(502393,58,1438757336230,'2015-10-13 13:00:00',15,15),(502394,58,1438757336230,'2015-10-13 13:15:00',15,15),(502395,58,1438757336230,'2015-10-13 13:30:00',15,15),(502396,58,1438757336230,'2015-10-13 13:45:00',15,15),(502397,58,1438757336230,'2015-10-13 14:00:00',15,15),(502398,58,1438757345406,'2015-10-13 14:15:00',15,15),(502399,58,1438757345406,'2015-10-13 14:30:00',15,15),(502400,58,1438757345406,'2015-10-13 14:45:00',15,10),(502401,58,1438757336230,'2015-10-13 15:00:00',15,15),(502402,58,1438757345406,'2015-10-13 15:15:00',15,15),(502403,58,1438757345406,'2015-10-13 15:30:00',15,25),(502404,58,1438757345406,'2015-10-13 15:45:00',15,10),(502405,58,1438757345406,'2015-10-13 16:00:00',15,15),(502406,58,1438757345406,'2015-10-13 16:15:00',15,15),(502407,58,1438757345406,'2015-10-13 16:30:00',15,10),(502408,58,1438757345406,'2015-10-13 16:45:00',15,15),(502409,58,1438757345406,'2015-10-13 17:00:00',15,10),(502410,58,1438757345406,'2015-10-13 17:15:00',15,15),(502411,58,1438757345406,'2015-10-13 17:30:00',15,10),(502412,58,1438757345406,'2015-10-13 17:45:00',15,15),(502413,58,1438757345406,'2015-10-13 18:00:00',15,10),(502414,58,NULL,'2015-10-13 18:15:00',15,0),(502415,58,1441100935734,'2015-10-13 18:30:00',15,15),(502416,58,1441100935734,'2015-10-13 18:45:00',15,15),(502417,58,1441100935734,'2015-10-13 19:00:00',15,10),(502418,58,NULL,'2015-10-13 19:15:00',15,0),(502419,58,1438757345406,'2015-10-13 19:30:00',15,15),(502420,58,1438757345406,'2015-10-13 19:45:00',15,10),(502421,58,1438757336230,'2015-10-14 09:00:00',15,15),(502422,58,NULL,'2015-10-14 09:15:00',15,0),(502423,58,1441100935734,'2015-10-14 09:30:00',15,15),(502424,58,1441100935734,'2015-10-14 09:45:00',15,15),(502425,58,1441100935734,'2015-10-14 10:00:00',15,10),(502426,58,1438757336230,'2015-10-14 10:15:00',15,15),(502427,58,1441100935734,'2015-10-14 10:30:00',15,15),(502428,58,1441100935734,'2015-10-14 10:45:00',15,10),(502429,58,1438757336230,'2015-10-14 11:00:00',15,15),(502430,58,1438757336230,'2015-10-14 11:15:00',15,15),(502431,58,1441100935734,'2015-10-14 11:30:00',15,15),(502432,58,1441100935734,'2015-10-14 11:45:00',15,15),(502433,58,1441100935734,'2015-10-14 12:00:00',15,10),(502434,58,1438757336230,'2015-10-14 12:15:00',15,15),(502435,58,1438757336230,'2015-10-14 12:30:00',15,15),(502436,58,1438757336230,'2015-10-14 12:45:00',15,15),(502437,58,1441100935734,'2015-10-14 13:00:00',15,15),(502438,58,1441100935734,'2015-10-14 13:15:00',15,10),(502439,58,1438757345406,'2015-10-14 13:30:00',15,15),(502440,58,1438757345406,'2015-10-14 13:45:00',15,10),(502441,58,1438757336230,'2015-10-14 14:00:00',15,15),(502442,58,1438757345406,'2015-10-14 14:15:00',15,15),(502443,58,1438757345406,'2015-10-14 14:30:00',15,10),(502444,58,1438757345406,'2015-10-14 14:45:00',15,15),(502445,58,1438757345406,'2015-10-14 15:00:00',15,15),(502446,58,1438757345406,'2015-10-14 15:15:00',15,10),(502447,58,1438757345406,'2015-10-14 15:30:00',15,15),(502448,58,1438757345406,'2015-10-14 15:45:00',15,15),(502449,58,1438757345406,'2015-10-14 16:00:00',15,10),(502450,58,1438757345406,'2015-10-14 16:15:00',15,15),(502451,58,1438757345406,'2015-10-14 16:30:00',15,10),(502452,58,1438757345406,'2015-10-14 16:45:00',15,15),(502453,58,1438757345406,'2015-10-14 17:00:00',15,10),(502454,58,1438757336230,'2015-10-14 17:15:00',15,15),(502455,58,NULL,'2015-10-14 17:30:00',15,0),(502456,58,NULL,'2015-10-14 17:45:00',15,0),(502457,58,1441100935734,'2015-10-15 09:00:00',15,15),(502458,58,1441100935734,'2015-10-15 09:15:00',15,10),(502459,58,1441100935734,'2015-10-15 09:30:00',15,15),(502460,58,1441100935734,'2015-10-15 09:45:00',15,10),(502461,58,1438757336230,'2015-10-15 10:00:00',15,15),(502462,58,1438757336230,'2015-10-15 10:15:00',15,15),(502463,58,1441100935734,'2015-10-15 10:30:00',15,15),(502464,58,1441100935734,'2015-10-15 10:45:00',15,10),(502465,58,1441100935734,'2015-10-15 11:00:00',15,15),(502466,58,1441100935734,'2015-10-15 11:15:00',15,10),(502467,58,1438757336230,'2015-10-15 11:30:00',15,15),(502468,58,1438757336230,'2015-10-15 11:45:00',15,15),(502469,58,1438757336230,'2015-10-15 12:00:00',15,15),(502470,58,1438757336230,'2015-10-15 12:15:00',15,15),(502471,58,1441100935734,'2015-10-15 12:30:00',15,15),(502472,58,1441100935734,'2015-10-15 12:45:00',15,10),(502473,58,1441100935734,'2015-10-15 13:00:00',15,15),(502474,58,1441100935734,'2015-10-15 13:15:00',15,15),(502475,58,1441100935734,'2015-10-15 13:30:00',15,10),(502476,58,1438757336230,'2015-10-15 13:45:00',15,15),(502477,58,1438757336230,'2015-10-15 14:00:00',15,15),(502478,58,NULL,'2015-10-15 14:15:00',15,0),(502479,58,1438757336230,'2015-10-15 14:30:00',15,15),(502480,58,1438757336230,'2015-10-15 14:45:00',15,15),(502481,58,1438757345406,'2015-10-15 15:00:00',15,15),(502482,58,1438757345406,'2015-10-15 15:15:00',15,10),(502483,58,1438757336230,'2015-10-15 15:30:00',15,15),(502484,58,1438757336230,'2015-10-15 15:45:00',15,15),(502485,58,1438757345406,'2015-10-15 16:00:00',15,15),(502486,58,1438757345406,'2015-10-15 16:15:00',15,15),(502487,58,1438757345406,'2015-10-15 16:30:00',15,10),(502488,58,1438757345406,'2015-10-15 16:45:00',15,15),(502489,58,1438757345406,'2015-10-15 17:00:00',15,15),(502490,58,1438757345406,'2015-10-15 17:15:00',15,10),(502491,58,1438757345406,'2015-10-15 17:30:00',15,15),(502492,58,1438757345406,'2015-10-15 17:45:00',15,10),(502493,58,1438757345406,'2015-10-15 18:00:00',15,15),(502494,58,1438757345406,'2015-10-15 18:15:00',15,10),(502495,58,1438757345406,'2015-10-15 18:30:00',15,15),(502496,58,1438757345406,'2015-10-15 18:45:00',15,10),(502497,58,1438757345406,'2015-10-15 19:00:00',15,15),(502498,58,1438757345406,'2015-10-15 19:15:00',15,10),(502499,58,1438757345406,'2015-10-15 19:30:00',15,15),(502500,58,1438757345406,'2015-10-15 19:45:00',15,10),(502501,58,1438757345406,'2015-10-16 09:00:00',15,15),(502502,58,1438757345406,'2015-10-16 09:15:00',15,10),(502503,58,1441100935734,'2015-10-16 09:30:00',15,15),(502504,58,1441100935734,'2015-10-16 09:45:00',15,10),(502505,58,1438757336230,'2015-10-16 10:00:00',15,15),(502506,58,1438757336230,'2015-10-16 10:15:00',15,15),(502507,58,NULL,'2015-10-16 10:30:00',15,0),(502508,58,1438757336230,'2015-10-16 10:45:00',15,15),(502509,58,1438757336230,'2015-10-16 11:00:00',15,15),(502510,58,1441100935734,'2015-10-16 11:15:00',15,15),(502511,58,1441100935734,'2015-10-16 11:30:00',15,15),(502512,58,1441100935734,'2015-10-16 11:45:00',15,10),(502513,58,1441100935734,'2015-10-16 12:00:00',15,15),(502514,58,1441100935734,'2015-10-16 12:15:00',15,10),(502515,58,NULL,'2015-10-16 12:30:00',15,0),(502516,58,1438757345406,'2015-10-16 12:45:00',15,15),(502517,58,1438757345406,'2015-10-16 13:00:00',15,10),(502518,58,1438757345406,'2015-10-16 13:15:00',15,15),(502519,58,1438757345406,'2015-10-16 13:30:00',15,10),(502520,58,NULL,'2015-10-16 13:45:00',15,0),(502521,58,1438757336230,'2015-10-16 14:00:00',15,15),(502522,58,1438757345406,'2015-10-16 14:15:00',15,15),(502523,58,1438757345406,'2015-10-16 14:30:00',15,15),(502524,58,1438757345406,'2015-10-16 14:45:00',15,10),(502525,58,1438757345406,'2015-10-16 15:00:00',15,15),(502526,58,1438757345406,'2015-10-16 15:15:00',15,10),(502527,58,1438757336230,'2015-10-16 15:30:00',15,15),(502528,58,1438757336230,'2015-10-16 15:45:00',15,15),(502529,58,1441100935734,'2015-10-17 09:00:00',15,15),(502530,58,1441100935734,'2015-10-17 09:15:00',15,10),(502531,58,NULL,'2015-10-17 09:30:00',15,0),(502532,58,NULL,'2015-10-17 09:45:00',15,0),(502533,58,1438757345406,'2015-10-17 10:00:00',15,15),(502534,58,1438757345406,'2015-10-17 10:15:00',15,10),(502535,58,NULL,'2015-10-17 10:30:00',15,0),(502536,58,NULL,'2015-10-17 10:45:00',15,0),(502537,58,1441100935734,'2015-10-17 11:00:00',15,15),(502538,58,1441100935734,'2015-10-17 11:15:00',15,10),(502539,58,NULL,'2015-10-17 11:30:00',15,0),(502540,58,1438757345406,'2015-10-17 11:45:00',15,15),(502541,58,1438757345406,'2015-10-17 12:00:00',15,10),(502542,58,1438757336230,'2015-10-17 12:15:00',15,15),(502543,58,1438757336230,'2015-10-17 12:30:00',15,15),(502544,58,1438757336230,'2015-10-17 12:45:00',15,15),(502545,58,1438757345406,'2015-10-20 08:00:00',15,15),(502546,58,1438757345406,'2015-10-20 08:15:00',15,10),(502547,58,1441100935734,'2015-10-20 08:30:00',15,15),(502548,58,1441100935734,'2015-10-20 08:45:00',15,10),(502549,58,1441100935734,'2015-10-20 09:00:00',15,15),(502550,58,1441100935734,'2015-10-20 09:15:00',15,10),(502551,58,1438757336230,'2015-10-20 09:30:00',15,15),(502552,58,1441100935734,'2015-10-20 09:45:00',15,15),(502553,58,1441100935734,'2015-10-20 10:00:00',15,10),(502554,58,1438757336230,'2015-10-20 10:15:00',15,15),(502555,58,1438757345406,'2015-10-20 10:30:00',15,15),(502556,58,1438757345406,'2015-10-20 10:45:00',15,10),(502557,58,1441100935734,'2015-10-20 11:00:00',15,15),(502558,58,1441100935734,'2015-10-20 11:15:00',15,10),(502559,58,1441100935734,'2015-10-20 11:30:00',15,15),(502560,58,1441100935734,'2015-10-20 11:45:00',15,10),(502561,58,1441100935734,'2015-10-20 12:00:00',15,15),(502562,58,1441100935734,'2015-10-20 12:15:00',15,10),(502563,58,1438757345406,'2015-10-20 12:30:00',15,15),(502564,58,1438757345406,'2015-10-20 12:45:00',15,10),(502565,58,1438757336230,'2015-10-20 13:00:00',15,15),(502566,58,1438757336230,'2015-10-20 13:15:00',15,15),(502567,58,1438757336230,'2015-10-20 13:30:00',15,15),(502568,58,1438757336230,'2015-10-20 13:45:00',15,15),(502569,58,1438757336230,'2015-10-20 14:00:00',15,15),(502570,58,1438757336230,'2015-10-20 14:15:00',15,15),(502571,58,1438757336230,'2015-10-20 14:30:00',15,15),(502572,58,1438757336230,'2015-10-20 14:45:00',15,15),(502573,58,1438757336230,'2015-10-20 15:00:00',15,15),(502574,58,1438757336230,'2015-10-20 15:15:00',15,15),(502575,58,1438757345406,'2015-10-20 15:30:00',15,15),(502576,58,1438757345406,'2015-10-20 15:45:00',15,10),(502577,58,1438757345406,'2015-10-20 16:00:00',15,15),(502578,58,1438757345406,'2015-10-20 16:15:00',15,10),(502579,58,1441100935734,'2015-10-20 16:30:00',15,15),(502580,58,1441100935734,'2015-10-20 16:45:00',15,15),(502581,58,1441100935734,'2015-10-20 17:00:00',15,10),(502582,58,1438757336230,'2015-10-20 17:15:00',15,15),(502583,58,1438757345406,'2015-10-20 17:30:00',15,15),(502584,58,1438757345406,'2015-10-20 17:45:00',15,15),(502585,58,1438757345406,'2015-10-20 18:00:00',15,10),(502586,58,NULL,'2015-10-20 18:15:00',15,0),(502587,58,1438757345406,'2015-10-20 18:30:00',15,15),(502588,58,1438757345406,'2015-10-20 18:45:00',15,10),(502589,58,1438757345406,'2015-10-20 19:00:00',15,15),(502590,58,1438757345406,'2015-10-20 19:15:00',15,10),(502591,58,1438757345406,'2015-10-20 19:30:00',15,15),(502592,58,1438757345406,'2015-10-20 19:45:00',15,10),(502593,58,1438757345406,'2015-10-21 09:00:00',15,15),(502594,58,1438757345406,'2015-10-21 09:15:00',15,15),(502595,58,1438757345406,'2015-10-21 09:30:00',15,10),(502596,58,1438757336230,'2015-10-21 09:45:00',15,15),(502597,58,1441100935734,'2015-10-21 10:00:00',15,15),(502598,58,1441100935734,'2015-10-21 10:15:00',15,10),(502599,58,1441100935734,'2015-10-21 10:30:00',15,15),(502600,58,1441100935734,'2015-10-21 10:45:00',15,10),(502601,58,1438757336230,'2015-10-21 11:00:00',15,15),(502602,58,1441100935734,'2015-10-21 11:15:00',15,15),(502603,58,1441100935734,'2015-10-21 11:30:00',15,10),(502604,58,1441100935734,'2015-10-21 11:45:00',15,15),(502605,58,1441100935734,'2015-10-21 12:00:00',15,10),(502606,58,1438757345406,'2015-10-21 12:15:00',15,15),(502607,58,1438757345406,'2015-10-21 12:30:00',15,15),(502608,58,1438757345406,'2015-10-21 12:45:00',15,10),(502609,58,1438757345406,'2015-10-21 13:00:00',15,15),(502610,58,1438757345406,'2015-10-21 13:15:00',15,15),(502611,58,1438757345406,'2015-10-21 13:30:00',15,10),(502612,58,1438757336230,'2015-10-21 13:45:00',15,15),(502613,58,1441100935734,'2015-10-21 14:00:00',15,15),(502614,58,1441100935734,'2015-10-21 14:15:00',15,10),(502615,58,1438757336230,'2015-10-21 14:30:00',15,15),(502616,58,1438757345406,'2015-10-21 14:45:00',15,15),(502617,58,1438757345406,'2015-10-21 15:00:00',15,15),(502618,58,1438757345406,'2015-10-21 15:15:00',15,10),(502619,58,1438757336230,'2015-10-21 15:30:00',15,15),(502620,58,1438757336230,'2015-10-21 15:45:00',15,15),(502621,58,1438757336230,'2015-10-21 16:00:00',15,15),(502622,58,1438757336230,'2015-10-21 16:15:00',15,15),(502623,58,1438757336230,'2015-10-21 16:30:00',15,15),(502624,58,1438757345406,'2015-10-21 16:45:00',15,15),(502625,58,1438757345406,'2015-10-21 17:00:00',15,10),(502626,58,NULL,'2015-10-21 17:15:00',15,0),(502627,58,NULL,'2015-10-21 17:30:00',15,0),(502628,58,NULL,'2015-10-21 17:45:00',15,0),(502629,58,1438757336230,'2015-10-22 09:00:00',15,15),(502630,58,1438757336230,'2015-10-22 09:15:00',15,15),(502631,58,1441100935734,'2015-10-22 09:30:00',15,15),(502632,58,1441100935734,'2015-10-22 09:45:00',15,10),(502633,58,1438757336230,'2015-10-22 10:00:00',15,15),(502634,58,1438757336230,'2015-10-22 10:15:00',15,15),(502635,58,1438757336230,'2015-10-22 10:30:00',15,15),(502636,58,1441100935734,'2015-10-22 10:45:00',15,15),(502637,58,1441100935734,'2015-10-22 11:00:00',15,15),(502638,58,1441100935734,'2015-10-22 11:15:00',15,10),(502639,58,1441100935734,'2015-10-22 11:30:00',15,15),(502640,58,1441100935734,'2015-10-22 11:45:00',15,10),(502641,58,1441100935734,'2015-10-22 12:00:00',15,15),(502642,58,1441100935734,'2015-10-22 12:15:00',15,10),(502643,58,1438757336230,'2015-10-22 12:30:00',15,15),(502644,58,1438757336230,'2015-10-22 12:45:00',15,15),(502645,58,1441100935734,'2015-10-22 13:00:00',15,15),(502646,58,1441100935734,'2015-10-22 13:15:00',15,10),(502647,58,1438757336230,'2015-10-22 13:30:00',15,15),(502648,58,1438757336230,'2015-10-22 13:45:00',15,15),(502649,58,1438757336230,'2015-10-22 14:00:00',15,15),(502650,58,1438757336230,'2015-10-22 14:15:00',15,15),(502651,58,1438757345406,'2015-10-22 14:30:00',15,15),(502652,58,1438757345406,'2015-10-22 14:45:00',15,10),(502653,58,1441100935734,'2015-10-22 15:00:00',15,15),(502654,58,1441100935734,'2015-10-22 15:15:00',15,10),(502655,58,1438757336230,'2015-10-22 15:30:00',15,15),(502656,58,1438757345406,'2015-10-22 15:45:00',15,15),(502657,58,1438757345406,'2015-10-22 16:00:00',15,10),(502658,58,1438757345406,'2015-10-22 16:15:00',15,15),(502659,58,1438757345406,'2015-10-22 16:30:00',15,10),(502660,58,1438757345406,'2015-10-22 16:45:00',15,15),(502661,58,1438757345406,'2015-10-22 17:00:00',15,10),(502662,58,NULL,'2015-10-22 17:15:00',15,0),(502663,58,1438757345406,'2015-10-22 17:30:00',15,15),(502664,58,1438757345406,'2015-10-22 17:45:00',15,10),(502665,58,1438757345406,'2015-10-22 18:00:00',15,15),(502666,58,1438757345406,'2015-10-22 18:15:00',15,10),(502667,58,1438757345406,'2015-10-22 18:30:00',15,15),(502668,58,1438757345406,'2015-10-22 18:45:00',15,15),(502669,58,1438757345406,'2015-10-22 19:00:00',15,10),(502670,58,1438757345406,'2015-10-22 19:15:00',15,15),(502671,58,1438757345406,'2015-10-22 19:30:00',15,15),(502672,58,1438757345406,'2015-10-22 19:45:00',15,10),(502673,58,1441100935734,'2015-10-23 09:00:00',15,15),(502674,58,1441100935734,'2015-10-23 09:15:00',15,10),(502675,58,1438757336230,'2015-10-23 09:30:00',15,15),(502676,58,NULL,'2015-10-23 09:45:00',15,0),(502677,58,1441100935734,'2015-10-23 10:00:00',15,15),(502678,58,1441100935734,'2015-10-23 10:15:00',15,10),(502679,58,1438757336230,'2015-10-23 10:30:00',15,15),(502680,58,1438757336230,'2015-10-23 10:45:00',15,15),(502681,58,1438757336230,'2015-10-23 11:00:00',15,15),(502682,58,1441100935734,'2015-10-23 11:15:00',15,15),(502683,58,1441100935734,'2015-10-23 11:30:00',15,10),(502684,58,1441100935734,'2015-10-23 11:45:00',15,15),(502685,58,1441100935734,'2015-10-23 12:00:00',15,10),(502686,58,1438757345406,'2015-10-23 12:15:00',15,15),(502687,58,1438757345406,'2015-10-23 12:30:00',15,10),(502688,58,NULL,'2015-10-23 12:45:00',15,0),(502689,58,1438757345406,'2015-10-23 13:00:00',15,15),(502690,58,1438757345406,'2015-10-23 13:15:00',15,10),(502691,58,1438757345406,'2015-10-23 13:30:00',15,15),(502692,58,1438757345406,'2015-10-23 13:45:00',15,10),(502693,58,1438757336230,'2015-10-23 14:00:00',15,15),(502694,58,1438757336230,'2015-10-23 14:15:00',15,15),(502695,58,1438757336230,'2015-10-23 14:30:00',15,15),(502696,58,1438757345406,'2015-10-23 14:45:00',15,15),(502697,58,1438757345406,'2015-10-23 15:00:00',15,10),(502698,58,1438757345406,'2015-10-23 15:15:00',15,15),(502699,58,1438757345406,'2015-10-23 15:30:00',15,15),(502700,58,1438757345406,'2015-10-23 15:45:00',15,10),(502701,58,1438757345406,'2015-10-24 09:00:00',15,15),(502702,58,1438757345406,'2015-10-24 09:15:00',15,10),(502703,58,1441100935734,'2015-10-24 09:30:00',15,15),(502704,58,1441100935734,'2015-10-24 09:45:00',15,10),(502705,58,1438757336230,'2015-10-24 10:00:00',15,15),(502706,58,1438757345406,'2015-10-24 10:15:00',15,15),(502707,58,1438757345406,'2015-10-24 10:30:00',15,10),(502708,58,1441100935734,'2015-10-24 10:45:00',15,15),(502709,58,1441100935734,'2015-10-24 11:00:00',15,10),(502710,58,NULL,'2015-10-24 11:15:00',15,0),(502711,58,NULL,'2015-10-24 11:30:00',15,0),(502712,58,NULL,'2015-10-24 11:45:00',15,0),(502713,58,1438757336230,'2015-10-24 12:00:00',15,15),(502714,58,1438757336230,'2015-10-24 12:15:00',15,15),(502715,58,NULL,'2015-10-24 12:30:00',15,0),(502716,58,NULL,'2015-10-24 12:45:00',15,0),(502717,59,1438757336230,'2015-10-13 08:00:00',15,15),(502718,59,1438757336230,'2015-10-13 08:15:00',15,15),(502719,59,1438757336230,'2015-10-13 08:30:00',15,15),(502720,59,1438757336230,'2015-10-13 08:45:00',15,15),(502721,59,1438757336230,'2015-10-13 09:00:00',15,15),(502722,59,1438757336230,'2015-10-13 09:15:00',15,15),(502723,59,NULL,'2015-10-13 09:30:00',15,0),(502724,59,1438757336230,'2015-10-13 09:45:00',15,15),(502725,59,1438757336230,'2015-10-13 10:00:00',15,15),(502726,59,1438757336230,'2015-10-13 10:15:00',15,15),(502727,59,1438757345406,'2015-10-13 10:30:00',15,15),(502728,59,1438757345406,'2015-10-13 10:45:00',15,15),(502729,59,1438757345406,'2015-10-13 11:00:00',15,10),(502730,59,1441100935734,'2015-10-13 11:15:00',15,15),(502731,59,1441100935734,'2015-10-13 11:30:00',15,10),(502732,59,1441100935734,'2015-10-13 11:45:00',15,15),(502733,59,1441100935734,'2015-10-13 12:00:00',15,15),(502734,59,1441100935734,'2015-10-13 12:15:00',15,10),(502735,59,1438757345406,'2015-10-13 12:30:00',15,15),(502736,59,1438757345406,'2015-10-13 12:45:00',15,10),(502737,59,1441100935734,'2015-10-13 13:00:00',15,15),(502738,59,1441100935734,'2015-10-13 13:15:00',15,15),(502739,59,1441100935734,'2015-10-13 13:30:00',15,10),(502740,59,1438757345406,'2015-10-13 13:45:00',15,15),(502741,59,1438757345406,'2015-10-13 14:00:00',15,10),(502742,59,1438757345406,'2015-10-13 14:15:00',15,15),(502743,59,1438757345406,'2015-10-13 14:30:00',15,10),(502744,59,1438757345406,'2015-10-13 14:45:00',15,15),(502745,59,1438757345406,'2015-10-13 15:00:00',15,10),(502746,59,1438757345406,'2015-10-13 15:15:00',15,15),(502747,59,1438757345406,'2015-10-13 15:30:00',15,10),(502748,59,1438757345406,'2015-10-13 15:45:00',15,15),(502749,59,1438757345406,'2015-10-13 16:00:00',15,10),(502750,59,1441100935734,'2015-10-13 16:15:00',15,15),(502751,59,1441100935734,'2015-10-13 16:30:00',15,10),(502752,59,NULL,'2015-10-13 16:45:00',15,0),(502753,59,1438757336230,'2015-10-14 09:00:00',15,15),(502754,59,1438757336230,'2015-10-14 09:15:00',15,15),(502755,59,1438757336230,'2015-10-14 09:30:00',15,15),(502756,59,1438757336230,'2015-10-14 09:45:00',15,15),(502757,59,1438757336230,'2015-10-14 10:00:00',15,15),(502758,59,1441100935734,'2015-10-14 10:15:00',15,15),(502759,59,1441100935734,'2015-10-14 10:30:00',15,10),(502760,59,1438757336230,'2015-10-14 10:45:00',15,15),(502761,59,1438757336230,'2015-10-14 11:00:00',15,15),(502762,59,1441100935734,'2015-10-14 11:15:00',15,15),(502763,59,1441100935734,'2015-10-14 11:30:00',15,30),(502764,59,1441100935734,'2015-10-14 11:45:00',15,10),(502765,59,1441100935734,'2015-10-14 12:00:00',15,15),(502766,59,1441100935734,'2015-10-14 12:15:00',15,15),(502767,59,1441100935734,'2015-10-14 12:30:00',15,10),(502768,59,NULL,'2015-10-14 12:45:00',15,0),(502769,59,1438757336230,'2015-10-14 13:00:00',15,15),(502770,59,1438757345406,'2015-10-14 13:15:00',15,15),(502771,59,1438757345406,'2015-10-14 13:30:00',15,10),(502772,59,1438757345406,'2015-10-14 13:45:00',15,15),(502773,59,1438757345406,'2015-10-14 14:00:00',15,10),(502774,59,1438757345406,'2015-10-14 14:15:00',15,15),(502775,59,1438757345406,'2015-10-14 14:30:00',15,10),(502776,59,1438757345406,'2015-10-14 14:45:00',15,15),(502777,59,1438757345406,'2015-10-14 15:00:00',15,10),(502778,59,1438757345406,'2015-10-14 15:15:00',15,15),(502779,59,1438757345406,'2015-10-14 15:30:00',15,10),(502780,59,NULL,'2015-10-14 15:45:00',15,0),(502781,59,1438757345406,'2015-10-14 16:00:00',15,15),(502782,59,1438757345406,'2015-10-14 16:15:00',15,10),(502783,59,1438757345406,'2015-10-14 16:30:00',15,15),(502784,59,1438757345406,'2015-10-14 16:45:00',15,15),(502785,59,1438757345406,'2015-10-14 17:00:00',15,10),(502786,59,1441100935734,'2015-10-14 17:15:00',15,15),(502787,59,1441100935734,'2015-10-14 17:30:00',15,10),(502788,59,NULL,'2015-10-14 17:45:00',15,0),(502789,59,1438757336230,'2015-10-16 09:00:00',15,15),(502790,59,1438757336230,'2015-10-16 09:15:00',15,15),(502791,59,1438757336230,'2015-10-16 09:30:00',15,15),(502792,59,NULL,'2015-10-16 09:45:00',15,0),(502793,59,1438757336230,'2015-10-16 10:00:00',15,15),(502794,59,1438757336230,'2015-10-16 10:15:00',15,15),(502795,59,1438757345406,'2015-10-16 10:30:00',15,15),(502796,59,1438757345406,'2015-10-16 10:45:00',15,15),(502797,59,1438757345406,'2015-10-16 11:00:00',15,10),(502798,59,1438757345406,'2015-10-16 11:15:00',15,15),(502799,59,1438757345406,'2015-10-16 11:30:00',15,10),(502800,59,1438757345406,'2015-10-16 11:45:00',15,15),(502801,59,1438757345406,'2015-10-16 12:00:00',15,10),(502802,59,1441100935734,'2015-10-16 12:15:00',15,15),(502803,59,1441100935734,'2015-10-16 12:30:00',15,10),(502804,59,1441100935734,'2015-10-16 12:45:00',15,15),(502805,59,1441100935734,'2015-10-16 13:00:00',15,15),(502806,59,1441100935734,'2015-10-16 13:15:00',15,10),(502807,59,1438757336230,'2015-10-16 13:30:00',15,15),(502808,59,NULL,'2015-10-16 13:45:00',15,0),(502809,59,1441100935734,'2015-10-16 14:00:00',15,15),(502810,59,1441100935734,'2015-10-16 14:15:00',15,10),(502811,59,1438757345406,'2015-10-16 14:30:00',15,15),(502812,59,1438757345406,'2015-10-16 14:45:00',15,10),(502813,59,1438757336230,'2015-10-20 08:00:00',15,15),(502814,59,1438757336230,'2015-10-20 08:15:00',15,15),(502815,59,1438757336230,'2015-10-20 08:30:00',15,15),(502816,59,NULL,'2015-10-20 08:45:00',15,0),(502817,59,1438757336230,'2015-10-20 09:00:00',15,15),(502818,59,1438757336230,'2015-10-20 09:15:00',15,15),(502819,59,1438757345406,'2015-10-20 09:30:00',15,15),(502820,59,1438757345406,'2015-10-20 09:45:00',15,10),(502821,59,1441100935734,'2015-10-20 10:00:00',15,15),(502822,59,1441100935734,'2015-10-20 10:15:00',15,10),(502823,59,1438757336230,'2015-10-20 10:30:00',15,15),(502824,59,1438757336230,'2015-10-20 10:45:00',15,15),(502825,59,1438757336230,'2015-10-20 11:00:00',15,15),(502826,59,1441100935734,'2015-10-20 11:15:00',15,15),(502827,59,1441100935734,'2015-10-20 11:30:00',15,10),(502828,59,NULL,'2015-10-20 11:45:00',15,0),(502829,59,1441100935734,'2015-10-20 12:00:00',15,15),(502830,59,1441100935734,'2015-10-20 12:15:00',15,15),(502831,59,1441100935734,'2015-10-20 12:30:00',15,10),(502832,59,1438757345406,'2015-10-20 12:45:00',15,15),(502833,59,1438757345406,'2015-10-20 13:00:00',15,10),(502834,59,1438757345406,'2015-10-20 13:15:00',15,15),(502835,59,1438757345406,'2015-10-20 13:30:00',15,10),(502836,59,1438757345406,'2015-10-20 13:45:00',15,15),(502837,59,1438757345406,'2015-10-20 14:00:00',15,10),(502838,59,1438757345406,'2015-10-20 14:15:00',15,15),(502839,59,1438757345406,'2015-10-20 14:30:00',15,10),(502840,59,NULL,'2015-10-20 14:45:00',15,0),(502841,59,1438757336230,'2015-10-20 15:00:00',15,15),(502842,59,1438757345406,'2015-10-20 15:15:00',15,15),(502843,59,1438757345406,'2015-10-20 15:30:00',15,10),(502844,59,1441100935734,'2015-10-20 15:45:00',15,15),(502845,59,1441100935734,'2015-10-20 16:00:00',15,15),(502846,59,1441100935734,'2015-10-20 16:15:00',15,10),(502847,59,1438757345406,'2015-10-20 16:30:00',15,15),(502848,59,1438757345406,'2015-10-20 16:45:00',15,10),(502849,59,1438757336230,'2015-10-21 09:00:00',15,15),(502850,59,1438757336230,'2015-10-21 09:15:00',15,15),(502851,59,1438757336230,'2015-10-21 09:30:00',15,15),(502852,59,1438757336230,'2015-10-21 09:45:00',15,15),(502853,59,1438757336230,'2015-10-21 10:00:00',15,15),(502854,59,1438757336230,'2015-10-21 10:15:00',15,15),(502855,59,1438757345406,'2015-10-21 10:30:00',15,15),(502856,59,1438757345406,'2015-10-21 10:45:00',15,15),(502857,59,1438757345406,'2015-10-21 11:00:00',15,10),(502858,59,1438757336230,'2015-10-21 11:15:00',15,15),(502859,59,1438757336230,'2015-10-21 11:30:00',15,15),(502860,59,NULL,'2015-10-21 11:45:00',15,0),(502861,59,1438757336230,'2015-10-21 12:00:00',15,15),(502862,59,1441100935734,'2015-10-21 12:15:00',15,15),(502863,59,1441100935734,'2015-10-21 12:30:00',15,10),(502864,59,NULL,'2015-10-21 12:45:00',15,0),(502865,59,1441100935734,'2015-10-21 13:00:00',15,15),(502866,59,1441100935734,'2015-10-21 13:15:00',15,10),(502867,59,1438757345406,'2015-10-21 13:30:00',15,15),(502868,59,1438757345406,'2015-10-21 13:45:00',15,10),(502869,59,1441100935734,'2015-10-21 14:00:00',15,15),(502870,59,1441100935734,'2015-10-21 14:15:00',15,10),(502871,59,1438757345406,'2015-10-21 14:30:00',15,15),(502872,59,1438757345406,'2015-10-21 14:45:00',15,10),(502873,59,1441100935734,'2015-10-21 15:00:00',15,15),(502874,59,1441100935734,'2015-10-21 15:15:00',15,10),(502875,59,1438757345406,'2015-10-21 15:30:00',15,15),(502876,59,1438757345406,'2015-10-21 15:45:00',15,15),(502877,59,1438757345406,'2015-10-21 16:00:00',15,10),(502878,59,1441100935734,'2015-10-21 16:15:00',15,15),(502879,59,1441100935734,'2015-10-21 16:30:00',15,15),(502880,59,1441100935734,'2015-10-21 16:45:00',15,10),(502881,59,1438757345406,'2015-10-21 17:00:00',15,15),(502882,59,1438757345406,'2015-10-21 17:15:00',15,15),(502883,59,1438757345406,'2015-10-21 17:30:00',15,10),(502884,59,NULL,'2015-10-21 17:45:00',15,0),(502885,59,1438757336230,'2015-10-23 09:00:00',15,15),(502886,59,1438757336230,'2015-10-23 09:15:00',15,15),(502887,59,1438757336230,'2015-10-23 09:30:00',15,15),(502888,59,1438757336230,'2015-10-23 09:45:00',15,15),(502889,59,1438757336230,'2015-10-23 10:00:00',15,15),(502890,59,NULL,'2015-10-23 10:15:00',15,0),(502891,59,1438757345406,'2015-10-23 10:30:00',15,15),(502892,59,1438757345406,'2015-10-23 10:45:00',15,10),(502893,59,1441100935734,'2015-10-23 11:00:00',15,15),(502894,59,1441100935734,'2015-10-23 11:15:00',15,10),(502895,59,1441100935734,'2015-10-23 11:30:00',15,15),(502896,59,1441100935734,'2015-10-23 11:45:00',15,10),(502897,59,1438757345406,'2015-10-23 12:00:00',15,15),(502898,59,1438757345406,'2015-10-23 12:15:00',15,10),(502899,59,1438757345406,'2015-10-23 12:30:00',15,15),(502900,59,1438757345406,'2015-10-23 12:45:00',15,10),(502901,59,1438757345406,'2015-10-23 13:00:00',15,15),(502902,59,1438757345406,'2015-10-23 13:15:00',15,10),(502903,59,NULL,'2015-10-23 13:30:00',15,0),(502904,59,NULL,'2015-10-23 13:45:00',15,0),(502905,59,1438757336230,'2015-10-23 14:00:00',15,15),(502906,59,1441100935734,'2015-10-23 14:15:00',15,15),(502907,59,1441100935734,'2015-10-23 14:30:00',15,15),(502908,59,1441100935734,'2015-10-23 14:45:00',15,10),(502909,60,1438757345406,'2015-10-13 08:00:00',15,15),(502910,60,1438757345406,'2015-10-13 08:15:00',15,10),(502911,60,1438757336230,'2015-10-13 08:30:00',15,15),(502912,60,1438757336230,'2015-10-13 08:45:00',15,15),(502913,60,1441100935734,'2015-10-13 09:00:00',15,15),(502914,60,1441100935734,'2015-10-13 09:15:00',15,10),(502915,60,1438757345406,'2015-10-13 09:30:00',15,15),(502916,60,1438757345406,'2015-10-13 09:45:00',15,10),(502917,60,1441100935734,'2015-10-13 10:00:00',15,15),(502918,60,1441100935734,'2015-10-13 10:15:00',15,10),(502919,60,1438757336230,'2015-10-13 10:30:00',15,15),(502920,60,1438757336230,'2015-10-13 10:45:00',15,15),(502921,60,1441100935734,'2015-10-13 11:00:00',15,15),(502922,60,1441100935734,'2015-10-13 11:15:00',15,10),(502923,60,1441100935734,'2015-10-13 11:30:00',15,15),(502924,60,1441100935734,'2015-10-13 11:45:00',15,10),(502925,60,1438757336230,'2015-10-13 12:00:00',15,15),(502926,60,1438757336230,'2015-10-13 12:15:00',15,15),(502927,60,1438757336230,'2015-10-13 12:30:00',15,15),(502928,60,1438757336230,'2015-10-13 12:45:00',15,15),(502929,60,1441100935734,'2015-10-13 13:00:00',15,15),(502930,60,1441100935734,'2015-10-13 13:15:00',15,10),(502931,60,1438757336230,'2015-10-13 13:30:00',15,15),(502932,60,1438757336230,'2015-10-13 13:45:00',15,15),(502933,60,1441100935734,'2015-10-13 14:00:00',15,15),(502934,60,1441100935734,'2015-10-13 14:15:00',15,10),(502935,60,1438757345406,'2015-10-13 14:30:00',15,15),(502936,60,1438757345406,'2015-10-13 14:45:00',15,10),(502937,60,1438757336230,'2015-10-13 15:00:00',15,15),(502938,60,1438757336230,'2015-10-13 15:15:00',15,15),(502939,60,1438757336230,'2015-10-13 15:30:00',15,15),(502940,60,1438757345406,'2015-10-13 15:45:00',15,15),(502941,60,1438757345406,'2015-10-13 16:00:00',15,10),(502942,60,1441100935734,'2015-10-13 16:15:00',15,15),(502943,60,1441100935734,'2015-10-13 16:30:00',15,15),(502944,60,1441100935734,'2015-10-13 16:45:00',15,10),(502945,60,1438757345406,'2015-10-13 17:00:00',15,15),(502946,60,1438757345406,'2015-10-13 17:15:00',15,15),(502947,60,1438757345406,'2015-10-13 17:30:00',15,10),(502948,60,1438757345406,'2015-10-13 17:45:00',15,15),(502949,60,1438757345406,'2015-10-13 18:00:00',15,10),(502950,60,1438757345406,'2015-10-13 18:15:00',15,15),(502951,60,1438757345406,'2015-10-13 18:30:00',15,15),(502952,60,1438757345406,'2015-10-13 18:45:00',15,10),(502953,60,1438757345406,'2015-10-13 19:00:00',15,15),(502954,60,1438757345406,'2015-10-13 19:15:00',15,15),(502955,60,1438757345406,'2015-10-13 19:30:00',15,10),(502956,60,NULL,'2015-10-13 19:45:00',15,0),(502957,60,1438757345406,'2015-10-14 09:00:00',15,15),(502958,60,1438757345406,'2015-10-14 09:15:00',15,15),(502959,60,1438757345406,'2015-10-14 09:30:00',15,10),(502960,60,1438757336230,'2015-10-14 09:45:00',15,15),(502961,60,1441100935734,'2015-10-14 10:00:00',15,15),(502962,60,1441100935734,'2015-10-14 10:15:00',15,15),(502963,60,1441100935734,'2015-10-14 10:30:00',15,10),(502964,60,1441100935734,'2015-10-14 10:45:00',15,15),(502965,60,1441100935734,'2015-10-14 11:00:00',15,10),(502966,60,1438757336230,'2015-10-14 11:15:00',15,15),(502967,60,1438757336230,'2015-10-14 11:30:00',15,15),(502968,60,1438757345406,'2015-10-14 11:45:00',15,15),(502969,60,1438757345406,'2015-10-14 12:00:00',15,10),(502970,60,1438757336230,'2015-10-14 12:15:00',15,15),(502971,60,1438757336230,'2015-10-14 12:30:00',15,15),(502972,60,1441100935734,'2015-10-14 12:45:00',15,15),(502973,60,1441100935734,'2015-10-14 13:00:00',15,10),(502974,60,1441100935734,'2015-10-14 13:15:00',15,15),(502975,60,1441100935734,'2015-10-14 13:30:00',15,10),(502976,60,1438757336230,'2015-10-14 13:45:00',15,15),(502977,60,1438757345406,'2015-10-14 14:00:00',15,15),(502978,60,1438757345406,'2015-10-14 14:15:00',15,10),(502979,60,1438757336230,'2015-10-14 14:30:00',15,15),(502980,60,NULL,'2015-10-14 14:45:00',15,0),(502981,60,1438757336230,'2015-10-14 15:00:00',15,15),(502982,60,NULL,'2015-10-14 15:15:00',15,0),(502983,60,1438757336230,'2015-10-14 15:30:00',15,15),(502984,60,1438757345406,'2015-10-14 15:45:00',15,15),(502985,60,1438757345406,'2015-10-14 16:00:00',15,10),(502986,60,1438757345406,'2015-10-14 16:15:00',15,15),(502987,60,1438757345406,'2015-10-14 16:30:00',15,15),(502988,60,1438757345406,'2015-10-14 16:45:00',15,10),(502989,60,1438757345406,'2015-10-14 17:00:00',15,15),(502990,60,1438757345406,'2015-10-14 17:15:00',15,10),(502991,60,1441100935734,'2015-10-14 17:30:00',15,15),(502992,60,1441100935734,'2015-10-14 17:45:00',15,10),(502993,60,1441100935734,'2015-10-15 09:00:00',15,15),(502994,60,1441100935734,'2015-10-15 09:15:00',15,10),(502995,60,1441100935734,'2015-10-15 09:30:00',15,15),(502996,60,1441100935734,'2015-10-15 09:45:00',15,10),(502997,60,1441100935734,'2015-10-15 10:00:00',15,15),(502998,60,1441100935734,'2015-10-15 10:15:00',15,10),(502999,60,1438757345406,'2015-10-15 10:30:00',15,15),(503000,60,1438757345406,'2015-10-15 10:45:00',15,10),(503001,60,1441100935734,'2015-10-15 11:00:00',15,15),(503002,60,1441100935734,'2015-10-15 11:15:00',15,10),(503003,60,1441100935734,'2015-10-15 11:30:00',15,15),(503004,60,1441100935734,'2015-10-15 11:45:00',15,10),(503005,60,1438757336230,'2015-10-15 12:00:00',15,15),(503006,60,1438757336230,'2015-10-15 12:15:00',15,15),(503007,60,1438757336230,'2015-10-15 12:30:00',15,15),(503008,60,1438757336230,'2015-10-15 12:45:00',15,15),(503009,60,1441100935734,'2015-10-15 13:00:00',15,15),(503010,60,1441100935734,'2015-10-15 13:15:00',15,10),(503011,60,1438757336230,'2015-10-15 13:30:00',15,15),(503012,60,1438757336230,'2015-10-15 13:45:00',15,15),(503013,60,1438757336230,'2015-10-15 14:00:00',15,15),(503014,60,1438757336230,'2015-10-15 14:15:00',15,15),(503015,60,1438757336230,'2015-10-15 14:30:00',15,15),(503016,60,1438757336230,'2015-10-15 14:45:00',15,15),(503017,60,1438757345406,'2015-10-15 15:00:00',15,15),(503018,60,1438757345406,'2015-10-15 15:15:00',15,25),(503019,60,1438757336230,'2015-10-15 15:30:00',15,15),(503020,60,1438757345406,'2015-10-15 15:45:00',15,15),(503021,60,1438757345406,'2015-10-15 16:00:00',15,10),(503022,60,1441100935734,'2015-10-15 16:15:00',15,15),(503023,60,1441100935734,'2015-10-15 16:30:00',15,10),(503024,60,NULL,'2015-10-15 16:45:00',15,0),(503025,60,1438757345406,'2015-10-15 17:00:00',15,15),(503026,60,1438757345406,'2015-10-15 17:15:00',15,10),(503027,60,1438757345406,'2015-10-15 17:30:00',15,15),(503028,60,1438757345406,'2015-10-15 17:45:00',15,10),(503029,60,1438757345406,'2015-10-15 18:00:00',15,15),(503030,60,1438757345406,'2015-10-15 18:15:00',15,10),(503031,60,1438757345406,'2015-10-15 18:30:00',15,15),(503032,60,1438757345406,'2015-10-15 18:45:00',15,15),(503033,60,1438757345406,'2015-10-15 19:00:00',15,10),(503034,60,1438757345406,'2015-10-15 19:15:00',15,15),(503035,60,1438757345406,'2015-10-15 19:30:00',15,15),(503036,60,1438757345406,'2015-10-15 19:45:00',15,10),(503037,60,1438757336230,'2015-10-16 09:00:00',15,15),(503038,60,1438757345406,'2015-10-16 09:15:00',15,15),(503039,60,1438757345406,'2015-10-16 09:30:00',15,15),(503040,60,1438757345406,'2015-10-16 09:45:00',15,10),(503041,60,1438757336230,'2015-10-16 10:00:00',15,15),(503042,60,1438757336230,'2015-10-16 10:15:00',15,15),(503043,60,1438757336230,'2015-10-16 10:30:00',15,15),(503044,60,NULL,'2015-10-16 10:45:00',15,0),(503045,60,1438757336230,'2015-10-16 11:00:00',15,15),(503046,60,1438757336230,'2015-10-16 11:15:00',15,15),(503047,60,1441100935734,'2015-10-16 11:30:00',15,15),(503048,60,1441100935734,'2015-10-16 11:45:00',15,10),(503049,60,NULL,'2015-10-16 12:00:00',15,0),(503050,60,1438757345406,'2015-10-16 12:15:00',15,15),(503051,60,1438757345406,'2015-10-16 12:30:00',15,15),(503052,60,1438757345406,'2015-10-16 12:45:00',15,10),(503053,60,1441100935734,'2015-10-16 13:00:00',15,15),(503054,60,1441100935734,'2015-10-16 13:15:00',15,10),(503055,60,1438757345406,'2015-10-16 13:30:00',15,15),(503056,60,1438757345406,'2015-10-16 13:45:00',15,10),(503057,60,1441100935734,'2015-10-16 14:00:00',15,15),(503058,60,1441100935734,'2015-10-16 14:15:00',15,10),(503059,60,1438757345406,'2015-10-16 14:30:00',15,15),(503060,60,1438757345406,'2015-10-16 14:45:00',15,10),(503061,60,1438757336230,'2015-10-16 15:00:00',15,15),(503062,60,NULL,'2015-10-16 15:15:00',15,0),(503063,60,1441100935734,'2015-10-16 15:30:00',15,15),(503064,60,1441100935734,'2015-10-16 15:45:00',15,10),(503065,60,NULL,'2015-10-17 09:00:00',15,0),(503066,60,NULL,'2015-10-17 09:15:00',15,0),(503067,60,1438757336230,'2015-10-17 09:30:00',15,15),(503068,60,NULL,'2015-10-17 09:45:00',15,0),(503069,60,1438757345406,'2015-10-17 10:00:00',15,15),(503070,60,1438757345406,'2015-10-17 10:15:00',15,10),(503071,60,1438757336230,'2015-10-17 10:30:00',15,15),(503072,60,1438757336230,'2015-10-17 10:45:00',15,15),(503073,60,1438757345406,'2015-10-17 11:00:00',15,15),(503074,60,1438757345406,'2015-10-17 11:15:00',15,15),(503075,60,1438757345406,'2015-10-17 11:30:00',15,10),(503076,60,NULL,'2015-10-17 11:45:00',15,0),(503077,60,1441100935734,'2015-10-17 12:00:00',15,15),(503078,60,1441100935734,'2015-10-17 12:15:00',15,10),(503079,60,1441100935734,'2015-10-17 12:30:00',15,15),(503080,60,1441100935734,'2015-10-17 12:45:00',15,10),(503081,60,1438757336230,'2015-10-20 08:00:00',15,15),(503082,60,1438757336230,'2015-10-20 08:15:00',15,15),(503083,60,1441100935734,'2015-10-20 08:30:00',15,15),(503084,60,1441100935734,'2015-10-20 08:45:00',15,10),(503085,60,1441100935734,'2015-10-20 09:00:00',15,15),(503086,60,1441100935734,'2015-10-20 09:15:00',15,10),(503087,60,1438757336230,'2015-10-20 09:30:00',15,15),(503088,60,1438757336230,'2015-10-20 09:45:00',15,15),(503089,60,1438757336230,'2015-10-20 10:00:00',15,15),(503090,60,1438757336230,'2015-10-20 10:15:00',15,15),(503091,60,1438757336230,'2015-10-20 10:30:00',15,15),(503092,60,1441100935734,'2015-10-20 10:45:00',15,15),(503093,60,1441100935734,'2015-10-20 11:00:00',15,10),(503094,60,1438757336230,'2015-10-20 11:15:00',15,15),(503095,60,1438757336230,'2015-10-20 11:30:00',15,15),(503096,60,NULL,'2015-10-20 11:45:00',15,0),(503097,60,1438757336230,'2015-10-20 12:00:00',15,15),(503098,60,1438757345406,'2015-10-20 12:15:00',15,15),(503099,60,1438757345406,'2015-10-20 12:30:00',15,25),(503100,60,1438757345406,'2015-10-20 12:45:00',15,15),(503101,60,1438757345406,'2015-10-20 13:00:00',15,25),(503102,60,1438757336230,'2015-10-20 13:15:00',15,15),(503103,60,1438757345406,'2015-10-20 13:30:00',15,15),(503104,60,1438757345406,'2015-10-20 13:45:00',15,10),(503105,60,NULL,'2015-10-20 14:00:00',15,0),(503106,60,1441100935734,'2015-10-20 14:15:00',15,15),(503107,60,1441100935734,'2015-10-20 14:30:00',15,15),(503108,60,1441100935734,'2015-10-20 14:45:00',15,10),(503109,60,1438757336230,'2015-10-20 15:00:00',15,15),(503110,60,1441100935734,'2015-10-20 15:15:00',15,15),(503111,60,1441100935734,'2015-10-20 15:30:00',15,15),(503112,60,1441100935734,'2015-10-20 15:45:00',15,10),(503113,60,1441100935734,'2015-10-20 16:00:00',15,15),(503114,60,1441100935734,'2015-10-20 16:15:00',15,15),(503115,60,1441100935734,'2015-10-20 16:30:00',15,10),(503116,60,1438757345406,'2015-10-20 16:45:00',15,15),(503117,60,1438757345406,'2015-10-20 17:00:00',15,15),(503118,60,1438757345406,'2015-10-20 17:15:00',15,10),(503119,60,1438757345406,'2015-10-20 17:30:00',15,15),(503120,60,1438757345406,'2015-10-20 17:45:00',15,15),(503121,60,1438757345406,'2015-10-20 18:00:00',15,10),(503122,60,1438757345406,'2015-10-20 18:15:00',15,15),(503123,60,1438757345406,'2015-10-20 18:30:00',15,15),(503124,60,1438757345406,'2015-10-20 18:45:00',15,10),(503125,60,1438757345406,'2015-10-20 19:00:00',15,15),(503126,60,1438757345406,'2015-10-20 19:15:00',15,15),(503127,60,1438757345406,'2015-10-20 19:30:00',15,10),(503128,60,NULL,'2015-10-20 19:45:00',15,0),(503129,60,1438757336230,'2015-10-21 09:00:00',15,15),(503130,60,1438757336230,'2015-10-21 09:15:00',15,15),(503131,60,1438757345406,'2015-10-21 09:30:00',15,15),(503132,60,1438757345406,'2015-10-21 09:45:00',15,10),(503133,60,1438757336230,'2015-10-21 10:00:00',15,15),(503134,60,1438757336230,'2015-10-21 10:15:00',15,15),(503135,60,1438757345406,'2015-10-21 10:30:00',15,15),(503136,60,1438757345406,'2015-10-21 10:45:00',15,10),(503137,60,1441100935734,'2015-10-21 11:00:00',15,15),(503138,60,1441100935734,'2015-10-21 11:15:00',15,10),(503139,60,1438757345406,'2015-10-21 11:30:00',15,15),(503140,60,1438757345406,'2015-10-21 11:45:00',15,10),(503141,60,1438757336230,'2015-10-21 12:00:00',15,15),(503142,60,1438757336230,'2015-10-21 12:15:00',15,15),(503143,60,1438757336230,'2015-10-21 12:30:00',15,15),(503144,60,1441100935734,'2015-10-21 12:45:00',15,15),(503145,60,1441100935734,'2015-10-21 13:00:00',15,15),(503146,60,1441100935734,'2015-10-21 13:15:00',15,10),(503147,60,1441100935734,'2015-10-21 13:30:00',15,15),(503148,60,1441100935734,'2015-10-21 13:45:00',15,15),(503149,60,1441100935734,'2015-10-21 14:00:00',15,10),(503150,60,1441100935734,'2015-10-21 14:15:00',15,15),(503151,60,1441100935734,'2015-10-21 14:30:00',15,10),(503152,60,1438757336230,'2015-10-21 14:45:00',15,15),(503153,60,NULL,'2015-10-21 15:00:00',15,0),(503154,60,1438757336230,'2015-10-21 15:15:00',15,15),(503155,60,1438757345406,'2015-10-21 15:30:00',15,15),(503156,60,1438757345406,'2015-10-21 15:45:00',15,10),(503157,60,1438757345406,'2015-10-21 16:00:00',15,15),(503158,60,1438757345406,'2015-10-21 16:15:00',15,15),(503159,60,1438757345406,'2015-10-21 16:30:00',15,10),(503160,60,1438757345406,'2015-10-21 16:45:00',15,15),(503161,60,1438757345406,'2015-10-21 17:00:00',15,10),(503162,60,1438757345406,'2015-10-21 17:15:00',15,15),(503163,60,1438757345406,'2015-10-21 17:30:00',15,10),(503164,60,NULL,'2015-10-21 17:45:00',15,0),(503165,60,1438757336230,'2015-10-22 09:00:00',15,15),(503166,60,1438757336230,'2015-10-22 09:15:00',15,15),(503167,60,1441100935734,'2015-10-22 09:30:00',15,15),(503168,60,1441100935734,'2015-10-22 09:45:00',15,15),(503169,60,1441100935734,'2015-10-22 10:00:00',15,10),(503170,60,1441100935734,'2015-10-22 10:15:00',15,15),(503171,60,1441100935734,'2015-10-22 10:30:00',15,15),(503172,60,1441100935734,'2015-10-22 10:45:00',15,10),(503173,60,1441100935734,'2015-10-22 11:00:00',15,15),(503174,60,1441100935734,'2015-10-22 11:15:00',15,10),(503175,60,1441100935734,'2015-10-22 11:30:00',15,15),(503176,60,1441100935734,'2015-10-22 11:45:00',15,15),(503177,60,1441100935734,'2015-10-22 12:00:00',15,10),(503178,60,1438757336230,'2015-10-22 12:15:00',15,15),(503179,60,1441100935734,'2015-10-22 12:30:00',15,15),(503180,60,1441100935734,'2015-10-22 12:45:00',15,10),(503181,60,1438757336230,'2015-10-22 13:00:00',15,15),(503182,60,1438757336230,'2015-10-22 13:15:00',15,15),(503183,60,1438757336230,'2015-10-22 13:30:00',15,15),(503184,60,1438757336230,'2015-10-22 13:45:00',15,15),(503185,60,1438757336230,'2015-10-22 14:00:00',15,15),(503186,60,1438757336230,'2015-10-22 14:15:00',15,15),(503187,60,1438757336230,'2015-10-22 14:30:00',15,15),(503188,60,1438757336230,'2015-10-22 14:45:00',15,15),(503189,60,1438757336230,'2015-10-22 15:00:00',15,15),(503190,60,1438757345406,'2015-10-22 15:15:00',15,15),(503191,60,1438757345406,'2015-10-22 15:30:00',15,15),(503192,60,1438757345406,'2015-10-22 15:45:00',15,10),(503193,60,1438757345406,'2015-10-22 16:00:00',15,15),(503194,60,1438757345406,'2015-10-22 16:15:00',15,10),(503195,60,1438757345406,'2015-10-22 16:30:00',15,15),(503196,60,1438757345406,'2015-10-22 16:45:00',15,15),(503197,60,1438757345406,'2015-10-22 17:00:00',15,10),(503198,60,1438757345406,'2015-10-22 17:15:00',15,15),(503199,60,1438757345406,'2015-10-22 17:30:00',15,10),(503200,60,1438757345406,'2015-10-22 17:45:00',15,15),(503201,60,1438757345406,'2015-10-22 18:00:00',15,15),(503202,60,1438757345406,'2015-10-22 18:15:00',15,10),(503203,60,1438757345406,'2015-10-22 18:30:00',15,15),(503204,60,1438757345406,'2015-10-22 18:45:00',15,10),(503205,60,1438757345406,'2015-10-22 19:00:00',15,15),(503206,60,1438757345406,'2015-10-22 19:15:00',15,10),(503207,60,NULL,'2015-10-22 19:30:00',15,0),(503208,60,NULL,'2015-10-22 19:45:00',15,0),(503209,60,1438757336230,'2015-10-23 09:00:00',15,15),(503210,60,1438757336230,'2015-10-23 09:15:00',15,15),(503211,60,1438757336230,'2015-10-23 09:30:00',15,15),(503212,60,1438757336230,'2015-10-23 09:45:00',15,15),(503213,60,1438757336230,'2015-10-23 10:00:00',15,15),(503214,60,1441100935734,'2015-10-23 10:15:00',15,15),(503215,60,1441100935734,'2015-10-23 10:30:00',15,10),(503216,60,NULL,'2015-10-23 10:45:00',15,0),(503217,60,1441100935734,'2015-10-23 11:00:00',15,15),(503218,60,1441100935734,'2015-10-23 11:15:00',15,15),(503219,60,1441100935734,'2015-10-23 11:30:00',15,10),(503220,60,1438757336230,'2015-10-23 11:45:00',15,15),(503221,60,1438757336230,'2015-10-23 12:00:00',15,15),(503222,60,1438757345406,'2015-10-23 12:15:00',15,15),(503223,60,1438757345406,'2015-10-23 12:30:00',15,10),(503224,60,NULL,'2015-10-23 12:45:00',15,0),(503225,60,1441100935734,'2015-10-23 13:00:00',15,15),(503226,60,1441100935734,'2015-10-23 13:15:00',15,15),(503227,60,1441100935734,'2015-10-23 13:30:00',15,10),(503228,60,1438757345406,'2015-10-23 13:45:00',15,15),(503229,60,1438757345406,'2015-10-23 14:00:00',15,15),(503230,60,1438757345406,'2015-10-23 14:15:00',15,10),(503231,60,1438757345406,'2015-10-23 14:30:00',15,15),(503232,60,1438757345406,'2015-10-23 14:45:00',15,15),(503233,60,1438757345406,'2015-10-23 15:00:00',15,10),(503234,60,1438757345406,'2015-10-23 15:15:00',15,15),(503235,60,1438757345406,'2015-10-23 15:30:00',15,10),(503236,60,NULL,'2015-10-23 15:45:00',15,0),(503237,60,1441100935734,'2015-10-24 09:00:00',15,15),(503238,60,1441100935734,'2015-10-24 09:15:00',15,15),(503239,60,1441100935734,'2015-10-24 09:30:00',15,10),(503240,60,NULL,'2015-10-24 09:45:00',15,0),(503241,60,1438757336230,'2015-10-24 10:00:00',15,15),(503242,60,1438757345406,'2015-10-24 10:15:00',15,15),(503243,60,1438757345406,'2015-10-24 10:30:00',15,10),(503244,60,1438757336230,'2015-10-24 10:45:00',15,15),(503245,60,1438757345406,'2015-10-24 11:00:00',15,15),(503246,60,1438757345406,'2015-10-24 11:15:00',15,15),(503247,60,1438757345406,'2015-10-24 11:30:00',15,10),(503248,60,NULL,'2015-10-24 11:45:00',15,0),(503249,60,1438757336230,'2015-10-24 12:00:00',15,15),(503250,60,NULL,'2015-10-24 12:15:00',15,0),(503251,60,NULL,'2015-10-24 12:30:00',15,0),(503252,60,NULL,'2015-10-24 12:45:00',15,0),(503253,61,1438757336230,'2015-10-13 09:00:00',15,15),(503254,61,1441100935734,'2015-10-13 09:15:00',15,15),(503255,61,1441100935734,'2015-10-13 09:30:00',15,15),(503256,61,1441100935734,'2015-10-13 09:45:00',15,10),(503257,61,1438757336230,'2015-10-13 10:00:00',15,15),(503258,61,1438757345406,'2015-10-13 10:15:00',15,15),(503259,61,1438757345406,'2015-10-13 10:30:00',15,10),(503260,61,1438757336230,'2015-10-13 10:45:00',15,15),(503261,61,1438757336230,'2015-10-13 11:00:00',15,15),(503262,61,1438757336230,'2015-10-13 11:15:00',15,15),(503263,61,1438757336230,'2015-10-13 11:30:00',15,15),(503264,61,NULL,'2015-10-13 11:45:00',15,0),(503265,61,NULL,'2015-10-13 12:00:00',15,0),(503266,61,NULL,'2015-10-13 12:15:00',15,0),(503267,61,NULL,'2015-10-13 12:30:00',15,0),(503268,61,NULL,'2015-10-13 12:45:00',15,0),(503269,61,NULL,'2015-10-13 13:00:00',15,0),(503270,61,NULL,'2015-10-13 13:15:00',15,0),(503271,61,NULL,'2015-10-13 13:30:00',15,0),(503272,61,NULL,'2015-10-13 13:45:00',15,0),(503273,61,NULL,'2015-10-13 14:00:00',15,0),(503274,61,NULL,'2015-10-13 14:15:00',15,0),(503275,61,NULL,'2015-10-13 14:30:00',15,0),(503276,61,NULL,'2015-10-13 14:45:00',15,0),(503277,61,NULL,'2015-10-13 15:00:00',15,0),(503278,61,NULL,'2015-10-13 15:15:00',15,0),(503279,61,NULL,'2015-10-13 15:30:00',15,0),(503280,61,NULL,'2015-10-13 15:45:00',15,0),(503281,61,NULL,'2015-10-13 16:00:00',15,0),(503282,61,NULL,'2015-10-13 16:15:00',15,0),(503283,61,NULL,'2015-10-13 16:30:00',15,0),(503284,61,NULL,'2015-10-13 16:45:00',15,0),(503285,61,NULL,'2015-10-13 17:00:00',15,0),(503286,61,NULL,'2015-10-13 17:15:00',15,0),(503287,61,NULL,'2015-10-13 17:30:00',15,0),(503288,61,NULL,'2015-10-13 17:45:00',15,0),(503289,61,NULL,'2015-10-13 18:00:00',15,0),(503290,61,NULL,'2015-10-13 18:15:00',15,0),(503291,61,NULL,'2015-10-13 18:30:00',15,0),(503292,61,NULL,'2015-10-13 18:45:00',15,0),(503293,61,NULL,'2015-10-13 19:00:00',15,0),(503294,61,NULL,'2015-10-13 19:15:00',15,0),(503295,61,NULL,'2015-10-13 19:30:00',15,0),(503296,61,NULL,'2015-10-13 19:45:00',15,0),(503297,61,1438757336230,'2015-10-14 09:00:00',15,15),(503298,61,NULL,'2015-10-14 09:15:00',15,0),(503299,61,NULL,'2015-10-14 09:30:00',15,0),(503300,61,NULL,'2015-10-14 09:45:00',15,0),(503301,61,NULL,'2015-10-14 10:00:00',15,0),(503302,61,NULL,'2015-10-14 10:15:00',15,0),(503303,61,NULL,'2015-10-14 10:30:00',15,0),(503304,61,NULL,'2015-10-14 10:45:00',15,0),(503305,61,NULL,'2015-10-14 11:00:00',15,0),(503306,61,NULL,'2015-10-14 11:15:00',15,0),(503307,61,NULL,'2015-10-14 11:30:00',15,0),(503308,61,1441100935734,'2015-10-14 11:45:00',15,15),(503309,61,1441100935734,'2015-10-14 12:00:00',15,10),(503310,61,NULL,'2015-10-14 12:15:00',15,0),(503311,61,NULL,'2015-10-14 12:30:00',15,0),(503312,61,NULL,'2015-10-14 12:45:00',15,0),(503313,61,NULL,'2015-10-14 13:00:00',15,0),(503314,61,NULL,'2015-10-14 13:15:00',15,0),(503315,61,NULL,'2015-10-14 13:30:00',15,0),(503316,61,NULL,'2015-10-14 13:45:00',15,0),(503317,61,1441100935734,'2015-10-14 14:00:00',15,15),(503318,61,1441100935734,'2015-10-14 14:15:00',15,10),(503319,61,NULL,'2015-10-14 14:30:00',15,0),(503320,61,NULL,'2015-10-14 14:45:00',15,0),(503321,61,1441100935734,'2015-10-14 15:00:00',15,15),(503322,61,1441100935734,'2015-10-14 15:15:00',15,10),(503323,61,NULL,'2015-10-14 15:30:00',15,0),(503324,61,NULL,'2015-10-14 15:45:00',15,0),(503325,61,NULL,'2015-10-15 09:00:00',15,0),(503326,61,NULL,'2015-10-15 09:15:00',15,0),(503327,61,NULL,'2015-10-15 09:30:00',15,0),(503328,61,NULL,'2015-10-15 09:45:00',15,0),(503329,61,1438757336230,'2015-10-15 10:00:00',15,15),(503330,61,1438757336230,'2015-10-15 10:15:00',15,15),(503331,61,1438757336230,'2015-10-15 10:30:00',15,15),(503332,61,1438757336230,'2015-10-15 10:45:00',15,15),(503333,61,NULL,'2015-10-15 11:00:00',15,0),(503334,61,NULL,'2015-10-15 11:15:00',15,0),(503335,61,NULL,'2015-10-15 11:30:00',15,0),(503336,61,NULL,'2015-10-15 11:45:00',15,0),(503337,61,NULL,'2015-10-15 12:00:00',15,0),(503338,61,NULL,'2015-10-15 12:15:00',15,0),(503339,61,NULL,'2015-10-15 12:30:00',15,0),(503340,61,NULL,'2015-10-15 12:45:00',15,0),(503341,61,NULL,'2015-10-15 13:00:00',15,0),(503342,61,NULL,'2015-10-15 13:15:00',15,0),(503343,61,NULL,'2015-10-15 13:30:00',15,0),(503344,61,NULL,'2015-10-15 13:45:00',15,0),(503345,61,NULL,'2015-10-15 14:00:00',15,0),(503346,61,NULL,'2015-10-15 14:15:00',15,0),(503347,61,NULL,'2015-10-15 14:30:00',15,0),(503348,61,NULL,'2015-10-15 14:45:00',15,0),(503349,61,1441100935734,'2015-10-15 15:00:00',15,15),(503350,61,1441100935734,'2015-10-15 15:15:00',15,15),(503351,61,1441100935734,'2015-10-15 15:30:00',15,10),(503352,61,NULL,'2015-10-15 15:45:00',15,0),(503353,61,1441100935734,'2015-10-15 16:00:00',15,15),(503354,61,1441100935734,'2015-10-15 16:15:00',15,15),(503355,61,1441100935734,'2015-10-15 16:30:00',15,10),(503356,61,NULL,'2015-10-15 16:45:00',15,0),(503357,61,NULL,'2015-10-15 17:00:00',15,0),(503358,61,NULL,'2015-10-15 17:15:00',15,0),(503359,61,NULL,'2015-10-15 17:30:00',15,0),(503360,61,NULL,'2015-10-15 17:45:00',15,0),(503361,61,NULL,'2015-10-16 09:00:00',15,0),(503362,61,NULL,'2015-10-16 09:15:00',15,0),(503363,61,NULL,'2015-10-16 09:30:00',15,0),(503364,61,NULL,'2015-10-16 09:45:00',15,0),(503365,61,1441100935734,'2015-10-16 10:00:00',15,15),(503366,61,1441100935734,'2015-10-16 10:15:00',15,15),(503367,61,1441100935734,'2015-10-16 10:30:00',15,10),(503368,61,NULL,'2015-10-16 10:45:00',15,0),(503369,61,1441100935734,'2015-10-16 11:00:00',15,15),(503370,61,1441100935734,'2015-10-16 11:15:00',15,15),(503371,61,1441100935734,'2015-10-16 11:30:00',15,10),(503372,61,NULL,'2015-10-16 11:45:00',15,0),(503373,61,NULL,'2015-10-16 12:00:00',15,0),(503374,61,NULL,'2015-10-16 12:15:00',15,0),(503375,61,NULL,'2015-10-16 12:30:00',15,0),(503376,61,NULL,'2015-10-16 12:45:00',15,0),(503377,61,NULL,'2015-10-16 13:00:00',15,0),(503378,61,NULL,'2015-10-16 13:15:00',15,0),(503379,61,NULL,'2015-10-16 13:30:00',15,0),(503380,61,NULL,'2015-10-16 13:45:00',15,0),(503381,61,NULL,'2015-10-16 14:00:00',15,0),(503382,61,NULL,'2015-10-16 14:15:00',15,0),(503383,61,NULL,'2015-10-16 14:30:00',15,0),(503384,61,NULL,'2015-10-16 14:45:00',15,0),(503385,61,NULL,'2015-10-17 09:00:00',15,0),(503386,61,NULL,'2015-10-17 09:15:00',15,0),(503387,61,NULL,'2015-10-17 09:30:00',15,0),(503388,61,NULL,'2015-10-17 09:45:00',15,0),(503389,61,NULL,'2015-10-17 10:00:00',15,0),(503390,61,NULL,'2015-10-17 10:15:00',15,0),(503391,61,NULL,'2015-10-17 10:30:00',15,0),(503392,61,NULL,'2015-10-17 10:45:00',15,0),(503393,61,NULL,'2015-10-17 11:00:00',15,0),(503394,61,NULL,'2015-10-17 11:15:00',15,0),(503395,61,NULL,'2015-10-17 11:30:00',15,0),(503396,61,NULL,'2015-10-17 11:45:00',15,0),(503397,61,NULL,'2015-10-20 09:00:00',15,0),(503398,61,NULL,'2015-10-20 09:15:00',15,0),(503399,61,NULL,'2015-10-20 09:30:00',15,0),(503400,61,NULL,'2015-10-20 09:45:00',15,0),(503401,61,NULL,'2015-10-20 10:00:00',15,0),(503402,61,NULL,'2015-10-20 10:15:00',15,0),(503403,61,NULL,'2015-10-20 10:30:00',15,0),(503404,61,NULL,'2015-10-20 10:45:00',15,0),(503405,61,NULL,'2015-10-20 11:00:00',15,0),(503406,61,NULL,'2015-10-20 11:15:00',15,0),(503407,61,NULL,'2015-10-20 11:30:00',15,0),(503408,61,NULL,'2015-10-20 11:45:00',15,0),(503409,61,NULL,'2015-10-20 12:00:00',15,0),(503410,61,NULL,'2015-10-20 12:15:00',15,0),(503411,61,NULL,'2015-10-20 12:30:00',15,0),(503412,61,NULL,'2015-10-20 12:45:00',15,0),(503413,61,NULL,'2015-10-20 13:00:00',15,0),(503414,61,NULL,'2015-10-20 13:15:00',15,0),(503415,61,NULL,'2015-10-20 13:30:00',15,0),(503416,61,NULL,'2015-10-20 13:45:00',15,0),(503417,61,NULL,'2015-10-20 14:00:00',15,0),(503418,61,NULL,'2015-10-20 14:15:00',15,0),(503419,61,NULL,'2015-10-20 14:30:00',15,0),(503420,61,NULL,'2015-10-20 14:45:00',15,0),(503421,61,NULL,'2015-10-20 15:00:00',15,0),(503422,61,NULL,'2015-10-20 15:15:00',15,0),(503423,61,NULL,'2015-10-20 15:30:00',15,0),(503424,61,NULL,'2015-10-20 15:45:00',15,0),(503425,61,NULL,'2015-10-20 16:00:00',15,0),(503426,61,NULL,'2015-10-20 16:15:00',15,0),(503427,61,NULL,'2015-10-20 16:30:00',15,0),(503428,61,NULL,'2015-10-20 16:45:00',15,0),(503429,61,NULL,'2015-10-20 17:00:00',15,0),(503430,61,NULL,'2015-10-20 17:15:00',15,0),(503431,61,NULL,'2015-10-20 17:30:00',15,0),(503432,61,NULL,'2015-10-20 17:45:00',15,0),(503433,61,NULL,'2015-10-20 18:00:00',15,0),(503434,61,NULL,'2015-10-20 18:15:00',15,0),(503435,61,NULL,'2015-10-20 18:30:00',15,0),(503436,61,NULL,'2015-10-20 18:45:00',15,0),(503437,61,NULL,'2015-10-20 19:00:00',15,0),(503438,61,NULL,'2015-10-20 19:15:00',15,0),(503439,61,NULL,'2015-10-20 19:30:00',15,0),(503440,61,NULL,'2015-10-20 19:45:00',15,0),(503441,61,NULL,'2015-10-21 09:00:00',15,0),(503442,61,NULL,'2015-10-21 09:15:00',15,0),(503443,61,NULL,'2015-10-21 09:30:00',15,0),(503444,61,NULL,'2015-10-21 09:45:00',15,0),(503445,61,NULL,'2015-10-21 10:00:00',15,0),(503446,61,NULL,'2015-10-21 10:15:00',15,0),(503447,61,NULL,'2015-10-21 10:30:00',15,0),(503448,61,NULL,'2015-10-21 10:45:00',15,0),(503449,61,NULL,'2015-10-21 11:00:00',15,0),(503450,61,NULL,'2015-10-21 11:15:00',15,0),(503451,61,NULL,'2015-10-21 11:30:00',15,0),(503452,61,NULL,'2015-10-21 11:45:00',15,0),(503453,61,NULL,'2015-10-21 12:00:00',15,0),(503454,61,NULL,'2015-10-21 12:15:00',15,0),(503455,61,NULL,'2015-10-21 12:30:00',15,0),(503456,61,NULL,'2015-10-21 12:45:00',15,0),(503457,61,NULL,'2015-10-21 13:00:00',15,0),(503458,61,NULL,'2015-10-21 13:15:00',15,0),(503459,61,NULL,'2015-10-21 13:30:00',15,0),(503460,61,NULL,'2015-10-21 13:45:00',15,0),(503461,61,NULL,'2015-10-21 14:00:00',15,0),(503462,61,NULL,'2015-10-21 14:15:00',15,0),(503463,61,NULL,'2015-10-21 14:30:00',15,0),(503464,61,NULL,'2015-10-21 14:45:00',15,0),(503465,61,NULL,'2015-10-21 15:00:00',15,0),(503466,61,NULL,'2015-10-21 15:15:00',15,0),(503467,61,NULL,'2015-10-21 15:30:00',15,0),(503468,61,NULL,'2015-10-21 15:45:00',15,0),(503469,61,NULL,'2015-10-22 09:00:00',15,0),(503470,61,NULL,'2015-10-22 09:15:00',15,0),(503471,61,NULL,'2015-10-22 09:30:00',15,0),(503472,61,NULL,'2015-10-22 09:45:00',15,0),(503473,61,NULL,'2015-10-22 10:00:00',15,0),(503474,61,NULL,'2015-10-22 10:15:00',15,0),(503475,61,NULL,'2015-10-22 10:30:00',15,0),(503476,61,NULL,'2015-10-22 10:45:00',15,0),(503477,61,NULL,'2015-10-22 11:00:00',15,0),(503478,61,NULL,'2015-10-22 11:15:00',15,0),(503479,61,NULL,'2015-10-22 11:30:00',15,0),(503480,61,NULL,'2015-10-22 11:45:00',15,0),(503481,61,NULL,'2015-10-22 12:00:00',15,0),(503482,61,NULL,'2015-10-22 12:15:00',15,0),(503483,61,NULL,'2015-10-22 12:30:00',15,0),(503484,61,NULL,'2015-10-22 12:45:00',15,0),(503485,61,NULL,'2015-10-22 13:00:00',15,0),(503486,61,NULL,'2015-10-22 13:15:00',15,0),(503487,61,NULL,'2015-10-22 13:30:00',15,0),(503488,61,NULL,'2015-10-22 13:45:00',15,0),(503489,61,NULL,'2015-10-22 14:00:00',15,0),(503490,61,NULL,'2015-10-22 14:15:00',15,0),(503491,61,NULL,'2015-10-22 14:30:00',15,0),(503492,61,NULL,'2015-10-22 14:45:00',15,0),(503493,61,NULL,'2015-10-22 15:00:00',15,0),(503494,61,NULL,'2015-10-22 15:15:00',15,0),(503495,61,NULL,'2015-10-22 15:30:00',15,0),(503496,61,NULL,'2015-10-22 15:45:00',15,0),(503497,61,NULL,'2015-10-22 16:00:00',15,0),(503498,61,NULL,'2015-10-22 16:15:00',15,0),(503499,61,NULL,'2015-10-22 16:30:00',15,0),(503500,61,NULL,'2015-10-22 16:45:00',15,0),(503501,61,NULL,'2015-10-22 17:00:00',15,0),(503502,61,NULL,'2015-10-22 17:15:00',15,0),(503503,61,NULL,'2015-10-22 17:30:00',15,0),(503504,61,NULL,'2015-10-22 17:45:00',15,0),(503505,61,NULL,'2015-10-23 09:00:00',15,0),(503506,61,NULL,'2015-10-23 09:15:00',15,0),(503507,61,NULL,'2015-10-23 09:30:00',15,0),(503508,61,NULL,'2015-10-23 09:45:00',15,0),(503509,61,NULL,'2015-10-23 10:00:00',15,0),(503510,61,NULL,'2015-10-23 10:15:00',15,0),(503511,61,NULL,'2015-10-23 10:30:00',15,0),(503512,61,NULL,'2015-10-23 10:45:00',15,0),(503513,61,NULL,'2015-10-23 11:00:00',15,0),(503514,61,NULL,'2015-10-23 11:15:00',15,0),(503515,61,NULL,'2015-10-23 11:30:00',15,0),(503516,61,NULL,'2015-10-23 11:45:00',15,0),(503517,61,NULL,'2015-10-23 12:00:00',15,0),(503518,61,NULL,'2015-10-23 12:15:00',15,0),(503519,61,NULL,'2015-10-23 12:30:00',15,0),(503520,61,NULL,'2015-10-23 12:45:00',15,0),(503521,61,NULL,'2015-10-23 13:00:00',15,0),(503522,61,NULL,'2015-10-23 13:15:00',15,0),(503523,61,NULL,'2015-10-23 13:30:00',15,0),(503524,61,NULL,'2015-10-23 13:45:00',15,0),(503525,61,NULL,'2015-10-23 14:00:00',15,0),(503526,61,NULL,'2015-10-23 14:15:00',15,0),(503527,61,NULL,'2015-10-23 14:30:00',15,0),(503528,61,NULL,'2015-10-23 14:45:00',15,0),(503529,61,NULL,'2015-10-24 09:00:00',15,0),(503530,61,NULL,'2015-10-24 09:15:00',15,0),(503531,61,NULL,'2015-10-24 09:30:00',15,0),(503532,61,NULL,'2015-10-24 09:45:00',15,0),(503533,61,NULL,'2015-10-24 10:00:00',15,0),(503534,61,NULL,'2015-10-24 10:15:00',15,0),(503535,61,NULL,'2015-10-24 10:30:00',15,0),(503536,61,NULL,'2015-10-24 10:45:00',15,0),(503537,61,NULL,'2015-10-24 11:00:00',15,0),(503538,61,NULL,'2015-10-24 11:15:00',15,0),(503539,61,NULL,'2015-10-24 11:30:00',15,0),(503540,61,NULL,'2015-10-24 11:45:00',15,0),(503541,62,1438757336230,'2015-10-13 08:00:00',30,15),(503542,62,1438757336230,'2015-10-13 08:15:00',30,30),(503543,62,1438757336230,'2015-10-13 08:30:00',30,30),(503544,62,1438757336230,'2015-10-13 08:45:00',30,15),(503545,62,1441100935734,'2015-10-13 09:00:00',30,30),(503546,62,1441100935734,'2015-10-13 09:15:00',30,25),(503547,62,1438757336230,'2015-10-13 09:30:00',30,30),(503548,62,1438757336230,'2015-10-13 09:45:00',30,30),(503549,62,1438757336230,'2015-10-13 10:00:00',30,30),(503550,62,1441100935734,'2015-10-13 10:15:00',30,30),(503551,62,1441100935734,'2015-10-13 10:30:00',30,25),(503552,62,1438757336230,'2015-10-13 10:45:00',30,30),(503553,62,1438757336230,'2015-10-13 11:00:00',30,30),(503554,62,1438757336230,'2015-10-13 11:15:00',30,30),(503555,62,1438757336230,'2015-10-13 11:30:00',30,30),(503556,62,1438757336230,'2015-10-13 11:45:00',30,25),(503557,62,1441100935734,'2015-10-13 12:00:00',15,15),(503558,62,1441100935734,'2015-10-13 12:15:00',15,10),(503559,62,1438757336230,'2015-10-13 12:30:00',15,15),(503560,62,1441100935734,'2015-10-13 12:45:00',15,15),(503561,62,1441100935734,'2015-10-13 13:00:00',15,10),(503562,62,1441100935734,'2015-10-13 13:15:00',15,15),(503563,62,1441100935734,'2015-10-13 13:30:00',15,15),(503564,62,1441100935734,'2015-10-13 13:45:00',15,10),(503565,62,1441100935734,'2015-10-13 14:00:00',30,30),(503566,62,1441100935734,'2015-10-13 14:15:00',30,25),(503567,62,1441100935734,'2015-10-13 14:30:00',30,25),(503568,62,1441100935734,'2015-10-13 14:45:00',30,30),(503569,62,1441100935734,'2015-10-13 15:00:00',30,25),(503570,62,1441100935734,'2015-10-13 15:15:00',30,25),(503571,62,1441100935734,'2015-10-13 15:30:00',30,25),(503572,62,1438757345406,'2015-10-13 15:45:00',30,25),(503573,62,1438757345406,'2015-10-13 16:00:00',30,30),(503574,62,1438757345406,'2015-10-13 16:15:00',30,20),(503575,62,1438757345406,'2015-10-13 16:30:00',30,30),(503576,62,1438757345406,'2015-10-13 16:45:00',30,25),(503577,62,1438757345406,'2015-10-13 17:00:00',30,10),(503578,62,NULL,'2015-10-13 17:15:00',30,0),(503579,62,1441100935734,'2015-10-13 17:30:00',30,15),(503580,62,1441100935734,'2015-10-13 17:45:00',30,10),(503581,62,NULL,'2015-10-13 18:00:00',30,0),(503582,62,NULL,'2015-10-13 18:15:00',30,0),(503583,62,NULL,'2015-10-13 18:30:00',30,0),(503584,62,NULL,'2015-10-13 18:45:00',30,0),(503585,62,NULL,'2015-10-13 19:00:00',30,0),(503586,62,1441100935734,'2015-10-13 19:15:00',30,15),(503587,62,1441100935734,'2015-10-13 19:30:00',30,10),(503588,62,NULL,'2015-10-13 19:45:00',30,0),(503589,62,1438757336230,'2015-10-14 09:00:00',30,30),(503590,62,1438757336230,'2015-10-14 09:15:00',30,30),(503591,62,1438757336230,'2015-10-14 09:30:00',30,30),(503592,62,1438757336230,'2015-10-14 09:45:00',30,30),(503593,62,1438757336230,'2015-10-14 10:00:00',30,15),(503594,62,1438757336230,'2015-10-14 10:15:00',30,30),(503595,62,1438757336230,'2015-10-14 10:30:00',30,30),(503596,62,1438757336230,'2015-10-14 10:45:00',30,30),(503597,62,1438757336230,'2015-10-14 11:00:00',30,30),(503598,62,1438757336230,'2015-10-14 11:15:00',30,30),(503599,62,1441100935734,'2015-10-14 11:30:00',30,30),(503600,62,1441100935734,'2015-10-14 11:45:00',30,20),(503601,62,1441100935734,'2015-10-14 12:00:00',15,15),(503602,62,1441100935734,'2015-10-14 12:15:00',15,10),(503603,62,1441100935734,'2015-10-14 12:30:00',15,15),(503604,62,1441100935734,'2015-10-14 12:45:00',15,10),(503605,62,NULL,'2015-10-14 13:00:00',15,0),(503606,62,NULL,'2015-10-14 13:15:00',15,0),(503607,62,NULL,'2015-10-14 13:30:00',15,0),(503608,62,NULL,'2015-10-14 13:45:00',15,0),(503609,62,1441100935734,'2015-10-14 14:00:00',30,15),(503610,62,1441100935734,'2015-10-14 14:15:00',30,25),(503611,62,1441100935734,'2015-10-14 14:30:00',30,25),(503612,62,1441100935734,'2015-10-14 14:45:00',30,25),(503613,62,1441100935734,'2015-10-14 15:00:00',30,25),(503614,62,1441100935734,'2015-10-14 15:15:00',30,25),(503615,62,1441100935734,'2015-10-14 15:30:00',30,15),(503616,62,1441100935734,'2015-10-14 15:45:00',30,10),(503617,62,NULL,'2015-10-14 16:00:00',30,0),(503618,62,NULL,'2015-10-14 16:15:00',30,0),(503619,62,NULL,'2015-10-14 16:30:00',30,0),(503620,62,NULL,'2015-10-14 16:45:00',30,0),(503621,62,NULL,'2015-10-14 17:00:00',30,0),(503622,62,NULL,'2015-10-14 17:15:00',30,0),(503623,62,NULL,'2015-10-14 17:30:00',30,0),(503624,62,NULL,'2015-10-14 17:45:00',30,0),(503625,62,1438757336230,'2015-10-15 09:00:00',30,30),(503626,62,1438757336230,'2015-10-15 09:15:00',30,30),(503627,62,1438757336230,'2015-10-15 09:30:00',30,30),(503628,62,1438757336230,'2015-10-15 09:45:00',30,30),(503629,62,1438757336230,'2015-10-15 10:00:00',30,30),(503630,62,1438757336230,'2015-10-15 10:15:00',30,30),(503631,62,1438757336230,'2015-10-15 10:30:00',30,30),(503632,62,1438757336230,'2015-10-15 10:45:00',30,15),(503633,62,1438757336230,'2015-10-15 11:00:00',30,30),(503634,62,1438757336230,'2015-10-15 11:15:00',30,30),(503635,62,1438757336230,'2015-10-15 11:30:00',30,30),(503636,62,1438757336230,'2015-10-15 11:45:00',30,30),(503637,62,1441100935734,'2015-10-15 12:00:00',15,15),(503638,62,1441100935734,'2015-10-15 12:15:00',15,15),(503639,62,1441100935734,'2015-10-15 12:30:00',15,10),(503640,62,1441100935734,'2015-10-15 12:45:00',15,15),(503641,62,1441100935734,'2015-10-15 13:00:00',15,10),(503642,62,1438757345406,'2015-10-15 13:15:00',15,15),(503643,62,1438757345406,'2015-10-15 13:30:00',15,15),(503644,62,1438757345406,'2015-10-15 13:45:00',15,10),(503645,62,NULL,'2015-10-15 14:00:00',30,0),(503646,62,1441100935734,'2015-10-15 14:15:00',30,15),(503647,62,1441100935734,'2015-10-15 14:30:00',30,25),(503648,62,1441100935734,'2015-10-15 14:45:00',30,25),(503649,62,1441100935734,'2015-10-15 15:00:00',30,25),(503650,62,1441100935734,'2015-10-15 15:15:00',30,15),(503651,62,1441100935734,'2015-10-15 15:30:00',30,30),(503652,62,1441100935734,'2015-10-15 15:45:00',30,20),(503653,62,1441100935734,'2015-10-15 16:00:00',30,30),(503654,62,1441100935734,'2015-10-15 16:15:00',30,30),(503655,62,1441100935734,'2015-10-15 16:30:00',30,20),(503656,62,1441100935734,'2015-10-15 16:45:00',30,30),(503657,62,1441100935734,'2015-10-15 17:00:00',30,25),(503658,62,1438757345406,'2015-10-15 17:15:00',30,25),(503659,62,1438757345406,'2015-10-15 17:30:00',30,10),(503660,62,NULL,'2015-10-15 17:45:00',30,0),(503661,62,NULL,'2015-10-15 18:00:00',30,0),(503662,62,NULL,'2015-10-15 18:15:00',30,0),(503663,62,NULL,'2015-10-15 18:30:00',30,0),(503664,62,NULL,'2015-10-15 18:45:00',30,0),(503665,62,NULL,'2015-10-15 19:00:00',30,0),(503666,62,NULL,'2015-10-15 19:15:00',30,0),(503667,62,NULL,'2015-10-15 19:30:00',30,0),(503668,62,NULL,'2015-10-15 19:45:00',30,0),(503669,62,1438757336230,'2015-10-16 09:00:00',30,15),(503670,62,1438757336230,'2015-10-16 09:15:00',30,30),(503671,62,1438757336230,'2015-10-16 09:30:00',30,30),(503672,62,1438757336230,'2015-10-16 09:45:00',30,30),(503673,62,1438757336230,'2015-10-16 10:00:00',30,30),(503674,62,1438757336230,'2015-10-16 10:15:00',30,30),(503675,62,1441100935734,'2015-10-16 10:30:00',30,30),(503676,62,1441100935734,'2015-10-16 10:45:00',30,30),(503677,62,1441100935734,'2015-10-16 11:00:00',30,25),(503678,62,1441100935734,'2015-10-16 11:15:00',30,25),(503679,62,1441100935734,'2015-10-16 11:30:00',30,25),(503680,62,1441100935734,'2015-10-16 11:45:00',30,15),(503681,62,1441100935734,'2015-10-16 12:00:00',15,10),(503682,62,1441100935734,'2015-10-16 12:15:00',15,15),(503683,62,1441100935734,'2015-10-16 12:30:00',15,15),(503684,62,1441100935734,'2015-10-16 12:45:00',15,10),(503685,62,NULL,'2015-10-16 13:00:00',15,0),(503686,62,NULL,'2015-10-16 13:15:00',15,0),(503687,62,NULL,'2015-10-16 13:30:00',15,0),(503688,62,NULL,'2015-10-16 13:45:00',15,0),(503689,62,1441100935734,'2015-10-16 14:00:00',30,30),(503690,62,1438757345406,'2015-10-16 14:15:00',30,25),(503691,62,1438757345406,'2015-10-16 14:30:00',30,30),(503692,62,1438757345406,'2015-10-16 14:45:00',30,20),(503693,62,1438757345406,'2015-10-16 15:00:00',30,30),(503694,62,1438757345406,'2015-10-16 15:15:00',30,20),(503695,62,1438757345406,'2015-10-16 15:30:00',30,15),(503696,62,1438757345406,'2015-10-16 15:45:00',30,10),(503697,62,1438757336230,'2015-10-17 09:00:00',30,30),(503698,62,1438757336230,'2015-10-17 09:15:00',30,30),(503699,62,1441100935734,'2015-10-17 09:30:00',30,30),(503700,62,1441100935734,'2015-10-17 09:45:00',30,20),(503701,62,1441100935734,'2015-10-17 10:00:00',30,30),(503702,62,1438757345406,'2015-10-17 10:15:00',30,25),(503703,62,1438757345406,'2015-10-17 10:30:00',30,10),(503704,62,NULL,'2015-10-17 10:45:00',30,0),(503705,62,NULL,'2015-10-17 11:00:00',30,0),(503706,62,NULL,'2015-10-17 11:15:00',30,0),(503707,62,NULL,'2015-10-17 11:30:00',30,0),(503708,62,1438757336230,'2015-10-17 11:45:00',30,15),(503709,62,1438757336230,'2015-10-17 12:00:00',15,15),(503710,62,1441100935734,'2015-10-17 12:15:00',15,15),(503711,62,1441100935734,'2015-10-17 12:30:00',15,10),(503712,62,NULL,'2015-10-17 12:45:00',15,0),(503713,62,1438757336230,'2015-10-20 08:00:00',30,30),(503714,62,1438757336230,'2015-10-20 08:15:00',30,15),(503715,62,1438757336230,'2015-10-20 08:30:00',30,30),(503716,62,NULL,'2015-10-20 08:45:00',30,0),(503717,62,1438757336230,'2015-10-20 09:00:00',30,30),(503718,62,1438757336230,'2015-10-20 09:15:00',30,30),(503719,62,1438757336230,'2015-10-20 09:30:00',30,30),(503720,62,1438757336230,'2015-10-20 09:45:00',30,30),(503721,62,1438757336230,'2015-10-20 10:00:00',30,30),(503722,62,1438757336230,'2015-10-20 10:15:00',30,15),(503723,62,1438757336230,'2015-10-20 10:30:00',30,30),(503724,62,NULL,'2015-10-20 10:45:00',30,0),(503725,62,1438757336230,'2015-10-20 11:00:00',30,30),(503726,62,1438757336230,'2015-10-20 11:15:00',30,30),(503727,62,1441100935734,'2015-10-20 11:30:00',30,30),(503728,62,1441100935734,'2015-10-20 11:45:00',30,30),(503729,62,1441100935734,'2015-10-20 12:00:00',15,10),(503730,62,1438757336230,'2015-10-20 12:15:00',15,15),(503731,62,1438757336230,'2015-10-20 12:30:00',15,15),(503732,62,1441100935734,'2015-10-20 12:45:00',15,15),(503733,62,1441100935734,'2015-10-20 13:00:00',15,10),(503734,62,1441100935734,'2015-10-20 13:15:00',15,15),(503735,62,1441100935734,'2015-10-20 13:30:00',15,10),(503736,62,1441100935734,'2015-10-20 13:45:00',15,15),(503737,62,1441100935734,'2015-10-20 14:00:00',30,30),(503738,62,1441100935734,'2015-10-20 14:15:00',30,25),(503739,62,1441100935734,'2015-10-20 14:30:00',30,25),(503740,62,1441100935734,'2015-10-20 14:45:00',30,10),(503741,62,1441100935734,'2015-10-20 15:00:00',30,30),(503742,62,1441100935734,'2015-10-20 15:15:00',30,25),(503743,62,1441100935734,'2015-10-20 15:30:00',30,25),(503744,62,1441100935734,'2015-10-20 15:45:00',30,25),(503745,62,1441100935734,'2015-10-20 16:00:00',30,30),(503746,62,1441100935734,'2015-10-20 16:15:00',30,20),(503747,62,1441100935734,'2015-10-20 16:30:00',30,15),(503748,62,1441100935734,'2015-10-20 16:45:00',30,15),(503749,62,1441100935734,'2015-10-20 17:00:00',30,10),(503750,62,NULL,'2015-10-20 17:15:00',30,0),(503751,62,NULL,'2015-10-20 17:30:00',30,0),(503752,62,NULL,'2015-10-20 17:45:00',30,0),(503753,62,NULL,'2015-10-20 18:00:00',30,0),(503754,62,NULL,'2015-10-20 18:15:00',30,0),(503755,62,NULL,'2015-10-20 18:30:00',30,0),(503756,62,NULL,'2015-10-20 18:45:00',30,0),(503757,62,NULL,'2015-10-20 19:00:00',30,0),(503758,62,NULL,'2015-10-20 19:15:00',30,0),(503759,62,NULL,'2015-10-20 19:30:00',30,0),(503760,62,NULL,'2015-10-20 19:45:00',30,0),(503761,62,1438757336230,'2015-10-21 09:00:00',30,30),(503762,62,1438757336230,'2015-10-21 09:15:00',30,30),(503763,62,1438757336230,'2015-10-21 09:30:00',30,30),(503764,62,1438757336230,'2015-10-21 09:45:00',30,15),(503765,62,1438757336230,'2015-10-21 10:00:00',30,30),(503766,62,1441100935734,'2015-10-21 10:15:00',30,30),(503767,62,1441100935734,'2015-10-21 10:30:00',30,30),(503768,62,1441100935734,'2015-10-21 10:45:00',30,20),(503769,62,1441100935734,'2015-10-21 11:00:00',30,30),(503770,62,1441100935734,'2015-10-21 11:15:00',30,25),(503771,62,1441100935734,'2015-10-21 11:30:00',30,30),(503772,62,1441100935734,'2015-10-21 11:45:00',30,10),(503773,62,1441100935734,'2015-10-21 12:00:00',15,15),(503774,62,1441100935734,'2015-10-21 12:15:00',15,10),(503775,62,1438757336230,'2015-10-21 12:30:00',15,15),(503776,62,NULL,'2015-10-21 12:45:00',15,0),(503777,62,NULL,'2015-10-21 13:00:00',15,0),(503778,62,NULL,'2015-10-21 13:15:00',15,0),(503779,62,NULL,'2015-10-21 13:30:00',15,0),(503780,62,NULL,'2015-10-21 13:45:00',15,0),(503781,62,1438757336230,'2015-10-21 14:00:00',30,15),(503782,62,1438757336230,'2015-10-21 14:15:00',30,30),(503783,62,1441100935734,'2015-10-21 14:30:00',30,30),(503784,62,1441100935734,'2015-10-21 14:45:00',30,30),(503785,62,1441100935734,'2015-10-21 15:00:00',30,25),(503786,62,1441100935734,'2015-10-21 15:15:00',30,25),(503787,62,1441100935734,'2015-10-21 15:30:00',30,10),(503788,62,NULL,'2015-10-21 15:45:00',30,0),(503789,62,1441100935734,'2015-10-21 16:00:00',30,15),(503790,62,1441100935734,'2015-10-21 16:15:00',30,15),(503791,62,1441100935734,'2015-10-21 16:30:00',30,10),(503792,62,NULL,'2015-10-21 16:45:00',30,0),(503793,62,NULL,'2015-10-21 17:00:00',30,0),(503794,62,NULL,'2015-10-21 17:15:00',30,0),(503795,62,NULL,'2015-10-21 17:30:00',30,0),(503796,62,NULL,'2015-10-21 17:45:00',30,0),(503797,62,1438757336230,'2015-10-22 09:00:00',30,15),(503798,62,1438757336230,'2015-10-22 09:15:00',30,30),(503799,62,1438757336230,'2015-10-22 09:30:00',30,30),(503800,62,1438757336230,'2015-10-22 09:45:00',30,25),(503801,62,1438757336230,'2015-10-22 10:00:00',30,15),(503802,62,1438757336230,'2015-10-22 10:15:00',30,30),(503803,62,1438757336230,'2015-10-22 10:30:00',30,15),(503804,62,1438757336230,'2015-10-22 10:45:00',30,30),(503805,62,1438757336230,'2015-10-22 11:00:00',30,30),(503806,62,1438757336230,'2015-10-22 11:15:00',30,30),(503807,62,1438757336230,'2015-10-22 11:30:00',30,30),(503808,62,1438757336230,'2015-10-22 11:45:00',30,30),(503809,62,1438757336230,'2015-10-22 12:00:00',15,15),(503810,62,NULL,'2015-10-22 12:15:00',15,0),(503811,62,1438757336230,'2015-10-22 12:30:00',15,15),(503812,62,1438757336230,'2015-10-22 12:45:00',15,15),(503813,62,1441100935734,'2015-10-22 13:00:00',15,15),(503814,62,1441100935734,'2015-10-22 13:15:00',15,10),(503815,62,1441100935734,'2015-10-22 13:30:00',15,15),(503816,62,1441100935734,'2015-10-22 13:45:00',15,10),(503817,62,1441100935734,'2015-10-22 14:00:00',30,30),(503818,62,1441100935734,'2015-10-22 14:15:00',30,25),(503819,62,1441100935734,'2015-10-22 14:30:00',30,30),(503820,62,1441100935734,'2015-10-22 14:45:00',30,25),(503821,62,1441100935734,'2015-10-22 15:00:00',30,25),(503822,62,1441100935734,'2015-10-22 15:15:00',30,25),(503823,62,1441100935734,'2015-10-22 15:30:00',30,25),(503824,62,1441100935734,'2015-10-22 15:45:00',30,25),(503825,62,1441100935734,'2015-10-22 16:00:00',30,15),(503826,62,1441100935734,'2015-10-22 16:15:00',30,25),(503827,62,1441100935734,'2015-10-22 16:30:00',30,30),(503828,62,1441100935734,'2015-10-22 16:45:00',30,25),(503829,62,1441100935734,'2015-10-22 17:00:00',30,25),(503830,62,1441100935734,'2015-10-22 17:15:00',30,10),(503831,62,NULL,'2015-10-22 17:30:00',30,0),(503832,62,NULL,'2015-10-22 17:45:00',30,0),(503833,62,NULL,'2015-10-22 18:00:00',30,0),(503834,62,NULL,'2015-10-22 18:15:00',30,0),(503835,62,NULL,'2015-10-22 18:30:00',30,0),(503836,62,NULL,'2015-10-22 18:45:00',30,0),(503837,62,NULL,'2015-10-22 19:00:00',30,0),(503838,62,NULL,'2015-10-22 19:15:00',30,0),(503839,62,NULL,'2015-10-22 19:30:00',30,0),(503840,62,NULL,'2015-10-22 19:45:00',30,0),(503841,62,1438757336230,'2015-10-23 09:00:00',30,15),(503842,62,1438757336230,'2015-10-23 09:15:00',30,30),(503843,62,1438757336230,'2015-10-23 09:30:00',30,30),(503844,62,1438757336230,'2015-10-23 09:45:00',30,15),(503845,62,1438757336230,'2015-10-23 10:00:00',30,30),(503846,62,1441100935734,'2015-10-23 10:15:00',30,30),(503847,62,1441100935734,'2015-10-23 10:30:00',30,10),(503848,62,NULL,'2015-10-23 10:45:00',30,0),(503849,62,1441100935734,'2015-10-23 11:00:00',30,30),(503850,62,1441100935734,'2015-10-23 11:15:00',30,30),(503851,62,1441100935734,'2015-10-23 11:30:00',30,25),(503852,62,1441100935734,'2015-10-23 11:45:00',30,10),(503853,62,NULL,'2015-10-23 12:00:00',15,0),(503854,62,1438757336230,'2015-10-23 12:15:00',15,15),(503855,62,1438757336230,'2015-10-23 12:30:00',15,15),(503856,62,NULL,'2015-10-23 12:45:00',15,0),(503857,62,NULL,'2015-10-23 13:00:00',15,0),(503858,62,1438757336230,'2015-10-23 13:15:00',15,15),(503859,62,NULL,'2015-10-23 13:30:00',15,0),(503860,62,NULL,'2015-10-23 13:45:00',15,0),(503861,62,1441100935734,'2015-10-23 14:00:00',30,15),(503862,62,1441100935734,'2015-10-23 14:15:00',30,30),(503863,62,1441100935734,'2015-10-23 14:30:00',30,20),(503864,62,1441100935734,'2015-10-23 14:45:00',30,15),(503865,62,1441100935734,'2015-10-23 15:00:00',30,15),(503866,62,1441100935734,'2015-10-23 15:15:00',30,10),(503867,62,NULL,'2015-10-23 15:30:00',30,0),(503868,62,NULL,'2015-10-23 15:45:00',30,0),(503869,62,1438757336230,'2015-10-24 09:00:00',30,30),(503870,62,1438757336230,'2015-10-24 09:15:00',30,30),(503871,62,1441100935734,'2015-10-24 09:30:00',30,30),(503872,62,1441100935734,'2015-10-24 09:45:00',30,10),(503873,62,1441100935734,'2015-10-24 10:00:00',30,30),(503874,62,1441100935734,'2015-10-24 10:15:00',30,30),(503875,62,1438757345406,'2015-10-24 10:30:00',30,25),(503876,62,1438757345406,'2015-10-24 10:45:00',30,25),(503877,62,1441100935734,'2015-10-24 11:00:00',30,25),(503878,62,1441100935734,'2015-10-24 11:15:00',30,10),(503879,62,NULL,'2015-10-24 11:30:00',30,0),(503880,62,NULL,'2015-10-24 11:45:00',30,0),(503881,62,NULL,'2015-10-24 12:00:00',15,0),(503882,62,NULL,'2015-10-24 12:15:00',15,0),(503883,62,NULL,'2015-10-24 12:30:00',15,0),(503884,62,NULL,'2015-10-24 12:45:00',15,0),(503885,63,1441100935734,'2015-10-13 08:00:00',15,15),(503886,63,1441100935734,'2015-10-13 08:15:00',15,10),(503887,63,1438757336230,'2015-10-13 08:30:00',15,15),(503888,63,1438757336230,'2015-10-13 08:45:00',15,15),(503889,63,1441100935734,'2015-10-13 09:00:00',15,15),(503890,63,1441100935734,'2015-10-13 09:15:00',15,10),(503891,63,1438757336230,'2015-10-13 09:30:00',15,15),(503892,63,1438757336230,'2015-10-13 09:45:00',15,15),(503893,63,1438757336230,'2015-10-13 10:00:00',15,15),(503894,63,1438757336230,'2015-10-13 10:15:00',15,15),(503895,63,1441100935734,'2015-10-13 10:30:00',15,15),(503896,63,1441100935734,'2015-10-13 10:45:00',15,10),(503897,63,1441100935734,'2015-10-13 11:00:00',15,15),(503898,63,1441100935734,'2015-10-13 11:15:00',15,10),(503899,63,1438757336230,'2015-10-13 11:30:00',15,15),(503900,63,1438757336230,'2015-10-13 11:45:00',15,15),(503901,63,1438757336230,'2015-10-13 12:00:00',15,15),(503902,63,1438757345406,'2015-10-13 12:15:00',15,15),(503903,63,1438757345406,'2015-10-13 12:30:00',15,15),(503904,63,1438757345406,'2015-10-13 12:45:00',15,10),(503905,63,1438757336230,'2015-10-13 13:00:00',15,15),(503906,63,1438757336230,'2015-10-13 13:15:00',15,15),(503907,63,1438757345406,'2015-10-13 13:30:00',15,15),(503908,63,1438757345406,'2015-10-13 13:45:00',15,10),(503909,63,1438757336230,'2015-10-13 14:00:00',15,15),(503910,63,1438757345406,'2015-10-13 14:15:00',15,15),(503911,63,1438757345406,'2015-10-13 14:30:00',15,30),(503912,63,1438757345406,'2015-10-13 14:45:00',15,20),(503913,63,1438757336230,'2015-10-13 15:00:00',15,15),(503914,63,1438757345406,'2015-10-13 15:15:00',15,15),(503915,63,1438757345406,'2015-10-13 15:30:00',15,10),(503916,63,NULL,'2015-10-13 15:45:00',15,0),(503917,63,1441100935734,'2015-10-13 16:00:00',15,15),(503918,63,1441100935734,'2015-10-13 16:15:00',15,10),(503919,63,1438757345406,'2015-10-13 16:30:00',15,15),(503920,63,1438757345406,'2015-10-13 16:45:00',15,10),(503921,63,1441100935734,'2015-10-13 17:00:00',15,15),(503922,63,1441100935734,'2015-10-13 17:15:00',15,15),(503923,63,1441100935734,'2015-10-13 17:30:00',15,10),(503924,63,NULL,'2015-10-13 17:45:00',15,0),(503925,63,1441100935734,'2015-10-13 18:00:00',15,15),(503926,63,1441100935734,'2015-10-13 18:15:00',15,10),(503927,63,1438757345406,'2015-10-13 18:30:00',15,15),(503928,63,1438757345406,'2015-10-13 18:45:00',15,15),(503929,63,1438757345406,'2015-10-13 19:00:00',15,10),(503930,63,1438757345406,'2015-10-13 19:15:00',15,15),(503931,63,1438757345406,'2015-10-13 19:30:00',15,15),(503932,63,1438757345406,'2015-10-13 19:45:00',15,10),(503933,63,1441100935734,'2015-10-14 09:00:00',15,15),(503934,63,1441100935734,'2015-10-14 09:15:00',15,10),(503935,63,1441100935734,'2015-10-14 09:30:00',15,15),(503936,63,1441100935734,'2015-10-14 09:45:00',15,10),(503937,63,1438757336230,'2015-10-14 10:00:00',15,15),(503938,63,1438757336230,'2015-10-14 10:15:00',15,15),(503939,63,1438757336230,'2015-10-14 10:30:00',15,15),(503940,63,NULL,'2015-10-14 10:45:00',15,0),(503941,63,1438757336230,'2015-10-14 11:00:00',15,15),(503942,63,NULL,'2015-10-14 11:15:00',15,0),(503943,63,1438757336230,'2015-10-14 11:30:00',15,15),(503944,63,1438757336230,'2015-10-14 11:45:00',15,15),(503945,63,1438757336230,'2015-10-14 12:00:00',15,15),(503946,63,1438757336230,'2015-10-14 12:15:00',15,15),(503947,63,NULL,'2015-10-14 12:30:00',15,0),(503948,63,NULL,'2015-10-14 12:45:00',15,0),(503949,63,1441100935734,'2015-10-14 13:00:00',15,15),(503950,63,1441100935734,'2015-10-14 13:15:00',15,10),(503951,63,NULL,'2015-10-14 13:30:00',15,0),(503952,63,1441100935734,'2015-10-14 13:45:00',15,15),(503953,63,1441100935734,'2015-10-14 14:00:00',15,10),(503954,63,NULL,'2015-10-14 14:15:00',15,0),(503955,63,1438757336230,'2015-10-14 14:30:00',15,15),(503956,63,NULL,'2015-10-14 14:45:00',15,0),(503957,63,1438757345406,'2015-10-14 15:00:00',15,15),(503958,63,1438757345406,'2015-10-14 15:15:00',15,10),(503959,63,NULL,'2015-10-14 15:30:00',15,0),(503960,63,NULL,'2015-10-14 15:45:00',15,0),(503961,63,NULL,'2015-10-14 16:00:00',15,0),(503962,63,NULL,'2015-10-14 16:15:00',15,0),(503963,63,NULL,'2015-10-14 16:30:00',15,0),(503964,63,NULL,'2015-10-14 16:45:00',15,0),(503965,63,1441100935734,'2015-10-14 17:00:00',15,15),(503966,63,1441100935734,'2015-10-14 17:15:00',15,15),(503967,63,1441100935734,'2015-10-14 17:30:00',15,10),(503968,63,NULL,'2015-10-14 17:45:00',15,0),(503969,63,1438757336230,'2015-10-15 09:00:00',15,15),(503970,63,1438757336230,'2015-10-15 09:15:00',15,15),(503971,63,1441100935734,'2015-10-15 09:30:00',15,15),(503972,63,1441100935734,'2015-10-15 09:45:00',15,10),(503973,63,1441100935734,'2015-10-15 10:00:00',15,15),(503974,63,1441100935734,'2015-10-15 10:15:00',15,10),(503975,63,1438757336230,'2015-10-15 10:30:00',15,15),(503976,63,1438757336230,'2015-10-15 10:45:00',15,15),(503977,63,1441100935734,'2015-10-15 11:00:00',15,15),(503978,63,1441100935734,'2015-10-15 11:15:00',15,10),(503979,63,1438757336230,'2015-10-15 11:30:00',15,15),(503980,63,NULL,'2015-10-15 11:45:00',15,0),(503981,63,1438757336230,'2015-10-15 12:00:00',15,15),(503982,63,1438757336230,'2015-10-15 12:15:00',15,15),(503983,63,1438757336230,'2015-10-15 12:30:00',15,15),(503984,63,1441100935734,'2015-10-15 12:45:00',15,15),(503985,63,1441100935734,'2015-10-15 13:00:00',15,10),(503986,63,NULL,'2015-10-15 13:15:00',15,0),(503987,63,1438757336230,'2015-10-15 13:30:00',15,15),(503988,63,1438757336230,'2015-10-15 13:45:00',15,15),(503989,63,1438757345406,'2015-10-15 14:00:00',15,15),(503990,63,1438757345406,'2015-10-15 14:15:00',15,10),(503991,63,NULL,'2015-10-15 14:30:00',15,0),(503992,63,NULL,'2015-10-15 14:45:00',15,0),(503993,63,NULL,'2015-10-15 15:00:00',15,0),(503994,63,NULL,'2015-10-15 15:15:00',15,0),(503995,63,NULL,'2015-10-15 15:30:00',15,0),(503996,63,NULL,'2015-10-15 15:45:00',15,0),(503997,63,1438757336230,'2015-10-15 16:00:00',15,15),(503998,63,1438757336230,'2015-10-15 16:15:00',15,15),(503999,63,NULL,'2015-10-15 16:30:00',15,0),(504000,63,NULL,'2015-10-15 16:45:00',15,0),(504001,63,1441100935734,'2015-10-15 17:00:00',15,15),(504002,63,1441100935734,'2015-10-15 17:15:00',15,10),(504003,63,NULL,'2015-10-15 17:30:00',15,0),(504004,63,NULL,'2015-10-15 17:45:00',15,0),(504005,63,1441100935734,'2015-10-15 18:00:00',15,15),(504006,63,1441100935734,'2015-10-15 18:15:00',15,15),(504007,63,1441100935734,'2015-10-15 18:30:00',15,10),(504008,63,NULL,'2015-10-15 18:45:00',15,0),(504009,63,NULL,'2015-10-15 19:00:00',15,0),(504010,63,NULL,'2015-10-15 19:15:00',15,0),(504011,63,NULL,'2015-10-15 19:30:00',15,0),(504012,63,NULL,'2015-10-15 19:45:00',15,0),(504013,63,1441100935734,'2015-10-16 09:00:00',15,15),(504014,63,1441100935734,'2015-10-16 09:15:00',15,10),(504015,63,1438757345406,'2015-10-16 09:30:00',15,15),(504016,63,1438757345406,'2015-10-16 09:45:00',15,10),(504017,63,1438757345406,'2015-10-16 10:00:00',15,15),(504018,63,1438757345406,'2015-10-16 10:15:00',15,10),(504019,63,1438757345406,'2015-10-16 10:30:00',15,15),(504020,63,1438757345406,'2015-10-16 10:45:00',15,15),(504021,63,1438757345406,'2015-10-16 11:00:00',15,10),(504022,63,1438757336230,'2015-10-16 11:15:00',15,15),(504023,63,1438757336230,'2015-10-16 11:30:00',15,15),(504024,63,1438757336230,'2015-10-16 11:45:00',15,15),(504025,63,1441100935734,'2015-10-16 12:00:00',15,15),(504026,63,1441100935734,'2015-10-16 12:15:00',15,10),(504027,63,NULL,'2015-10-16 12:30:00',15,0),(504028,63,NULL,'2015-10-16 12:45:00',15,0),(504029,63,NULL,'2015-10-16 13:00:00',15,0),(504030,63,NULL,'2015-10-16 13:15:00',15,0),(504031,63,NULL,'2015-10-16 13:30:00',15,0),(504032,63,NULL,'2015-10-16 13:45:00',15,0),(504033,63,1441100935734,'2015-10-16 14:00:00',15,15),(504034,63,1441100935734,'2015-10-16 14:15:00',15,15),(504035,63,1441100935734,'2015-10-16 14:30:00',15,10),(504036,63,NULL,'2015-10-16 14:45:00',15,0),(504037,63,1438757336230,'2015-10-16 15:00:00',15,15),(504038,63,1438757336230,'2015-10-16 15:15:00',15,15),(504039,63,1438757336230,'2015-10-16 15:30:00',15,15),(504040,63,1438757336230,'2015-10-16 15:45:00',15,15),(504041,63,1441100935734,'2015-10-17 09:00:00',15,15),(504042,63,1441100935734,'2015-10-17 09:15:00',15,10),(504043,63,1438757336230,'2015-10-17 09:30:00',15,15),(504044,63,1438757345406,'2015-10-17 09:45:00',15,15),(504045,63,1438757345406,'2015-10-17 10:00:00',15,10),(504046,63,1438757336230,'2015-10-17 10:15:00',15,15),(504047,63,1438757336230,'2015-10-17 10:30:00',15,15),(504048,63,1438757345406,'2015-10-17 10:45:00',15,15),(504049,63,1438757345406,'2015-10-17 11:00:00',15,15),(504050,63,1438757345406,'2015-10-17 11:15:00',15,10),(504051,63,NULL,'2015-10-17 11:30:00',15,0),(504052,63,NULL,'2015-10-17 11:45:00',15,0),(504053,63,NULL,'2015-10-17 12:00:00',15,0),(504054,63,NULL,'2015-10-17 12:15:00',15,0),(504055,63,1441100935734,'2015-10-17 12:30:00',15,15),(504056,63,1441100935734,'2015-10-17 12:45:00',15,10),(504057,63,1438757336230,'2015-10-20 08:00:00',15,15),(504058,63,NULL,'2015-10-20 08:15:00',15,0),(504059,63,1441100935734,'2015-10-20 08:30:00',15,15),(504060,63,1441100935734,'2015-10-20 08:45:00',15,10),(504061,63,1438757336230,'2015-10-20 09:00:00',15,15),(504062,63,1438757336230,'2015-10-20 09:15:00',15,15),(504063,63,1438757336230,'2015-10-20 09:30:00',15,15),(504064,63,1438757336230,'2015-10-20 09:45:00',15,15),(504065,63,1438757336230,'2015-10-20 10:00:00',15,15),(504066,63,1441100935734,'2015-10-20 10:15:00',15,15),(504067,63,1441100935734,'2015-10-20 10:30:00',15,15),(504068,63,1441100935734,'2015-10-20 10:45:00',15,10),(504069,63,1438757336230,'2015-10-20 11:00:00',15,15),(504070,63,1438757336230,'2015-10-20 11:15:00',15,15),(504071,63,1438757336230,'2015-10-20 11:30:00',15,15),(504072,63,NULL,'2015-10-20 11:45:00',15,0),(504073,63,1438757336230,'2015-10-20 12:00:00',15,15),(504074,63,1441100935734,'2015-10-20 12:15:00',15,15),(504075,63,1441100935734,'2015-10-20 12:30:00',15,10),(504076,63,NULL,'2015-10-20 12:45:00',15,0),(504077,63,1438757336230,'2015-10-20 13:00:00',15,15),(504078,63,1438757336230,'2015-10-20 13:15:00',15,15),(504079,63,NULL,'2015-10-20 13:30:00',15,0),(504080,63,NULL,'2015-10-20 13:45:00',15,0),(504081,63,1441100935734,'2015-10-20 14:00:00',15,15),(504082,63,1441100935734,'2015-10-20 14:15:00',15,10),(504083,63,1441100935734,'2015-10-20 14:30:00',15,15),(504084,63,1441100935734,'2015-10-20 14:45:00',15,10),(504085,63,1438757336230,'2015-10-20 15:00:00',15,15),(504086,63,NULL,'2015-10-20 15:15:00',15,0),(504087,63,NULL,'2015-10-20 15:30:00',15,0),(504088,63,NULL,'2015-10-20 15:45:00',15,0),(504089,63,NULL,'2015-10-20 16:00:00',15,0),(504090,63,NULL,'2015-10-20 16:15:00',15,0),(504091,63,NULL,'2015-10-20 16:30:00',15,0),(504092,63,NULL,'2015-10-20 16:45:00',15,0),(504093,63,NULL,'2015-10-20 17:00:00',15,0),(504094,63,NULL,'2015-10-20 17:15:00',15,0),(504095,63,NULL,'2015-10-20 17:30:00',15,0),(504096,63,1441100935734,'2015-10-20 17:45:00',15,15),(504097,63,1441100935734,'2015-10-20 18:00:00',15,10),(504098,63,1441100935734,'2015-10-20 18:15:00',15,15),(504099,63,1441100935734,'2015-10-20 18:30:00',15,10),(504100,63,NULL,'2015-10-20 18:45:00',15,0),(504101,63,NULL,'2015-10-20 19:00:00',15,0),(504102,63,NULL,'2015-10-20 19:15:00',15,0),(504103,63,NULL,'2015-10-20 19:30:00',15,0),(504104,63,NULL,'2015-10-20 19:45:00',15,0),(504105,63,1441100935734,'2015-10-21 09:00:00',15,15),(504106,63,1441100935734,'2015-10-21 09:15:00',15,10),(504107,63,1441100935734,'2015-10-21 09:30:00',15,15),(504108,63,1441100935734,'2015-10-21 09:45:00',15,10),(504109,63,1441100935734,'2015-10-21 10:00:00',15,15),(504110,63,1441100935734,'2015-10-21 10:15:00',15,15),(504111,63,1441100935734,'2015-10-21 10:30:00',15,10),(504112,63,1441100935734,'2015-10-21 10:45:00',15,15),(504113,63,1441100935734,'2015-10-21 11:00:00',15,10),(504114,63,1441100935734,'2015-10-21 11:15:00',15,15),(504115,63,1441100935734,'2015-10-21 11:30:00',15,10),(504116,63,1438757336230,'2015-10-21 11:45:00',15,15),(504117,63,NULL,'2015-10-21 12:00:00',15,0),(504118,63,NULL,'2015-10-21 12:15:00',15,0),(504119,63,NULL,'2015-10-21 12:30:00',15,0),(504120,63,NULL,'2015-10-21 12:45:00',15,0),(504121,63,NULL,'2015-10-21 13:00:00',15,0),(504122,63,NULL,'2015-10-21 13:15:00',15,0),(504123,63,NULL,'2015-10-21 13:30:00',15,0),(504124,63,NULL,'2015-10-21 13:45:00',15,0),(504125,63,NULL,'2015-10-21 14:00:00',15,0),(504126,63,NULL,'2015-10-21 14:15:00',15,0),(504127,63,NULL,'2015-10-21 14:30:00',15,0),(504128,63,NULL,'2015-10-21 14:45:00',15,0),(504129,63,1438757336230,'2015-10-21 15:00:00',15,15),(504130,63,NULL,'2015-10-21 15:15:00',15,0),(504131,63,NULL,'2015-10-21 15:30:00',15,0),(504132,63,NULL,'2015-10-21 15:45:00',15,0),(504133,63,NULL,'2015-10-21 16:00:00',15,0),(504134,63,NULL,'2015-10-21 16:15:00',15,0),(504135,63,NULL,'2015-10-21 16:30:00',15,0),(504136,63,NULL,'2015-10-21 16:45:00',15,0),(504137,63,1438757336230,'2015-10-21 17:00:00',15,15),(504138,63,NULL,'2015-10-21 17:15:00',15,0),(504139,63,NULL,'2015-10-21 17:30:00',15,0),(504140,63,NULL,'2015-10-21 17:45:00',15,0),(504141,63,1441100935734,'2015-10-22 09:00:00',15,15),(504142,63,1441100935734,'2015-10-22 09:15:00',15,10),(504143,63,1441100935734,'2015-10-22 09:30:00',15,15),(504144,63,1441100935734,'2015-10-22 09:45:00',15,10),(504145,63,1441100935734,'2015-10-22 10:00:00',15,15),(504146,63,1441100935734,'2015-10-22 10:15:00',15,10),(504147,63,NULL,'2015-10-22 10:30:00',15,0),(504148,63,NULL,'2015-10-22 10:45:00',15,0),(504149,63,NULL,'2015-10-22 11:00:00',15,0),(504150,63,NULL,'2015-10-22 11:15:00',15,0),(504151,63,NULL,'2015-10-22 11:30:00',15,0),(504152,63,1441100935734,'2015-10-22 11:45:00',15,15),(504153,63,1441100935734,'2015-10-22 12:00:00',15,15),(504154,63,1441100935734,'2015-10-22 12:15:00',15,10),(504155,63,1441100935734,'2015-10-22 12:30:00',15,15),(504156,63,1441100935734,'2015-10-22 12:45:00',15,10),(504157,63,NULL,'2015-10-22 13:00:00',15,0),(504158,63,NULL,'2015-10-22 13:15:00',15,0),(504159,63,NULL,'2015-10-22 13:30:00',15,0),(504160,63,NULL,'2015-10-22 13:45:00',15,0),(504161,63,NULL,'2015-10-22 14:00:00',15,0),(504162,63,NULL,'2015-10-22 14:15:00',15,0),(504163,63,NULL,'2015-10-22 14:30:00',15,0),(504164,63,NULL,'2015-10-22 14:45:00',15,0),(504165,63,NULL,'2015-10-22 15:00:00',15,0),(504166,63,NULL,'2015-10-22 15:15:00',15,0),(504167,63,NULL,'2015-10-22 15:30:00',15,0),(504168,63,NULL,'2015-10-22 15:45:00',15,0),(504169,63,NULL,'2015-10-22 16:00:00',15,0),(504170,63,NULL,'2015-10-22 16:15:00',15,0),(504171,63,NULL,'2015-10-22 16:30:00',15,0),(504172,63,NULL,'2015-10-22 16:45:00',15,0),(504173,63,NULL,'2015-10-22 17:00:00',15,0),(504174,63,NULL,'2015-10-22 17:15:00',15,0),(504175,63,NULL,'2015-10-22 17:30:00',15,0),(504176,63,NULL,'2015-10-22 17:45:00',15,0),(504177,63,NULL,'2015-10-22 18:00:00',15,0),(504178,63,NULL,'2015-10-22 18:15:00',15,0),(504179,63,NULL,'2015-10-22 18:30:00',15,0),(504180,63,NULL,'2015-10-22 18:45:00',15,0),(504181,63,NULL,'2015-10-22 19:00:00',15,0),(504182,63,NULL,'2015-10-22 19:15:00',15,0),(504183,63,NULL,'2015-10-22 19:30:00',15,0),(504184,63,NULL,'2015-10-22 19:45:00',15,0),(504185,63,1438757336230,'2015-10-23 09:00:00',15,15),(504186,63,1438757336230,'2015-10-23 09:15:00',15,15),(504187,63,1438757336230,'2015-10-23 09:30:00',15,15),(504188,63,NULL,'2015-10-23 09:45:00',15,0),(504189,63,NULL,'2015-10-23 10:00:00',15,0),(504190,63,NULL,'2015-10-23 10:15:00',15,0),(504191,63,NULL,'2015-10-23 10:30:00',15,0),(504192,63,NULL,'2015-10-23 10:45:00',15,0),(504193,63,NULL,'2015-10-23 11:00:00',15,0),(504194,63,NULL,'2015-10-23 11:15:00',15,0),(504195,63,NULL,'2015-10-23 11:30:00',15,0),(504196,63,NULL,'2015-10-23 11:45:00',15,0),(504197,63,NULL,'2015-10-23 12:00:00',15,0),(504198,63,NULL,'2015-10-23 12:15:00',15,0),(504199,63,NULL,'2015-10-23 12:30:00',15,0),(504200,63,NULL,'2015-10-23 12:45:00',15,0),(504201,63,NULL,'2015-10-23 13:00:00',15,0),(504202,63,NULL,'2015-10-23 13:15:00',15,0),(504203,63,NULL,'2015-10-23 13:30:00',15,0),(504204,63,NULL,'2015-10-23 13:45:00',15,0),(504205,63,1441100935734,'2015-10-23 14:00:00',15,15),(504206,63,1441100935734,'2015-10-23 14:15:00',15,10),(504207,63,1441100935734,'2015-10-23 14:30:00',15,15),(504208,63,1441100935734,'2015-10-23 14:45:00',15,10),(504209,63,1438757336230,'2015-10-23 15:00:00',15,15),(504210,63,NULL,'2015-10-23 15:15:00',15,0),(504211,63,1441100935734,'2015-10-23 15:30:00',15,15),(504212,63,1441100935734,'2015-10-23 15:45:00',15,10),(504213,63,NULL,'2015-10-24 09:00:00',15,0),(504214,63,NULL,'2015-10-24 09:15:00',15,0),(504215,63,NULL,'2015-10-24 09:30:00',15,0),(504216,63,NULL,'2015-10-24 09:45:00',15,0),(504217,63,NULL,'2015-10-24 10:00:00',15,0),(504218,63,NULL,'2015-10-24 10:15:00',15,0),(504219,63,NULL,'2015-10-24 10:30:00',15,0),(504220,63,NULL,'2015-10-24 10:45:00',15,0),(504221,63,NULL,'2015-10-24 11:00:00',15,0),(504222,63,NULL,'2015-10-24 11:15:00',15,0),(504223,63,NULL,'2015-10-24 11:30:00',15,0),(504224,63,NULL,'2015-10-24 11:45:00',15,0),(504225,63,NULL,'2015-10-24 12:00:00',15,0),(504226,63,NULL,'2015-10-24 12:15:00',15,0),(504227,63,1441100935734,'2015-10-24 12:30:00',15,15),(504228,63,1441100935734,'2015-10-24 12:45:00',15,10),(504229,65,1438757336230,'2015-10-13 08:00:00',15,15),(504230,65,1438757345406,'2015-10-13 08:15:00',15,15),(504231,65,1438757345406,'2015-10-13 08:30:00',15,10),(504232,65,NULL,'2015-10-13 08:45:00',15,0),(504233,65,1441100935734,'2015-10-13 09:00:00',15,15),(504234,65,1441100935734,'2015-10-13 09:15:00',15,10),(504235,65,1438757336230,'2015-10-13 09:30:00',15,15),(504236,65,1438757336230,'2015-10-13 09:45:00',15,15),(504237,65,1438757336230,'2015-10-13 10:00:00',15,15),(504238,65,1438757336230,'2015-10-13 10:15:00',15,15),(504239,65,1441100935734,'2015-10-13 10:30:00',15,15),(504240,65,1441100935734,'2015-10-13 10:45:00',15,10),(504241,65,1441100935734,'2015-10-13 11:00:00',15,15),(504242,65,1441100935734,'2015-10-13 11:15:00',15,10),(504243,65,1438757336230,'2015-10-13 11:30:00',15,15),(504244,65,1438757336230,'2015-10-13 11:45:00',15,15),(504245,65,1438757336230,'2015-10-13 12:00:00',15,15),(504246,65,NULL,'2015-10-13 12:15:00',15,0),(504247,65,1441100935734,'2015-10-13 12:30:00',15,15),(504248,65,1441100935734,'2015-10-13 12:45:00',15,15),(504249,65,1441100935734,'2015-10-13 13:00:00',15,10),(504250,65,1438757345406,'2015-10-13 13:15:00',15,15),(504251,65,1438757345406,'2015-10-13 13:30:00',15,15),(504252,65,1438757345406,'2015-10-13 13:45:00',15,10),(504253,65,1438757345406,'2015-10-13 14:00:00',15,15),(504254,65,1438757345406,'2015-10-13 14:15:00',15,10),(504255,65,1438757345406,'2015-10-13 14:30:00',15,15),(504256,65,1438757345406,'2015-10-13 14:45:00',15,10),(504257,65,1438757336230,'2015-10-13 15:00:00',15,15),(504258,65,1438757345406,'2015-10-13 15:15:00',15,15),(504259,65,1438757345406,'2015-10-13 15:30:00',15,15),(504260,65,1438757345406,'2015-10-13 15:45:00',15,10),(504261,65,1438757345406,'2015-10-13 16:00:00',15,15),(504262,65,1438757345406,'2015-10-13 16:15:00',15,10),(504263,65,NULL,'2015-10-13 16:30:00',15,0),(504264,65,1438757345406,'2015-10-13 16:45:00',15,15),(504265,65,1438757345406,'2015-10-13 17:00:00',15,10),(504266,65,1438757336230,'2015-10-13 17:15:00',15,15),(504267,65,1441100935734,'2015-10-13 17:30:00',15,15),(504268,65,1441100935734,'2015-10-13 17:45:00',15,10),(504269,65,1438757345406,'2015-10-14 09:00:00',15,15),(504270,65,1438757345406,'2015-10-14 09:15:00',15,25),(504271,65,1438757336230,'2015-10-14 09:30:00',15,15),(504272,65,NULL,'2015-10-14 09:45:00',15,0),(504273,65,1438757345406,'2015-10-14 10:00:00',15,15),(504274,65,1438757345406,'2015-10-14 10:15:00',15,10),(504275,65,1438757336230,'2015-10-14 10:30:00',15,15),(504276,65,1438757336230,'2015-10-14 10:45:00',15,15),(504277,65,1438757336230,'2015-10-14 11:00:00',15,15),(504278,65,1438757336230,'2015-10-14 11:15:00',15,15),(504279,65,1438757336230,'2015-10-14 11:30:00',15,15),(504280,65,1438757336230,'2015-10-14 11:45:00',15,15),(504281,65,1441100935734,'2015-10-14 12:00:00',15,15),(504282,65,1441100935734,'2015-10-14 12:15:00',15,15),(504283,65,1441100935734,'2015-10-14 12:30:00',15,10),(504284,65,NULL,'2015-10-14 12:45:00',15,0),(504285,65,1441100935734,'2015-10-14 13:00:00',15,15),(504286,65,1441100935734,'2015-10-14 13:15:00',15,10),(504287,65,NULL,'2015-10-14 13:30:00',15,0),(504288,65,1438757336230,'2015-10-14 13:45:00',15,15),(504289,65,1441100935734,'2015-10-14 14:00:00',15,15),(504290,65,1441100935734,'2015-10-14 14:15:00',15,10),(504291,65,1438757345406,'2015-10-14 14:30:00',15,15),(504292,65,1438757345406,'2015-10-14 14:45:00',15,10),(504293,65,1441100935734,'2015-10-14 15:00:00',15,15),(504294,65,1441100935734,'2015-10-14 15:15:00',15,15),(504295,65,1441100935734,'2015-10-14 15:30:00',15,10),(504296,65,1438757345406,'2015-10-14 15:45:00',15,15),(504297,65,1438757345406,'2015-10-14 16:00:00',15,10),(504298,65,1438757345406,'2015-10-14 16:15:00',15,15),(504299,65,1438757345406,'2015-10-14 16:30:00',15,10),(504300,65,1438757345406,'2015-10-14 16:45:00',15,15),(504301,65,1438757345406,'2015-10-14 17:00:00',15,10),(504302,65,1438757345406,'2015-10-14 17:15:00',15,15),(504303,65,1438757345406,'2015-10-14 17:30:00',15,10),(504304,65,NULL,'2015-10-14 17:45:00',15,0),(504305,65,1441100935734,'2015-10-15 09:00:00',15,15),(504306,65,1441100935734,'2015-10-15 09:15:00',15,10),(504307,65,1438757336230,'2015-10-15 09:30:00',15,15),(504308,65,1438757336230,'2015-10-15 09:45:00',15,15),(504309,65,1438757336230,'2015-10-15 10:00:00',15,15),(504310,65,1438757336230,'2015-10-15 10:15:00',15,15),(504311,65,1438757336230,'2015-10-15 10:30:00',15,15),(504312,65,1438757336230,'2015-10-15 10:45:00',15,15),(504313,65,1438757336230,'2015-10-15 11:00:00',15,15),(504314,65,1438757336230,'2015-10-15 11:15:00',15,15),(504315,65,1441100935734,'2015-10-15 11:30:00',15,15),(504316,65,1441100935734,'2015-10-15 11:45:00',15,10),(504317,65,1438757336230,'2015-10-15 12:00:00',15,15),(504318,65,1441100935734,'2015-10-15 12:15:00',15,15),(504319,65,1441100935734,'2015-10-15 12:30:00',15,10),(504320,65,1441100935734,'2015-10-15 12:45:00',15,15),(504321,65,1441100935734,'2015-10-15 13:00:00',15,10),(504322,65,1438757345406,'2015-10-15 13:15:00',15,15),(504323,65,1438757345406,'2015-10-15 13:30:00',15,10),(504324,65,NULL,'2015-10-15 13:45:00',15,0),(504325,65,1438757345406,'2015-10-15 14:00:00',15,15),(504326,65,1438757345406,'2015-10-15 14:15:00',15,10),(504327,65,1438757345406,'2015-10-15 14:30:00',15,15),(504328,65,1438757345406,'2015-10-15 14:45:00',15,10),(504329,65,1438757345406,'2015-10-15 15:00:00',15,15),(504330,65,1438757345406,'2015-10-15 15:15:00',15,10),(504331,65,1438757345406,'2015-10-15 15:30:00',15,15),(504332,65,1438757345406,'2015-10-15 15:45:00',15,10),(504333,65,1441100935734,'2015-10-15 16:00:00',15,15),(504334,65,1441100935734,'2015-10-15 16:15:00',15,15),(504335,65,1441100935734,'2015-10-15 16:30:00',15,10),(504336,65,1438757345406,'2015-10-15 16:45:00',15,15),(504337,65,1438757345406,'2015-10-15 17:00:00',15,10),(504338,65,1438757345406,'2015-10-15 17:15:00',15,15),(504339,65,1438757345406,'2015-10-15 17:30:00',15,10),(504340,65,NULL,'2015-10-15 17:45:00',15,0),(504341,65,1438757336230,'2015-10-16 09:00:00',15,15),(504342,65,NULL,'2015-10-16 09:15:00',15,0),(504343,65,1438757336230,'2015-10-16 09:30:00',15,15),(504344,65,1441100935734,'2015-10-16 09:45:00',15,15),(504345,65,1441100935734,'2015-10-16 10:00:00',15,10),(504346,65,1438757336230,'2015-10-16 10:15:00',15,15),(504347,65,1438757336230,'2015-10-16 10:30:00',15,15),(504348,65,1438757336230,'2015-10-16 10:45:00',15,15),(504349,65,1438757345406,'2015-10-16 11:00:00',15,15),(504350,65,1438757345406,'2015-10-16 11:15:00',15,10),(504351,65,1438757336230,'2015-10-16 11:30:00',15,15),(504352,65,1438757345406,'2015-10-16 11:45:00',15,15),(504353,65,1438757345406,'2015-10-16 12:00:00',15,10),(504354,65,1438757345406,'2015-10-16 12:15:00',15,15),(504355,65,1438757345406,'2015-10-16 12:30:00',15,10),(504356,65,NULL,'2015-10-16 12:45:00',15,0),(504357,65,1441100935734,'2015-10-16 13:00:00',15,15),(504358,65,1441100935734,'2015-10-16 13:15:00',15,15),(504359,65,1441100935734,'2015-10-16 13:30:00',15,10),(504360,65,NULL,'2015-10-16 13:45:00',15,0),(504361,65,1441100935734,'2015-10-16 14:00:00',15,15),(504362,65,1441100935734,'2015-10-16 14:15:00',15,10),(504363,65,1438757345406,'2015-10-16 14:30:00',15,15),(504364,65,1438757345406,'2015-10-16 14:45:00',15,10),(504365,65,1438757336230,'2015-10-17 09:00:00',15,15),(504366,65,1438757345406,'2015-10-17 09:15:00',15,15),(504367,65,1438757345406,'2015-10-17 09:30:00',15,10),(504368,65,NULL,'2015-10-17 09:45:00',15,0),(504369,65,1438757336230,'2015-10-17 10:00:00',15,15),(504370,65,1438757345406,'2015-10-17 10:15:00',15,15),(504371,65,1438757345406,'2015-10-17 10:30:00',15,10),(504372,65,1438757336230,'2015-10-17 10:45:00',15,15),(504373,65,NULL,'2015-10-17 11:00:00',15,0),(504374,65,NULL,'2015-10-17 11:15:00',15,0),(504375,65,NULL,'2015-10-17 11:30:00',15,0),(504376,65,1441100935734,'2015-10-17 11:45:00',15,15),(504377,65,1441100935734,'2015-10-17 12:00:00',15,15),(504378,65,1441100935734,'2015-10-17 12:15:00',15,10),(504379,65,NULL,'2015-10-17 12:30:00',15,0),(504380,65,NULL,'2015-10-17 12:45:00',15,0),(504381,65,1441100935734,'2015-10-20 08:00:00',15,15),(504382,65,1441100935734,'2015-10-20 08:15:00',15,25),(504383,65,1438757345406,'2015-10-20 08:30:00',15,10),(504384,65,1438757345406,'2015-10-20 08:45:00',15,15),(504385,65,1438757345406,'2015-10-20 09:00:00',15,10),(504386,65,1438757336230,'2015-10-20 09:15:00',15,15),(504387,65,1438757336230,'2015-10-20 09:30:00',15,15),(504388,65,1438757336230,'2015-10-20 09:45:00',15,15),(504389,65,1438757336230,'2015-10-20 10:00:00',15,15),(504390,65,1438757336230,'2015-10-20 10:15:00',15,15),(504391,65,1438757336230,'2015-10-20 10:30:00',15,15),(504392,65,NULL,'2015-10-20 10:45:00',15,0),(504393,65,1438757336230,'2015-10-20 11:00:00',15,15),(504394,65,1438757336230,'2015-10-20 11:15:00',15,15),(504395,65,1438757336230,'2015-10-20 11:30:00',15,15),(504396,65,1438757336230,'2015-10-20 11:45:00',15,15),(504397,65,1441100935734,'2015-10-20 12:00:00',15,15),(504398,65,1441100935734,'2015-10-20 12:15:00',15,10),(504399,65,1438757345406,'2015-10-20 12:30:00',15,15),(504400,65,1438757345406,'2015-10-20 12:45:00',15,10),(504401,65,1441100935734,'2015-10-20 13:00:00',15,15),(504402,65,1441100935734,'2015-10-20 13:15:00',15,15),(504403,65,1441100935734,'2015-10-20 13:30:00',15,10),(504404,65,NULL,'2015-10-20 13:45:00',15,0),(504405,65,1441100935734,'2015-10-20 14:00:00',15,15),(504406,65,1441100935734,'2015-10-20 14:15:00',15,10),(504407,65,1438757345406,'2015-10-20 14:30:00',15,15),(504408,65,1438757345406,'2015-10-20 14:45:00',15,15),(504409,65,1438757345406,'2015-10-20 15:00:00',15,10),(504410,65,1438757345406,'2015-10-20 15:15:00',15,15),(504411,65,1438757345406,'2015-10-20 15:30:00',15,10),(504412,65,1438757345406,'2015-10-20 15:45:00',15,15),(504413,65,1438757345406,'2015-10-20 16:00:00',15,10),(504414,65,1438757345406,'2015-10-20 16:15:00',15,15),(504415,65,1438757345406,'2015-10-20 16:30:00',15,10),(504416,65,1438757345406,'2015-10-20 16:45:00',15,15),(504417,65,1438757345406,'2015-10-20 17:00:00',15,10),(504418,65,1441100935734,'2015-10-20 17:15:00',15,15),(504419,65,1441100935734,'2015-10-20 17:30:00',15,10),(504420,65,NULL,'2015-10-20 17:45:00',15,0),(504421,65,1438757336230,'2015-10-21 09:00:00',15,15),(504422,65,1441100935734,'2015-10-21 09:15:00',15,15),(504423,65,1441100935734,'2015-10-21 09:30:00',15,10),(504424,65,1441100935734,'2015-10-21 09:45:00',15,15),(504425,65,1441100935734,'2015-10-21 10:00:00',15,10),(504426,65,1441100935734,'2015-10-21 10:15:00',15,15),(504427,65,1441100935734,'2015-10-21 10:30:00',15,10),(504428,65,1441100935734,'2015-10-21 10:45:00',15,15),(504429,65,1441100935734,'2015-10-21 11:00:00',15,10),(504430,65,1438757336230,'2015-10-21 11:15:00',15,15),(504431,65,1441100935734,'2015-10-21 11:30:00',15,15),(504432,65,1441100935734,'2015-10-21 11:45:00',15,10),(504433,65,1438757336230,'2015-10-21 12:00:00',15,15),(504434,65,1438757345406,'2015-10-21 12:15:00',15,15),(504435,65,1438757345406,'2015-10-21 12:30:00',15,10),(504436,65,NULL,'2015-10-21 12:45:00',15,0),(504437,65,1438757345406,'2015-10-21 13:00:00',15,15),(504438,65,1438757345406,'2015-10-21 13:15:00',15,10),(504439,65,1438757336230,'2015-10-21 13:30:00',15,15),(504440,65,1438757336230,'2015-10-21 13:45:00',15,15),(504441,65,NULL,'2015-10-21 14:00:00',15,0),(504442,65,1438757336230,'2015-10-21 14:15:00',15,15),(504443,65,1438757336230,'2015-10-21 14:30:00',15,15),(504444,65,1438757345406,'2015-10-21 14:45:00',15,15),(504445,65,1438757345406,'2015-10-21 15:00:00',15,10),(504446,65,1438757345406,'2015-10-21 15:15:00',15,15),(504447,65,1438757345406,'2015-10-21 15:30:00',15,15),(504448,65,1438757345406,'2015-10-21 15:45:00',15,10),(504449,65,1438757345406,'2015-10-21 16:00:00',15,15),(504450,65,1438757345406,'2015-10-21 16:15:00',15,10),(504451,65,1438757345406,'2015-10-21 16:30:00',15,15),(504452,65,1438757345406,'2015-10-21 16:45:00',15,10),(504453,65,1438757345406,'2015-10-21 17:00:00',15,15),(504454,65,1438757345406,'2015-10-21 17:15:00',15,10),(504455,65,1438757336230,'2015-10-21 17:30:00',15,15),(504456,65,1438757336230,'2015-10-21 17:45:00',15,15),(504457,65,1438757336230,'2015-10-22 09:00:00',15,15),(504458,65,1438757336230,'2015-10-22 09:15:00',15,15),(504459,65,1441100935734,'2015-10-22 09:30:00',15,15),(504460,65,1441100935734,'2015-10-22 09:45:00',15,10),(504461,65,1438757336230,'2015-10-22 10:00:00',15,15),(504462,65,1438757336230,'2015-10-22 10:15:00',15,15),(504463,65,1438757336230,'2015-10-22 10:30:00',15,15),(504464,65,1438757336230,'2015-10-22 10:45:00',15,15),(504465,65,1438757336230,'2015-10-22 11:00:00',15,15),(504466,65,1438757345406,'2015-10-22 11:15:00',15,15),(504467,65,1438757345406,'2015-10-22 11:30:00',15,25),(504468,65,1441100935734,'2015-10-22 11:45:00',15,10),(504469,65,NULL,'2015-10-22 12:00:00',15,0),(504470,65,1438757336230,'2015-10-22 12:15:00',15,15),(504471,65,NULL,'2015-10-22 12:30:00',15,0),(504472,65,1441100935734,'2015-10-22 12:45:00',15,15),(504473,65,1441100935734,'2015-10-22 13:00:00',15,10),(504474,65,1438757345406,'2015-10-22 13:15:00',15,15),(504475,65,1438757345406,'2015-10-22 13:30:00',15,10),(504476,65,NULL,'2015-10-22 13:45:00',15,0),(504477,65,1438757336230,'2015-10-22 14:00:00',15,15),(504478,65,1441100935734,'2015-10-22 14:15:00',15,15),(504479,65,1441100935734,'2015-10-22 14:30:00',15,10),(504480,65,1438757345406,'2015-10-22 14:45:00',15,15),(504481,65,1438757345406,'2015-10-22 15:00:00',15,10),(504482,65,NULL,'2015-10-22 15:15:00',15,0),(504483,65,1441100935734,'2015-10-22 15:30:00',15,15),(504484,65,1441100935734,'2015-10-22 15:45:00',15,10),(504485,65,1438757345406,'2015-10-22 16:00:00',15,15),(504486,65,1438757345406,'2015-10-22 16:15:00',15,10),(504487,65,1438757345406,'2015-10-22 16:30:00',15,15),(504488,65,1438757345406,'2015-10-22 16:45:00',15,10),(504489,65,1438757345406,'2015-10-22 17:00:00',15,15),(504490,65,1438757345406,'2015-10-22 17:15:00',15,10),(504491,65,1438757345406,'2015-10-22 17:30:00',15,15),(504492,65,1438757345406,'2015-10-22 17:45:00',15,10),(504493,65,1438757336230,'2015-10-23 09:00:00',15,15),(504494,65,1438757336230,'2015-10-23 09:15:00',15,15),(504495,65,1441100935734,'2015-10-23 09:30:00',15,15),(504496,65,1441100935734,'2015-10-23 09:45:00',15,10),(504497,65,1438757345406,'2015-10-23 10:00:00',15,15),(504498,65,1438757345406,'2015-10-23 10:15:00',15,10),(504499,65,1441100935734,'2015-10-23 10:30:00',15,15),(504500,65,1441100935734,'2015-10-23 10:45:00',15,10),(504501,65,1441100935734,'2015-10-23 11:00:00',15,15),(504502,65,1441100935734,'2015-10-23 11:15:00',15,10),(504503,65,1438757345406,'2015-10-23 11:30:00',15,15),(504504,65,1438757345406,'2015-10-23 11:45:00',15,10),(504505,65,1438757336230,'2015-10-23 12:00:00',15,15),(504506,65,1438757336230,'2015-10-23 12:15:00',15,15),(504507,65,NULL,'2015-10-23 12:30:00',15,0),(504508,65,NULL,'2015-10-23 12:45:00',15,0),(504509,65,1438757345406,'2015-10-23 13:00:00',15,15),(504510,65,1438757345406,'2015-10-23 13:15:00',15,10),(504511,65,NULL,'2015-10-23 13:30:00',15,0),(504512,65,1438757345406,'2015-10-23 13:45:00',15,15),(504513,65,1438757345406,'2015-10-23 14:00:00',15,15),(504514,65,1438757345406,'2015-10-23 14:15:00',15,10),(504515,65,1438757336230,'2015-10-23 14:30:00',15,15),(504516,65,1438757336230,'2015-10-23 14:45:00',15,15),(504517,65,NULL,'2015-10-24 09:00:00',15,0),(504518,65,NULL,'2015-10-24 09:15:00',15,0),(504519,65,1438757336230,'2015-10-24 09:30:00',15,15),(504520,65,NULL,'2015-10-24 09:45:00',15,0),(504521,65,1438757345406,'2015-10-24 10:00:00',15,15),(504522,65,1438757345406,'2015-10-24 10:15:00',15,10),(504523,65,1438757345406,'2015-10-24 10:30:00',15,15),(504524,65,1438757345406,'2015-10-24 10:45:00',15,10),(504525,65,1438757336230,'2015-10-24 11:00:00',15,15),(504526,65,1438757336230,'2015-10-24 11:15:00',15,15),(504527,65,NULL,'2015-10-24 11:30:00',15,0),(504528,65,1441100935734,'2015-10-24 11:45:00',15,15),(504529,65,1441100935734,'2015-10-24 12:00:00',15,10),(504530,65,NULL,'2015-10-24 12:15:00',15,0),(504531,65,1441100935734,'2015-10-24 12:30:00',15,15),(504532,65,1441100935734,'2015-10-24 12:45:00',15,10),(504533,66,1438757336230,'2015-10-13 08:00:00',15,15),(504534,66,1438757336230,'2015-10-13 08:15:00',15,15),(504535,66,1438757345406,'2015-10-13 08:30:00',15,15),(504536,66,1438757345406,'2015-10-13 08:45:00',15,10),(504537,66,1438757345406,'2015-10-13 09:00:00',15,15),(504538,66,1438757345406,'2015-10-13 09:15:00',15,10),(504539,66,1438757336230,'2015-10-13 09:30:00',15,15),(504540,66,NULL,'2015-10-13 09:45:00',15,0),(504541,66,1438757336230,'2015-10-13 10:00:00',15,15),(504542,66,1438757345406,'2015-10-13 10:15:00',15,15),(504543,66,1438757345406,'2015-10-13 10:30:00',15,10),(504544,66,1438757345406,'2015-10-13 10:45:00',15,15),(504545,66,1438757345406,'2015-10-13 11:00:00',15,10),(504546,66,NULL,'2015-10-13 11:15:00',15,0),(504547,66,NULL,'2015-10-13 11:30:00',15,0),(504548,66,NULL,'2015-10-13 11:45:00',15,0),(504549,66,NULL,'2015-10-13 12:00:00',15,0),(504550,66,NULL,'2015-10-13 12:15:00',15,0),(504551,66,NULL,'2015-10-13 12:30:00',15,0),(504552,66,NULL,'2015-10-13 12:45:00',15,0),(504553,66,1438757345406,'2015-10-13 13:00:00',15,15),(504554,66,1438757345406,'2015-10-13 13:15:00',15,10),(504555,66,NULL,'2015-10-13 13:30:00',15,0),(504556,66,NULL,'2015-10-13 13:45:00',15,0),(504557,66,1438757336230,'2015-10-13 14:00:00',15,15),(504558,66,1438757336230,'2015-10-13 14:15:00',15,15),(504559,66,NULL,'2015-10-13 14:30:00',15,0),(504560,66,NULL,'2015-10-13 14:45:00',15,0),(504561,66,1438757345406,'2015-10-13 15:00:00',15,15),(504562,66,1438757345406,'2015-10-13 15:15:00',15,10),(504563,66,NULL,'2015-10-13 15:30:00',15,0),(504564,66,NULL,'2015-10-13 15:45:00',15,0),(504565,66,NULL,'2015-10-13 16:00:00',15,0),(504566,66,NULL,'2015-10-13 16:15:00',15,0),(504567,66,NULL,'2015-10-13 16:30:00',15,0),(504568,66,NULL,'2015-10-13 16:45:00',15,0),(504569,66,NULL,'2015-10-13 17:00:00',15,0),(504570,66,NULL,'2015-10-13 17:15:00',15,0),(504571,66,NULL,'2015-10-13 17:30:00',15,0),(504572,66,NULL,'2015-10-13 17:45:00',15,0),(504573,66,NULL,'2015-10-13 18:00:00',15,0),(504574,66,NULL,'2015-10-13 18:15:00',15,0),(504575,66,NULL,'2015-10-13 18:30:00',15,0),(504576,66,NULL,'2015-10-13 18:45:00',15,0),(504577,66,NULL,'2015-10-13 19:00:00',15,0),(504578,66,NULL,'2015-10-13 19:15:00',15,0),(504579,66,NULL,'2015-10-13 19:30:00',15,0),(504580,66,NULL,'2015-10-13 19:45:00',15,0),(504581,66,1438757336230,'2015-10-14 09:00:00',15,15),(504582,66,1441100935734,'2015-10-14 09:15:00',15,15),(504583,66,1441100935734,'2015-10-14 09:30:00',15,15),(504584,66,1441100935734,'2015-10-14 09:45:00',15,10),(504585,66,1438757336230,'2015-10-14 10:00:00',15,15),(504586,66,1438757336230,'2015-10-14 10:15:00',15,15),(504587,66,1438757345406,'2015-10-14 10:30:00',15,15),(504588,66,1438757345406,'2015-10-14 10:45:00',15,15),(504589,66,1438757345406,'2015-10-14 11:00:00',15,10),(504590,66,1438757345406,'2015-10-14 11:15:00',15,15),(504591,66,1438757345406,'2015-10-14 11:30:00',15,15),(504592,66,1438757345406,'2015-10-14 11:45:00',15,10),(504593,66,1438757336230,'2015-10-14 12:00:00',15,15),(504594,66,NULL,'2015-10-14 12:15:00',15,0),(504595,66,NULL,'2015-10-14 12:30:00',15,0),(504596,66,NULL,'2015-10-14 12:45:00',15,0),(504597,66,NULL,'2015-10-14 13:00:00',15,0),(504598,66,NULL,'2015-10-14 13:15:00',15,0),(504599,66,NULL,'2015-10-14 13:30:00',15,0),(504600,66,NULL,'2015-10-14 13:45:00',15,0),(504601,66,NULL,'2015-10-14 14:00:00',15,0),(504602,66,1438757336230,'2015-10-14 14:15:00',15,15),(504603,66,1438757336230,'2015-10-14 14:30:00',15,15),(504604,66,1438757336230,'2015-10-14 14:45:00',15,15),(504605,66,1438757336230,'2015-10-14 15:00:00',15,15),(504606,66,1438757336230,'2015-10-14 15:15:00',15,15),(504607,66,NULL,'2015-10-14 15:30:00',15,0),(504608,66,NULL,'2015-10-14 15:45:00',15,0),(504609,66,NULL,'2015-10-14 16:00:00',15,0),(504610,66,NULL,'2015-10-14 16:15:00',15,0),(504611,66,NULL,'2015-10-14 16:30:00',15,0),(504612,66,NULL,'2015-10-14 16:45:00',15,0),(504613,66,NULL,'2015-10-14 17:00:00',15,0),(504614,66,NULL,'2015-10-14 17:15:00',15,0),(504615,66,NULL,'2015-10-14 17:30:00',15,0),(504616,66,NULL,'2015-10-14 17:45:00',15,0),(504617,66,1438757336230,'2015-10-15 09:00:00',15,15),(504618,66,1438757345406,'2015-10-15 09:15:00',15,15),(504619,66,1438757345406,'2015-10-15 09:30:00',15,10),(504620,66,1438757336230,'2015-10-15 09:45:00',15,15),(504621,66,NULL,'2015-10-15 10:00:00',15,0),(504622,66,NULL,'2015-10-15 10:15:00',15,0),(504623,66,NULL,'2015-10-15 10:30:00',15,0),(504624,66,NULL,'2015-10-15 10:45:00',15,0),(504625,66,NULL,'2015-10-15 11:00:00',15,0),(504626,66,NULL,'2015-10-15 11:15:00',15,0),(504627,66,NULL,'2015-10-15 11:30:00',15,0),(504628,66,NULL,'2015-10-15 11:45:00',15,0),(504629,66,NULL,'2015-10-15 12:00:00',15,0),(504630,66,NULL,'2015-10-15 12:15:00',15,0),(504631,66,NULL,'2015-10-15 12:30:00',15,0),(504632,66,NULL,'2015-10-15 12:45:00',15,0),(504633,66,NULL,'2015-10-15 13:00:00',15,0),(504634,66,NULL,'2015-10-15 13:15:00',15,0),(504635,66,NULL,'2015-10-15 13:30:00',15,0),(504636,66,NULL,'2015-10-15 13:45:00',15,0),(504637,66,NULL,'2015-10-15 14:00:00',15,0),(504638,66,NULL,'2015-10-15 14:15:00',15,0),(504639,66,NULL,'2015-10-15 14:30:00',15,0),(504640,66,NULL,'2015-10-15 14:45:00',15,0),(504641,66,NULL,'2015-10-15 15:00:00',15,0),(504642,66,NULL,'2015-10-15 15:15:00',15,0),(504643,66,NULL,'2015-10-15 15:30:00',15,0),(504644,66,NULL,'2015-10-15 15:45:00',15,0),(504645,66,NULL,'2015-10-15 16:00:00',15,0),(504646,66,NULL,'2015-10-15 16:15:00',15,0),(504647,66,NULL,'2015-10-15 16:30:00',15,0),(504648,66,NULL,'2015-10-15 16:45:00',15,0),(504649,66,NULL,'2015-10-15 17:00:00',15,0),(504650,66,NULL,'2015-10-15 17:15:00',15,0),(504651,66,NULL,'2015-10-15 17:30:00',15,0),(504652,66,NULL,'2015-10-15 17:45:00',15,0),(504653,66,NULL,'2015-10-15 18:00:00',15,0),(504654,66,NULL,'2015-10-15 18:15:00',15,0),(504655,66,NULL,'2015-10-15 18:30:00',15,0),(504656,66,NULL,'2015-10-15 18:45:00',15,0),(504657,66,NULL,'2015-10-15 19:00:00',15,0),(504658,66,NULL,'2015-10-15 19:15:00',15,0),(504659,66,NULL,'2015-10-15 19:30:00',15,0),(504660,66,NULL,'2015-10-15 19:45:00',15,0),(504661,66,1438757336230,'2015-10-16 09:00:00',15,15),(504662,66,NULL,'2015-10-16 09:15:00',15,0),(504663,66,1438757336230,'2015-10-16 09:30:00',15,15),(504664,66,NULL,'2015-10-16 09:45:00',15,0),(504665,66,1441100935734,'2015-10-16 10:00:00',15,15),(504666,66,1441100935734,'2015-10-16 10:15:00',15,10),(504667,66,NULL,'2015-10-16 10:30:00',15,0),(504668,66,NULL,'2015-10-16 10:45:00',15,0),(504669,66,NULL,'2015-10-16 11:00:00',15,0),(504670,66,NULL,'2015-10-16 11:15:00',15,0),(504671,66,NULL,'2015-10-16 11:30:00',15,0),(504672,66,NULL,'2015-10-16 11:45:00',15,0),(504673,66,NULL,'2015-10-16 12:00:00',15,0),(504674,66,NULL,'2015-10-16 12:15:00',15,0),(504675,66,NULL,'2015-10-16 12:30:00',15,0),(504676,66,NULL,'2015-10-16 12:45:00',15,0),(504677,66,NULL,'2015-10-16 13:00:00',15,0),(504678,66,NULL,'2015-10-16 13:15:00',15,0),(504679,66,1438757336230,'2015-10-16 13:30:00',15,15),(504680,66,NULL,'2015-10-16 13:45:00',15,0),(504681,66,1441100935734,'2015-10-16 14:00:00',15,15),(504682,66,1441100935734,'2015-10-16 14:15:00',15,15),(504683,66,1441100935734,'2015-10-16 14:30:00',15,10),(504684,66,NULL,'2015-10-16 14:45:00',15,0),(504685,66,NULL,'2015-10-16 15:00:00',15,0),(504686,66,NULL,'2015-10-16 15:15:00',15,0),(504687,66,NULL,'2015-10-16 15:30:00',15,0),(504688,66,NULL,'2015-10-16 15:45:00',15,0),(504689,66,NULL,'2015-10-17 09:00:00',15,0),(504690,66,NULL,'2015-10-17 09:15:00',15,0),(504691,66,NULL,'2015-10-17 09:30:00',15,0),(504692,66,NULL,'2015-10-17 09:45:00',15,0),(504693,66,NULL,'2015-10-17 10:00:00',15,0),(504694,66,NULL,'2015-10-17 10:15:00',15,0),(504695,66,NULL,'2015-10-17 10:30:00',15,0),(504696,66,NULL,'2015-10-17 10:45:00',15,0),(504697,66,1438757336230,'2015-10-17 11:00:00',15,15),(504698,66,NULL,'2015-10-17 11:15:00',15,0),(504699,66,NULL,'2015-10-17 11:30:00',15,0),(504700,66,NULL,'2015-10-17 11:45:00',15,0),(504701,66,NULL,'2015-10-17 12:00:00',15,0),(504702,66,NULL,'2015-10-17 12:15:00',15,0),(504703,66,NULL,'2015-10-17 12:30:00',15,0),(504704,66,NULL,'2015-10-17 12:45:00',15,0),(504705,66,1438757345406,'2015-10-20 08:00:00',15,15),(504706,66,1438757345406,'2015-10-20 08:15:00',15,10),(504707,66,1438757345406,'2015-10-20 08:30:00',15,15),(504708,66,1438757345406,'2015-10-20 08:45:00',15,15),(504709,66,1438757345406,'2015-10-20 09:00:00',15,10),(504710,66,1438757336230,'2015-10-20 09:15:00',15,15),(504711,66,1438757345406,'2015-10-20 09:30:00',15,15),(504712,66,1438757345406,'2015-10-20 09:45:00',15,15),(504713,66,1438757345406,'2015-10-20 10:00:00',15,10),(504714,66,1438757345406,'2015-10-20 10:15:00',15,15),(504715,66,1438757345406,'2015-10-20 10:30:00',15,15),(504716,66,1438757345406,'2015-10-20 10:45:00',15,10),(504717,66,NULL,'2015-10-20 11:00:00',15,0),(504718,66,NULL,'2015-10-20 11:15:00',15,0),(504719,66,NULL,'2015-10-20 11:30:00',15,0),(504720,66,NULL,'2015-10-20 11:45:00',15,0),(504721,66,NULL,'2015-10-20 12:00:00',15,0),(504722,66,NULL,'2015-10-20 12:15:00',15,0),(504723,66,NULL,'2015-10-20 12:30:00',15,0),(504724,66,NULL,'2015-10-20 12:45:00',15,0),(504725,66,NULL,'2015-10-20 13:00:00',15,0),(504726,66,NULL,'2015-10-20 13:15:00',15,0),(504727,66,NULL,'2015-10-20 13:30:00',15,0),(504728,66,NULL,'2015-10-20 13:45:00',15,0),(504729,66,NULL,'2015-10-20 14:00:00',15,0),(504730,66,NULL,'2015-10-20 14:15:00',15,0),(504731,66,NULL,'2015-10-20 14:30:00',15,0),(504732,66,NULL,'2015-10-20 14:45:00',15,0),(504733,66,NULL,'2015-10-20 15:00:00',15,0),(504734,66,NULL,'2015-10-20 15:15:00',15,0),(504735,66,NULL,'2015-10-20 15:30:00',15,0),(504736,66,NULL,'2015-10-20 15:45:00',15,0),(504737,66,NULL,'2015-10-20 16:00:00',15,0),(504738,66,NULL,'2015-10-20 16:15:00',15,0),(504739,66,NULL,'2015-10-20 16:30:00',15,0),(504740,66,NULL,'2015-10-20 16:45:00',15,0),(504741,66,NULL,'2015-10-20 17:00:00',15,0),(504742,66,NULL,'2015-10-20 17:15:00',15,0),(504743,66,NULL,'2015-10-20 17:30:00',15,0),(504744,66,NULL,'2015-10-20 17:45:00',15,0),(504745,66,NULL,'2015-10-20 18:00:00',15,0),(504746,66,NULL,'2015-10-20 18:15:00',15,0),(504747,66,NULL,'2015-10-20 18:30:00',15,0),(504748,66,NULL,'2015-10-20 18:45:00',15,0),(504749,66,NULL,'2015-10-20 19:00:00',15,0),(504750,66,NULL,'2015-10-20 19:15:00',15,0),(504751,66,NULL,'2015-10-20 19:30:00',15,0),(504752,66,NULL,'2015-10-20 19:45:00',15,0),(504753,66,NULL,'2015-10-21 09:00:00',15,0),(504754,66,NULL,'2015-10-21 09:15:00',15,0),(504755,66,NULL,'2015-10-21 09:30:00',15,0),(504756,66,NULL,'2015-10-21 09:45:00',15,0),(504757,66,NULL,'2015-10-21 10:00:00',15,0),(504758,66,NULL,'2015-10-21 10:15:00',15,0),(504759,66,NULL,'2015-10-21 10:30:00',15,0),(504760,66,NULL,'2015-10-21 10:45:00',15,0),(504761,66,NULL,'2015-10-21 11:00:00',15,0),(504762,66,NULL,'2015-10-21 11:15:00',15,0),(504763,66,NULL,'2015-10-21 11:30:00',15,0),(504764,66,NULL,'2015-10-21 11:45:00',15,0),(504765,66,NULL,'2015-10-21 12:00:00',15,0),(504766,66,NULL,'2015-10-21 12:15:00',15,0),(504767,66,NULL,'2015-10-21 12:30:00',15,0),(504768,66,NULL,'2015-10-21 12:45:00',15,0),(504769,66,NULL,'2015-10-21 13:00:00',15,0),(504770,66,NULL,'2015-10-21 13:15:00',15,0),(504771,66,NULL,'2015-10-21 13:30:00',15,0),(504772,66,NULL,'2015-10-21 13:45:00',15,0),(504773,66,NULL,'2015-10-21 14:00:00',15,0),(504774,66,NULL,'2015-10-21 14:15:00',15,0),(504775,66,NULL,'2015-10-21 14:30:00',15,0),(504776,66,NULL,'2015-10-21 14:45:00',15,0),(504777,66,NULL,'2015-10-21 15:00:00',15,0),(504778,66,NULL,'2015-10-21 15:15:00',15,0),(504779,66,NULL,'2015-10-21 15:30:00',15,0),(504780,66,NULL,'2015-10-21 15:45:00',15,0),(504781,66,NULL,'2015-10-21 16:00:00',15,0),(504782,66,NULL,'2015-10-21 16:15:00',15,0),(504783,66,NULL,'2015-10-21 16:30:00',15,0),(504784,66,NULL,'2015-10-21 16:45:00',15,0),(504785,66,NULL,'2015-10-21 17:00:00',15,0),(504786,66,NULL,'2015-10-21 17:15:00',15,0),(504787,66,NULL,'2015-10-21 17:30:00',15,0),(504788,66,NULL,'2015-10-21 17:45:00',15,0),(504789,66,NULL,'2015-10-22 09:00:00',15,0),(504790,66,NULL,'2015-10-22 09:15:00',15,0),(504791,66,NULL,'2015-10-22 09:30:00',15,0),(504792,66,NULL,'2015-10-22 09:45:00',15,0),(504793,66,NULL,'2015-10-22 10:00:00',15,0),(504794,66,NULL,'2015-10-22 10:15:00',15,0),(504795,66,NULL,'2015-10-22 10:30:00',15,0),(504796,66,NULL,'2015-10-22 10:45:00',15,0),(504797,66,NULL,'2015-10-22 11:00:00',15,0),(504798,66,NULL,'2015-10-22 11:15:00',15,0),(504799,66,NULL,'2015-10-22 11:30:00',15,0),(504800,66,NULL,'2015-10-22 11:45:00',15,0),(504801,66,NULL,'2015-10-22 12:00:00',15,0),(504802,66,NULL,'2015-10-22 12:15:00',15,0),(504803,66,NULL,'2015-10-22 12:30:00',15,0),(504804,66,NULL,'2015-10-22 12:45:00',15,0),(504805,66,NULL,'2015-10-22 13:00:00',15,0),(504806,66,NULL,'2015-10-22 13:15:00',15,0),(504807,66,NULL,'2015-10-22 13:30:00',15,0),(504808,66,NULL,'2015-10-22 13:45:00',15,0),(504809,66,NULL,'2015-10-22 14:00:00',15,0),(504810,66,NULL,'2015-10-22 14:15:00',15,0),(504811,66,NULL,'2015-10-22 14:30:00',15,0),(504812,66,NULL,'2015-10-22 14:45:00',15,0),(504813,66,NULL,'2015-10-22 15:00:00',15,0),(504814,66,NULL,'2015-10-22 15:15:00',15,0),(504815,66,NULL,'2015-10-22 15:30:00',15,0),(504816,66,NULL,'2015-10-22 15:45:00',15,0),(504817,66,NULL,'2015-10-22 16:00:00',15,0),(504818,66,NULL,'2015-10-22 16:15:00',15,0),(504819,66,NULL,'2015-10-22 16:30:00',15,0),(504820,66,NULL,'2015-10-22 16:45:00',15,0),(504821,66,NULL,'2015-10-22 17:00:00',15,0),(504822,66,NULL,'2015-10-22 17:15:00',15,0),(504823,66,NULL,'2015-10-22 17:30:00',15,0),(504824,66,NULL,'2015-10-22 17:45:00',15,0),(504825,66,NULL,'2015-10-22 18:00:00',15,0),(504826,66,NULL,'2015-10-22 18:15:00',15,0),(504827,66,NULL,'2015-10-22 18:30:00',15,0),(504828,66,NULL,'2015-10-22 18:45:00',15,0),(504829,66,NULL,'2015-10-22 19:00:00',15,0),(504830,66,NULL,'2015-10-22 19:15:00',15,0),(504831,66,NULL,'2015-10-22 19:30:00',15,0),(504832,66,NULL,'2015-10-22 19:45:00',15,0),(504833,66,NULL,'2015-10-23 09:00:00',15,0),(504834,66,NULL,'2015-10-23 09:15:00',15,0),(504835,66,NULL,'2015-10-23 09:30:00',15,0),(504836,66,NULL,'2015-10-23 09:45:00',15,0),(504837,66,NULL,'2015-10-23 10:00:00',15,0),(504838,66,NULL,'2015-10-23 10:15:00',15,0),(504839,66,NULL,'2015-10-23 10:30:00',15,0),(504840,66,NULL,'2015-10-23 10:45:00',15,0),(504841,66,NULL,'2015-10-23 11:00:00',15,0),(504842,66,NULL,'2015-10-23 11:15:00',15,0),(504843,66,NULL,'2015-10-23 11:30:00',15,0),(504844,66,NULL,'2015-10-23 11:45:00',15,0),(504845,66,NULL,'2015-10-23 12:00:00',15,0),(504846,66,NULL,'2015-10-23 12:15:00',15,0),(504847,66,NULL,'2015-10-23 12:30:00',15,0),(504848,66,NULL,'2015-10-23 12:45:00',15,0),(504849,66,NULL,'2015-10-23 13:00:00',15,0),(504850,66,NULL,'2015-10-23 13:15:00',15,0),(504851,66,NULL,'2015-10-23 13:30:00',15,0),(504852,66,NULL,'2015-10-23 13:45:00',15,0),(504853,66,NULL,'2015-10-23 14:00:00',15,0),(504854,66,NULL,'2015-10-23 14:15:00',15,0),(504855,66,NULL,'2015-10-23 14:30:00',15,0),(504856,66,NULL,'2015-10-23 14:45:00',15,0),(504857,66,NULL,'2015-10-23 15:00:00',15,0),(504858,66,NULL,'2015-10-23 15:15:00',15,0),(504859,66,NULL,'2015-10-23 15:30:00',15,0),(504860,66,NULL,'2015-10-23 15:45:00',15,0),(504861,66,NULL,'2015-10-24 09:00:00',15,0),(504862,66,NULL,'2015-10-24 09:15:00',15,0),(504863,66,NULL,'2015-10-24 09:30:00',15,0),(504864,66,NULL,'2015-10-24 09:45:00',15,0),(504865,66,NULL,'2015-10-24 10:00:00',15,0),(504866,66,NULL,'2015-10-24 10:15:00',15,0),(504867,66,NULL,'2015-10-24 10:30:00',15,0),(504868,66,NULL,'2015-10-24 10:45:00',15,0),(504869,66,NULL,'2015-10-24 11:00:00',15,0),(504870,66,NULL,'2015-10-24 11:15:00',15,0),(504871,66,NULL,'2015-10-24 11:30:00',15,0),(504872,66,NULL,'2015-10-24 11:45:00',15,0),(504873,66,NULL,'2015-10-24 12:00:00',15,0),(504874,66,NULL,'2015-10-24 12:15:00',15,0),(504875,66,NULL,'2015-10-24 12:30:00',15,0),(504876,66,NULL,'2015-10-24 12:45:00',15,0),(504877,67,1438757336230,'2015-10-13 09:00:00',30,30),(504878,67,1441100935734,'2015-10-13 09:15:00',30,25),(504879,67,1438757336230,'2015-10-13 09:30:00',30,30),(504880,67,1438757336230,'2015-10-13 09:45:00',30,30),(504881,67,1438757345406,'2015-10-13 10:00:00',30,30),(504882,67,1438757336230,'2015-10-13 10:15:00',30,30),(504883,67,1438757345406,'2015-10-13 10:30:00',30,40),(504884,67,1438757345406,'2015-10-13 10:45:00',30,40),(504885,67,1438757345406,'2015-10-13 11:00:00',30,35),(504886,67,1441100935734,'2015-10-13 11:15:00',30,25),(504887,67,1438757336230,'2015-10-13 11:30:00',30,45),(504888,67,1438757336230,'2015-10-13 11:45:00',30,35),(504889,67,1441100935734,'2015-10-13 12:00:00',15,15),(504890,67,1441100935734,'2015-10-13 12:15:00',15,15),(504891,67,1441100935734,'2015-10-13 12:30:00',15,10),(504892,67,1441100935734,'2015-10-13 12:45:00',15,15),(504893,67,1441100935734,'2015-10-13 13:00:00',15,10),(504894,67,1441100935734,'2015-10-13 13:15:00',15,15),(504895,67,1441100935734,'2015-10-13 13:30:00',15,15),(504896,67,1441100935734,'2015-10-13 13:45:00',15,10),(504897,67,1441100935734,'2015-10-13 14:00:00',30,30),(504898,67,1441100935734,'2015-10-13 14:15:00',30,25),(504899,67,1438757345406,'2015-10-13 14:30:00',30,30),(504900,67,1438757345406,'2015-10-13 14:45:00',30,20),(504901,67,1441100935734,'2015-10-13 15:00:00',30,30),(504902,67,1441100935734,'2015-10-13 15:15:00',30,25),(504903,67,1438757345406,'2015-10-13 15:30:00',30,25),(504904,67,1438757345406,'2015-10-13 15:45:00',30,25),(504905,67,1438757345406,'2015-10-13 16:00:00',30,30),(504906,67,1438757345406,'2015-10-13 16:15:00',30,25),(504907,67,1438757336230,'2015-10-13 16:30:00',30,25),(504908,67,1438757336230,'2015-10-13 16:45:00',30,30),(504909,67,1438757336230,'2015-10-13 17:00:00',30,30),(504910,67,1438757345406,'2015-10-13 17:15:00',30,25),(504911,67,1438757345406,'2015-10-13 17:30:00',30,25),(504912,67,1438757336230,'2015-10-13 17:45:00',30,25),(504913,67,1438757345406,'2015-10-13 18:00:00',30,30),(504914,67,1438757345406,'2015-10-13 18:15:00',30,40),(504915,67,1438757345406,'2015-10-13 18:30:00',30,30),(504916,67,1438757345406,'2015-10-13 18:45:00',30,25),(504917,67,1438757336230,'2015-10-14 09:00:00',30,30),(504918,67,1438757336230,'2015-10-14 09:15:00',30,30),(504919,67,1438757336230,'2015-10-14 09:30:00',30,30),(504920,67,1438757336230,'2015-10-14 09:45:00',30,25),(504921,67,1438757336230,'2015-10-14 10:00:00',30,30),(504922,67,1441100935734,'2015-10-14 10:15:00',30,30),(504923,67,1441100935734,'2015-10-14 10:30:00',30,20),(504924,67,1438757336230,'2015-10-14 10:45:00',30,30),(504925,67,1441100935734,'2015-10-14 11:00:00',30,30),(504926,67,1441100935734,'2015-10-14 11:15:00',30,20),(504927,67,1438757345406,'2015-10-14 11:30:00',30,30),(504928,67,1438757345406,'2015-10-14 11:45:00',30,30),(504929,67,1438757345406,'2015-10-14 12:00:00',15,10),(504930,67,1438757336230,'2015-10-14 12:15:00',15,15),(504931,67,1438757336230,'2015-10-14 12:30:00',15,15),(504932,67,1438757336230,'2015-10-14 12:45:00',15,15),(504933,67,1438757336230,'2015-10-14 13:00:00',15,15),(504934,67,1438757336230,'2015-10-14 13:15:00',15,15),(504935,67,1438757336230,'2015-10-14 13:30:00',15,15),(504936,67,1438757345406,'2015-10-14 13:45:00',15,15),(504937,67,1438757345406,'2015-10-14 14:00:00',30,30),(504938,67,1438757345406,'2015-10-14 14:15:00',30,25),(504939,67,1438757345406,'2015-10-14 14:30:00',30,40),(504940,67,1438757345406,'2015-10-14 14:45:00',30,30),(504941,67,1438757345406,'2015-10-14 15:00:00',30,35),(504942,67,1438757345406,'2015-10-14 15:15:00',30,25),(504943,67,1438757345406,'2015-10-14 15:30:00',30,30),(504944,67,1438757345406,'2015-10-14 15:45:00',30,35),(504945,67,1438757345406,'2015-10-14 16:00:00',30,30),(504946,67,1438757345406,'2015-10-14 16:15:00',30,40),(504947,67,1438757345406,'2015-10-14 16:30:00',30,25),(504948,67,1438757345406,'2015-10-14 16:45:00',30,10),(504949,67,1438757336230,'2015-10-15 09:00:00',30,30),(504950,67,1438757336230,'2015-10-15 09:15:00',30,30),(504951,67,1441100935734,'2015-10-15 09:30:00',30,30),(504952,67,1441100935734,'2015-10-15 09:45:00',30,25),(504953,67,1438757336230,'2015-10-15 10:00:00',30,30),(504954,67,1441100935734,'2015-10-15 10:15:00',30,30),(504955,67,1441100935734,'2015-10-15 10:30:00',30,25),(504956,67,1438757336230,'2015-10-15 10:45:00',30,30),(504957,67,1441100935734,'2015-10-15 11:00:00',30,30),(504958,67,1441100935734,'2015-10-15 11:15:00',30,20),(504959,67,1438757336230,'2015-10-15 11:30:00',30,30),(504960,67,1438757336230,'2015-10-15 11:45:00',30,25),(504961,67,1438757336230,'2015-10-15 12:00:00',15,15),(504962,67,1441100935734,'2015-10-15 12:15:00',15,15),(504963,67,1441100935734,'2015-10-15 12:30:00',15,15),(504964,67,1438757345406,'2015-10-15 12:45:00',15,25),(504965,67,1438757345406,'2015-10-15 13:00:00',15,10),(504966,67,1441100935734,'2015-10-15 13:15:00',15,15),(504967,67,1441100935734,'2015-10-15 13:30:00',15,15),(504968,67,1441100935734,'2015-10-15 13:45:00',15,10),(504969,67,1438757336230,'2015-10-15 14:00:00',30,30),(504970,67,1438757336230,'2015-10-15 14:15:00',30,30),(504971,67,1438757345406,'2015-10-15 14:30:00',30,25),(504972,67,1438757336230,'2015-10-15 14:45:00',30,30),(504973,67,1438757336230,'2015-10-15 15:00:00',30,25),(504974,67,1438757345406,'2015-10-15 15:15:00',30,30),(504975,67,1438757345406,'2015-10-15 15:30:00',30,30),(504976,67,1438757345406,'2015-10-15 15:45:00',30,25),(504977,67,1438757345406,'2015-10-15 16:00:00',30,30),(504978,67,1438757345406,'2015-10-15 16:15:00',30,35),(504979,67,1438757345406,'2015-10-15 16:30:00',30,45),(504980,67,1438757345406,'2015-10-15 16:45:00',30,30),(504981,67,1438757336230,'2015-10-15 17:00:00',30,30),(504982,67,1438757336230,'2015-10-15 17:15:00',30,25),(504983,67,1438757345406,'2015-10-15 17:30:00',30,30),(504984,67,1438757345406,'2015-10-15 17:45:00',30,30),(504985,67,1438757345406,'2015-10-15 18:00:00',30,35),(504986,67,1438757345406,'2015-10-15 18:15:00',30,25),(504987,67,1438757345406,'2015-10-15 18:30:00',30,30),(504988,67,1438757345406,'2015-10-15 18:45:00',30,20),(504989,67,1441100935734,'2015-10-16 09:00:00',30,30),(504990,67,1441100935734,'2015-10-16 09:15:00',30,25),(504991,67,1438757336230,'2015-10-16 09:30:00',30,25),(504992,67,1438757336230,'2015-10-16 09:45:00',30,30),(504993,67,1438757336230,'2015-10-16 10:00:00',30,30),(504994,67,1438757336230,'2015-10-16 10:15:00',30,25),(504995,67,1438757345406,'2015-10-16 10:30:00',30,30),(504996,67,1438757345406,'2015-10-16 10:45:00',30,30),(504997,67,1438757345406,'2015-10-16 11:00:00',30,40),(504998,67,1438757345406,'2015-10-16 11:15:00',30,25),(504999,67,1438757336230,'2015-10-16 11:30:00',30,30),(505000,67,1438757345406,'2015-10-16 11:45:00',30,30),(505001,67,1438757345406,'2015-10-16 12:00:00',15,25),(505002,67,1438757336230,'2015-10-16 12:15:00',15,15),(505003,67,1438757345406,'2015-10-16 12:30:00',15,15),(505004,67,1438757345406,'2015-10-16 12:45:00',15,10),(505005,67,1441100935734,'2015-10-16 13:00:00',15,15),(505006,67,1441100935734,'2015-10-16 13:15:00',15,15),(505007,67,1441100935734,'2015-10-16 13:30:00',15,10),(505008,67,1438757345406,'2015-10-16 13:45:00',15,15),(505009,67,1438757345406,'2015-10-16 14:00:00',30,25),(505010,67,1438757345406,'2015-10-16 14:15:00',30,40),(505011,67,1438757345406,'2015-10-16 14:30:00',30,30),(505012,67,1438757345406,'2015-10-16 14:45:00',30,20),(505013,67,1438757345406,'2015-10-17 09:00:00',30,30),(505014,67,1438757345406,'2015-10-17 09:15:00',30,30),(505015,67,1438757345406,'2015-10-17 09:30:00',30,25),(505016,67,1438757336230,'2015-10-17 09:45:00',30,30),(505017,67,1438757345406,'2015-10-17 10:00:00',30,30),(505018,67,1438757345406,'2015-10-17 10:15:00',30,20),(505019,67,NULL,'2015-10-17 10:30:00',30,0),(505020,67,1441100935734,'2015-10-17 10:45:00',30,15),(505021,67,1438757336230,'2015-10-17 11:00:00',30,30),(505022,67,1438757345406,'2015-10-17 11:15:00',30,25),(505023,67,1438757345406,'2015-10-17 11:30:00',30,30),(505024,67,1438757345406,'2015-10-17 11:45:00',30,20),(505025,67,1441100935734,'2015-10-17 12:00:00',15,15),(505026,67,1441100935734,'2015-10-17 12:15:00',15,15),(505027,67,1441100935734,'2015-10-17 12:30:00',15,10),(505028,67,1438757336230,'2015-10-17 12:45:00',15,15),(505029,67,1438757336230,'2015-10-20 09:00:00',30,30),(505030,67,1438757336230,'2015-10-20 09:15:00',30,30),(505031,67,1438757336230,'2015-10-20 09:30:00',30,25),(505032,67,1441100935734,'2015-10-20 09:45:00',30,30),(505033,67,1438757345406,'2015-10-20 10:00:00',30,40),(505034,67,1438757345406,'2015-10-20 10:15:00',30,35),(505035,67,1438757345406,'2015-10-20 10:30:00',30,45),(505036,67,1438757345406,'2015-10-20 10:45:00',30,30),(505037,67,1441100935734,'2015-10-20 11:00:00',30,30),(505038,67,1441100935734,'2015-10-20 11:15:00',30,25),(505039,67,1441100935734,'2015-10-20 11:30:00',30,25),(505040,67,1441100935734,'2015-10-20 11:45:00',30,25),(505041,67,1441100935734,'2015-10-20 12:00:00',15,15),(505042,67,1441100935734,'2015-10-20 12:15:00',15,10),(505043,67,1441100935734,'2015-10-20 12:30:00',15,15),(505044,67,1441100935734,'2015-10-20 12:45:00',15,10),(505045,67,1438757336230,'2015-10-20 13:00:00',15,15),(505046,67,1438757336230,'2015-10-20 13:15:00',15,15),(505047,67,1438757336230,'2015-10-20 13:30:00',15,15),(505048,67,1438757336230,'2015-10-20 13:45:00',15,15),(505049,67,1438757336230,'2015-10-20 14:00:00',30,30),(505050,67,1438757336230,'2015-10-20 14:15:00',30,30),(505051,67,1438757345406,'2015-10-20 14:30:00',30,30),(505052,67,1438757336230,'2015-10-20 14:45:00',30,30),(505053,67,1441100935734,'2015-10-20 15:00:00',30,25),(505054,67,1438757336230,'2015-10-20 15:15:00',30,25),(505055,67,1438757336230,'2015-10-20 15:30:00',30,30),(505056,67,1438757336230,'2015-10-20 15:45:00',30,30),(505057,67,1438757336230,'2015-10-20 16:00:00',30,30),(505058,67,1438757345406,'2015-10-20 16:15:00',30,30),(505059,67,1438757345406,'2015-10-20 16:30:00',30,25),(505060,67,1438757345406,'2015-10-20 16:45:00',30,25),(505061,67,1438757345406,'2015-10-20 17:00:00',30,30),(505062,67,1438757345406,'2015-10-20 17:15:00',30,25),(505063,67,1438757345406,'2015-10-20 17:30:00',30,40),(505064,67,1438757345406,'2015-10-20 17:45:00',30,30),(505065,67,1438757345406,'2015-10-20 18:00:00',30,35),(505066,67,1438757345406,'2015-10-20 18:15:00',30,25),(505067,67,1438757345406,'2015-10-20 18:30:00',30,30),(505068,67,1438757345406,'2015-10-20 18:45:00',30,20),(505069,67,1441100935734,'2015-10-21 09:00:00',30,30),(505070,67,1441100935734,'2015-10-21 09:15:00',30,25),(505071,67,1441100935734,'2015-10-21 09:30:00',30,25),(505072,67,1441100935734,'2015-10-21 09:45:00',30,25),(505073,67,1441100935734,'2015-10-21 10:00:00',30,25),(505074,67,1438757336230,'2015-10-21 10:15:00',30,30),(505075,67,1441100935734,'2015-10-21 10:30:00',30,25),(505076,67,1438757336230,'2015-10-21 10:45:00',30,30),(505077,67,1438757336230,'2015-10-21 11:00:00',30,30),(505078,67,1438757336230,'2015-10-21 11:15:00',30,30),(505079,67,1438757336230,'2015-10-21 11:30:00',30,30),(505080,67,1438757336230,'2015-10-21 11:45:00',30,30),(505081,67,1441100935734,'2015-10-21 12:00:00',15,15),(505082,67,1441100935734,'2015-10-21 12:15:00',15,10),(505083,67,1438757336230,'2015-10-21 12:30:00',15,15),(505084,67,1438757336230,'2015-10-21 12:45:00',15,15),(505085,67,1441100935734,'2015-10-21 13:00:00',15,15),(505086,67,1441100935734,'2015-10-21 13:15:00',15,15),(505087,67,1441100935734,'2015-10-21 13:30:00',15,10),(505088,67,1438757345406,'2015-10-21 13:45:00',15,15),(505089,67,1438757345406,'2015-10-21 14:00:00',30,40),(505090,67,1438757345406,'2015-10-21 14:15:00',30,25),(505091,67,1438757345406,'2015-10-21 14:30:00',30,30),(505092,67,1438757345406,'2015-10-21 14:45:00',30,40),(505093,67,1438757345406,'2015-10-21 15:00:00',30,30),(505094,67,1438757345406,'2015-10-21 15:15:00',30,35),(505095,67,1438757345406,'2015-10-21 15:30:00',30,30),(505096,67,1438757345406,'2015-10-21 15:45:00',30,20),(505097,67,1438757345406,'2015-10-21 16:00:00',30,30),(505098,67,1438757345406,'2015-10-21 16:15:00',30,40),(505099,67,1438757345406,'2015-10-21 16:30:00',30,25),(505100,67,1438757345406,'2015-10-21 16:45:00',30,10),(505101,67,1438757336230,'2015-10-22 09:00:00',30,30),(505102,67,1441100935734,'2015-10-22 09:15:00',30,25),(505103,67,1441100935734,'2015-10-22 09:30:00',30,25),(505104,67,1438757336230,'2015-10-22 09:45:00',30,30),(505105,67,1441100935734,'2015-10-22 10:00:00',30,25),(505106,67,1441100935734,'2015-10-22 10:15:00',30,30),(505107,67,1438757345406,'2015-10-22 10:30:00',30,40),(505108,67,1438757345406,'2015-10-22 10:45:00',30,40),(505109,67,1438757345406,'2015-10-22 11:00:00',30,35),(505110,67,1438757336230,'2015-10-22 11:15:00',30,30),(505111,67,1438757336230,'2015-10-22 11:30:00',30,30),(505112,67,1438757336230,'2015-10-22 11:45:00',30,30),(505113,67,1438757345406,'2015-10-22 12:00:00',15,25),(505114,67,1438757345406,'2015-10-22 12:15:00',15,10),(505115,67,1441100935734,'2015-10-22 12:30:00',15,15),(505116,67,1441100935734,'2015-10-22 12:45:00',15,15),(505117,67,1441100935734,'2015-10-22 13:00:00',15,10),(505118,67,1438757336230,'2015-10-22 13:15:00',15,15),(505119,67,1438757336230,'2015-10-22 13:30:00',15,15),(505120,67,1438757336230,'2015-10-22 13:45:00',15,15),(505121,67,1438757336230,'2015-10-22 14:00:00',30,30),(505122,67,1438757336230,'2015-10-22 14:15:00',30,30),(505123,67,1438757336230,'2015-10-22 14:30:00',30,30),(505124,67,1438757336230,'2015-10-22 14:45:00',30,15),(505125,67,1438757336230,'2015-10-22 15:00:00',30,30),(505126,67,1438757336230,'2015-10-22 15:15:00',30,30),(505127,67,1438757336230,'2015-10-22 15:30:00',30,25),(505128,67,1438757345406,'2015-10-22 15:45:00',30,30),(505129,67,1438757345406,'2015-10-22 16:00:00',30,30),(505130,67,1438757345406,'2015-10-22 16:15:00',30,35),(505131,67,1438757345406,'2015-10-22 16:30:00',30,45),(505132,67,1438757345406,'2015-10-22 16:45:00',30,30),(505133,67,1438757345406,'2015-10-22 17:00:00',30,30),(505134,67,1438757345406,'2015-10-22 17:15:00',30,20),(505135,67,1438757345406,'2015-10-22 17:30:00',30,30),(505136,67,1438757345406,'2015-10-22 17:45:00',30,30),(505137,67,1438757345406,'2015-10-22 18:00:00',30,20),(505138,67,1438757345406,'2015-10-22 18:15:00',30,30),(505139,67,1438757345406,'2015-10-22 18:30:00',30,30),(505140,67,1438757345406,'2015-10-22 18:45:00',30,20),(505141,67,1438757345406,'2015-10-23 09:00:00',30,45),(505142,67,1438757345406,'2015-10-23 09:15:00',30,30),(505143,67,1438757336230,'2015-10-23 09:30:00',30,30),(505144,67,1441100935734,'2015-10-23 09:45:00',30,25),(505145,67,1441100935734,'2015-10-23 10:00:00',30,25),(505146,67,1438757336230,'2015-10-23 10:15:00',30,30),(505147,67,1438757336230,'2015-10-23 10:30:00',30,25),(505148,67,1438757336230,'2015-10-23 10:45:00',30,30),(505149,67,1438757345406,'2015-10-23 11:00:00',30,25),(505150,67,1438757336230,'2015-10-23 11:15:00',30,30),(505151,67,1438757336230,'2015-10-23 11:30:00',30,25),(505152,67,1438757336230,'2015-10-23 11:45:00',30,30),(505153,67,1438757336230,'2015-10-23 12:00:00',15,15),(505154,67,1438757345406,'2015-10-23 12:15:00',15,15),(505155,67,1438757345406,'2015-10-23 12:30:00',15,15),(505156,67,1438757345406,'2015-10-23 12:45:00',15,10),(505157,67,1438757336230,'2015-10-23 13:00:00',15,15),(505158,67,1438757336230,'2015-10-23 13:15:00',15,15),(505159,67,1438757345406,'2015-10-23 13:30:00',15,15),(505160,67,1438757345406,'2015-10-23 13:45:00',15,15),(505161,67,1438757345406,'2015-10-23 14:00:00',30,25),(505162,67,1438757345406,'2015-10-23 14:15:00',30,30),(505163,67,1438757345406,'2015-10-23 14:30:00',30,40),(505164,67,1438757345406,'2015-10-23 14:45:00',30,20),(505165,67,1441100935734,'2015-10-24 09:00:00',30,15),(505166,67,1438757345406,'2015-10-24 09:15:00',30,25),(505167,67,1438757345406,'2015-10-24 09:30:00',30,25),(505168,67,1438757345406,'2015-10-24 09:45:00',30,25),(505169,67,1441100935734,'2015-10-24 10:00:00',30,30),(505170,67,1441100935734,'2015-10-24 10:15:00',30,25),(505171,67,1438757336230,'2015-10-24 10:30:00',30,25),(505172,67,1438757336230,'2015-10-24 10:45:00',30,30),(505173,67,1438757336230,'2015-10-24 11:00:00',30,30),(505174,67,1438757345406,'2015-10-24 11:15:00',30,15),(505175,67,1438757345406,'2015-10-24 11:30:00',30,10),(505176,67,1438757345406,'2015-10-24 11:45:00',30,10),(505177,67,1438757336230,'2015-10-24 12:00:00',15,15),(505178,67,1438757336230,'2015-10-24 12:15:00',15,15),(505179,67,1438757345406,'2015-10-24 12:30:00',15,15),(505180,67,1438757345406,'2015-10-24 12:45:00',15,10),(505181,69,1441100935734,'2015-10-13 08:00:00',30,30),(505182,69,1441100935734,'2015-10-13 08:15:00',30,35),(505183,69,1441100935734,'2015-10-13 08:30:00',30,30),(505184,69,1441100935734,'2015-10-13 08:45:00',30,40),(505185,69,1441100935734,'2015-10-13 09:00:00',30,25),(505186,69,1441100935734,'2015-10-13 09:15:00',30,40),(505187,69,1438757336230,'2015-10-13 09:30:00',30,30),(505188,69,1438757336230,'2015-10-13 09:45:00',30,30),(505189,69,1438757336230,'2015-10-13 10:00:00',30,30),(505190,69,1438757336230,'2015-10-13 10:15:00',30,25),(505191,69,1438757336230,'2015-10-13 10:30:00',30,30),(505192,69,1438757345406,'2015-10-13 10:45:00',30,25),(505193,69,1441100935734,'2015-10-13 11:00:00',30,30),(505194,69,1441100935734,'2015-10-13 11:15:00',30,40),(505195,69,1441100935734,'2015-10-13 11:30:00',30,40),(505196,69,1441100935734,'2015-10-13 11:45:00',30,35),(505197,69,1438757336230,'2015-10-13 12:00:00',15,15),(505198,69,1438757336230,'2015-10-13 12:15:00',15,15),(505199,69,1438757336230,'2015-10-13 12:30:00',15,15),(505200,69,1438757336230,'2015-10-13 12:45:00',15,15),(505201,69,1438757336230,'2015-10-13 13:00:00',15,15),(505202,69,1438757336230,'2015-10-13 13:15:00',15,15),(505203,69,1441100935734,'2015-10-13 13:30:00',15,15),(505204,69,1441100935734,'2015-10-13 13:45:00',15,10),(505205,69,1438757336230,'2015-10-13 14:00:00',30,30),(505206,69,1438757336230,'2015-10-13 14:15:00',30,25),(505207,69,1441100935734,'2015-10-13 14:30:00',30,30),(505208,69,1441100935734,'2015-10-13 14:45:00',30,20),(505209,69,1438757336230,'2015-10-13 15:00:00',30,30),(505210,69,1438757345406,'2015-10-13 15:15:00',30,25),(505211,69,1438757336230,'2015-10-13 15:30:00',30,25),(505212,69,1438757336230,'2015-10-13 15:45:00',30,30),(505213,69,1438757336230,'2015-10-13 16:00:00',30,30),(505214,69,1438757345406,'2015-10-13 16:15:00',30,30),(505215,69,1438757345406,'2015-10-13 16:30:00',30,25),(505216,69,1438757345406,'2015-10-13 16:45:00',30,25),(505217,69,1441100935734,'2015-10-13 17:00:00',30,25),(505218,69,1438757345406,'2015-10-13 17:15:00',30,25),(505219,69,1441100935734,'2015-10-13 17:30:00',30,25),(505220,69,1438757345406,'2015-10-13 17:45:00',30,25),(505221,69,1438757345406,'2015-10-13 18:00:00',30,30),(505222,69,1438757345406,'2015-10-13 18:15:00',30,25),(505223,69,1438757345406,'2015-10-13 18:30:00',30,25),(505224,69,1438757345406,'2015-10-13 18:45:00',30,25),(505225,69,1438757345406,'2015-10-13 19:00:00',30,25),(505226,69,1438757345406,'2015-10-13 19:15:00',30,45),(505227,69,1438757345406,'2015-10-13 19:30:00',30,35),(505228,69,1438757345406,'2015-10-13 19:45:00',30,10),(505229,69,1438757345406,'2015-10-14 09:00:00',30,15),(505230,69,1438757345406,'2015-10-14 09:15:00',30,40),(505231,69,1438757345406,'2015-10-14 09:30:00',30,45),(505232,69,1438757345406,'2015-10-14 09:45:00',30,30),(505233,69,1438757336230,'2015-10-14 10:00:00',30,30),(505234,69,1438757336230,'2015-10-14 10:15:00',30,30),(505235,69,1438757336230,'2015-10-14 10:30:00',30,30),(505236,69,1438757336230,'2015-10-14 10:45:00',30,30),(505237,69,1441100935734,'2015-10-14 11:00:00',30,30),(505238,69,1441100935734,'2015-10-14 11:15:00',30,25),(505239,69,1441100935734,'2015-10-14 11:30:00',30,30),(505240,69,1438757345406,'2015-10-14 11:45:00',30,40),(505241,69,1438757345406,'2015-10-14 12:00:00',15,20),(505242,69,1438757336230,'2015-10-14 12:15:00',15,15),(505243,69,1438757336230,'2015-10-14 12:30:00',15,15),(505244,69,1438757336230,'2015-10-14 12:45:00',15,15),(505245,69,1438757336230,'2015-10-14 13:00:00',15,15),(505246,69,1438757336230,'2015-10-14 13:15:00',15,15),(505247,69,1438757336230,'2015-10-14 13:30:00',15,15),(505248,69,1438757336230,'2015-10-14 13:45:00',15,15),(505249,69,1441100935734,'2015-10-14 14:00:00',30,30),(505250,69,1441100935734,'2015-10-14 14:15:00',30,30),(505251,69,1441100935734,'2015-10-14 14:30:00',30,25),(505252,69,1441100935734,'2015-10-14 14:45:00',30,30),(505253,69,1441100935734,'2015-10-14 15:00:00',30,25),(505254,69,1441100935734,'2015-10-14 15:15:00',30,25),(505255,69,1438757345406,'2015-10-14 15:30:00',30,25),(505256,69,1438757345406,'2015-10-14 15:45:00',30,25),(505257,69,1441100935734,'2015-10-14 16:00:00',30,25),(505258,69,1438757345406,'2015-10-14 16:15:00',30,25),(505259,69,1438757345406,'2015-10-14 16:30:00',30,25),(505260,69,1438757345406,'2015-10-14 16:45:00',30,30),(505261,69,1438757345406,'2015-10-14 17:00:00',30,25),(505262,69,1438757345406,'2015-10-14 17:15:00',30,40),(505263,69,1438757345406,'2015-10-14 17:30:00',30,40),(505264,69,1438757345406,'2015-10-14 17:45:00',30,10),(505265,69,1438757336230,'2015-10-15 09:00:00',30,30),(505266,69,1438757336230,'2015-10-15 09:15:00',30,30),(505267,69,1438757336230,'2015-10-15 09:30:00',30,30),(505268,69,1438757345406,'2015-10-15 09:45:00',30,40),(505269,69,1438757345406,'2015-10-15 10:00:00',30,45),(505270,69,1438757345406,'2015-10-15 10:15:00',30,30),(505271,69,1438757336230,'2015-10-15 10:30:00',30,30),(505272,69,1438757336230,'2015-10-15 10:45:00',30,30),(505273,69,1438757336230,'2015-10-15 11:00:00',30,30),(505274,69,1438757336230,'2015-10-15 11:15:00',30,30),(505275,69,1438757336230,'2015-10-15 11:30:00',30,30),(505276,69,1438757336230,'2015-10-15 11:45:00',30,30),(505277,69,1438757336230,'2015-10-15 12:00:00',15,15),(505278,69,1438757336230,'2015-10-15 12:15:00',15,15),(505279,69,1438757336230,'2015-10-15 12:30:00',15,15),(505280,69,1438757336230,'2015-10-15 12:45:00',15,15),(505281,69,1438757336230,'2015-10-15 13:00:00',15,15),(505282,69,1438757336230,'2015-10-15 13:15:00',15,15),(505283,69,1441100935734,'2015-10-15 13:30:00',15,15),(505284,69,1441100935734,'2015-10-15 13:45:00',15,15),(505285,69,1438757345406,'2015-10-15 14:00:00',30,40),(505286,69,1438757345406,'2015-10-15 14:15:00',30,35),(505287,69,1441100935734,'2015-10-15 14:30:00',30,25),(505288,69,1438757345406,'2015-10-15 14:45:00',30,30),(505289,69,1438757345406,'2015-10-15 15:00:00',30,35),(505290,69,1438757345406,'2015-10-15 15:15:00',30,25),(505291,69,1441100935734,'2015-10-15 15:30:00',30,25),(505292,69,1438757345406,'2015-10-15 15:45:00',30,25),(505293,69,1438757345406,'2015-10-15 16:00:00',30,30),(505294,69,1438757345406,'2015-10-15 16:15:00',30,25),(505295,69,1438757345406,'2015-10-15 16:30:00',30,25),(505296,69,1441100935734,'2015-10-15 16:45:00',30,25),(505297,69,1438757345406,'2015-10-15 17:00:00',30,30),(505298,69,1438757345406,'2015-10-15 17:15:00',30,25),(505299,69,1441100935734,'2015-10-15 17:30:00',30,25),(505300,69,1438757345406,'2015-10-15 17:45:00',30,30),(505301,69,1438757345406,'2015-10-15 18:00:00',30,25),(505302,69,1438757345406,'2015-10-15 18:15:00',30,25),(505303,69,1438757345406,'2015-10-15 18:30:00',30,25),(505304,69,1441100935734,'2015-10-15 18:45:00',30,25),(505305,69,1441100935734,'2015-10-15 19:00:00',30,25),(505306,69,1438757345406,'2015-10-15 19:15:00',30,40),(505307,69,1441100935734,'2015-10-15 19:30:00',30,40),(505308,69,1441100935734,'2015-10-15 19:45:00',30,20),(505309,69,1438757336230,'2015-10-16 09:00:00',30,30),(505310,69,1438757336230,'2015-10-16 09:15:00',30,30),(505311,69,1438757336230,'2015-10-16 09:30:00',30,30),(505312,69,1438757336230,'2015-10-16 09:45:00',30,30),(505313,69,1438757336230,'2015-10-16 10:00:00',30,30),(505314,69,1438757336230,'2015-10-16 10:15:00',30,30),(505315,69,1441100935734,'2015-10-16 10:30:00',30,45),(505316,69,1441100935734,'2015-10-16 10:45:00',30,30),(505317,69,1438757345406,'2015-10-16 11:00:00',30,30),(505318,69,1438757345406,'2015-10-16 11:15:00',30,25),(505319,69,1441100935734,'2015-10-16 11:30:00',30,30),(505320,69,1441100935734,'2015-10-16 11:45:00',30,20),(505321,69,1441100935734,'2015-10-16 12:00:00',15,15),(505322,69,1441100935734,'2015-10-16 12:15:00',15,15),(505323,69,1441100935734,'2015-10-16 12:30:00',15,10),(505324,69,1441100935734,'2015-10-16 12:45:00',15,15),(505325,69,1441100935734,'2015-10-16 13:00:00',15,15),(505326,69,1441100935734,'2015-10-16 13:15:00',15,10),(505327,69,1441100935734,'2015-10-16 13:30:00',15,15),(505328,69,1441100935734,'2015-10-16 13:45:00',15,15),(505329,69,1441100935734,'2015-10-16 14:00:00',30,25),(505330,69,1438757345406,'2015-10-16 14:15:00',30,30),(505331,69,1438757345406,'2015-10-16 14:30:00',30,25),(505332,69,1438757345406,'2015-10-16 14:45:00',30,30),(505333,69,1438757345406,'2015-10-16 15:00:00',30,25),(505334,69,1438757345406,'2015-10-16 15:15:00',30,40),(505335,69,1438757345406,'2015-10-16 15:30:00',30,30),(505336,69,1438757345406,'2015-10-16 15:45:00',30,20),(505337,69,1438757336230,'2015-10-17 09:00:00',30,30),(505338,69,1438757336230,'2015-10-17 09:15:00',30,30),(505339,69,1438757336230,'2015-10-17 09:30:00',30,25),(505340,69,NULL,'2015-10-17 09:45:00',30,0),(505341,69,1438757336230,'2015-10-17 10:00:00',30,30),(505342,69,1441100935734,'2015-10-17 10:15:00',30,30),(505343,69,1441100935734,'2015-10-17 10:30:00',30,30),(505344,69,1441100935734,'2015-10-17 10:45:00',30,20),(505345,69,1438757345406,'2015-10-17 11:00:00',30,30),(505346,69,1438757345406,'2015-10-17 11:15:00',30,25),(505347,69,1438757345406,'2015-10-17 11:30:00',30,25),(505348,69,1438757345406,'2015-10-17 11:45:00',30,15),(505349,69,1438757345406,'2015-10-17 12:00:00',15,10),(505350,69,1438757345406,'2015-10-17 12:15:00',15,15),(505351,69,1438757345406,'2015-10-17 12:30:00',15,10),(505352,69,1438757336230,'2015-10-17 12:45:00',15,15),(505353,69,1438757336230,'2015-10-20 08:00:00',30,30),(505354,69,1438757345406,'2015-10-20 08:15:00',30,30),(505355,69,1438757345406,'2015-10-20 08:30:00',30,45),(505356,69,1438757345406,'2015-10-20 08:45:00',30,35),(505357,69,1438757336230,'2015-10-20 09:00:00',30,30),(505358,69,1438757336230,'2015-10-20 09:15:00',30,30),(505359,69,1438757336230,'2015-10-20 09:30:00',30,30),(505360,69,1438757336230,'2015-10-20 09:45:00',30,30),(505361,69,1438757336230,'2015-10-20 10:00:00',30,30),(505362,69,1438757336230,'2015-10-20 10:15:00',30,30),(505363,69,1438757345406,'2015-10-20 10:30:00',30,45),(505364,69,1438757345406,'2015-10-20 10:45:00',30,25),(505365,69,1438757345406,'2015-10-20 11:00:00',30,40),(505366,69,1441100935734,'2015-10-20 11:15:00',30,30),(505367,69,1438757336230,'2015-10-20 11:30:00',30,25),(505368,69,1438757336230,'2015-10-20 11:45:00',30,30),(505369,69,1441100935734,'2015-10-20 12:00:00',15,15),(505370,69,1441100935734,'2015-10-20 12:15:00',15,10),(505371,69,1441100935734,'2015-10-20 12:30:00',15,15),(505372,69,1441100935734,'2015-10-20 12:45:00',15,10),(505373,69,1438757345406,'2015-10-20 13:00:00',15,15),(505374,69,1438757345406,'2015-10-20 13:15:00',15,10),(505375,69,1441100935734,'2015-10-20 13:30:00',15,15),(505376,69,1441100935734,'2015-10-20 13:45:00',15,15),(505377,69,1438757345406,'2015-10-20 14:00:00',30,40),(505378,69,1438757345406,'2015-10-20 14:15:00',30,35),(505379,69,1438757345406,'2015-10-20 14:30:00',30,30),(505380,69,1438757345406,'2015-10-20 14:45:00',30,25),(505381,69,1438757345406,'2015-10-20 15:00:00',30,25),(505382,69,1438757345406,'2015-10-20 15:15:00',30,30),(505383,69,1438757345406,'2015-10-20 15:30:00',30,25),(505384,69,1438757345406,'2015-10-20 15:45:00',30,25),(505385,69,1441100935734,'2015-10-20 16:00:00',30,30),(505386,69,1441100935734,'2015-10-20 16:15:00',30,25),(505387,69,1441100935734,'2015-10-20 16:30:00',30,25),(505388,69,1441100935734,'2015-10-20 16:45:00',30,30),(505389,69,1438757345406,'2015-10-20 17:00:00',30,35),(505390,69,1438757345406,'2015-10-20 17:15:00',30,25),(505391,69,1441100935734,'2015-10-20 17:30:00',30,25),(505392,69,1438757345406,'2015-10-20 17:45:00',30,30),(505393,69,1438757345406,'2015-10-20 18:00:00',30,30),(505394,69,1438757345406,'2015-10-20 18:15:00',30,20),(505395,69,1441100935734,'2015-10-20 18:30:00',30,30),(505396,69,1441100935734,'2015-10-20 18:45:00',30,25),(505397,69,1441100935734,'2015-10-20 19:00:00',30,25),(505398,69,1438757345406,'2015-10-20 19:15:00',30,30),(505399,69,1438757345406,'2015-10-20 19:30:00',30,35),(505400,69,1438757345406,'2015-10-20 19:45:00',30,10),(505401,69,1438757336230,'2015-10-21 09:00:00',30,30),(505402,69,1438757336230,'2015-10-21 09:15:00',30,30),(505403,69,1438757345406,'2015-10-21 09:30:00',30,30),(505404,69,1438757345406,'2015-10-21 09:45:00',30,45),(505405,69,1438757345406,'2015-10-21 10:00:00',30,35),(505406,69,1438757336230,'2015-10-21 10:15:00',30,30),(505407,69,1438757336230,'2015-10-21 10:30:00',30,30),(505408,69,1438757336230,'2015-10-21 10:45:00',30,30),(505409,69,1438757336230,'2015-10-21 11:00:00',30,30),(505410,69,1438757336230,'2015-10-21 11:15:00',30,30),(505411,69,1438757345406,'2015-10-21 11:30:00',30,30),(505412,69,1438757345406,'2015-10-21 11:45:00',30,25),(505413,69,1438757345406,'2015-10-21 12:00:00',15,15),(505414,69,1438757345406,'2015-10-21 12:15:00',15,10),(505415,69,1441100935734,'2015-10-21 12:30:00',15,15),(505416,69,1441100935734,'2015-10-21 12:45:00',15,10),(505417,69,1438757345406,'2015-10-21 13:00:00',15,15),(505418,69,1438757345406,'2015-10-21 13:15:00',15,15),(505419,69,1438757345406,'2015-10-21 13:30:00',15,10),(505420,69,1438757345406,'2015-10-21 13:45:00',15,15),(505421,69,1441100935734,'2015-10-21 14:00:00',30,30),(505422,69,1441100935734,'2015-10-21 14:15:00',30,25),(505423,69,1438757345406,'2015-10-21 14:30:00',30,25),(505424,69,1441100935734,'2015-10-21 14:45:00',30,25),(505425,69,1441100935734,'2015-10-21 15:00:00',30,30),(505426,69,1438757345406,'2015-10-21 15:15:00',30,35),(505427,69,1438757345406,'2015-10-21 15:30:00',30,45),(505428,69,1438757345406,'2015-10-21 15:45:00',30,30),(505429,69,1441100935734,'2015-10-21 16:00:00',30,30),(505430,69,1441100935734,'2015-10-21 16:15:00',30,20),(505431,69,1438757345406,'2015-10-21 16:30:00',30,30),(505432,69,1438757345406,'2015-10-21 16:45:00',30,20),(505433,69,1438757345406,'2015-10-21 17:00:00',30,30),(505434,69,1438757345406,'2015-10-21 17:15:00',30,25),(505435,69,1438757345406,'2015-10-21 17:30:00',30,40),(505436,69,1438757345406,'2015-10-21 17:45:00',30,10),(505437,69,1438757336230,'2015-10-22 09:00:00',30,30),(505438,69,1438757336230,'2015-10-22 09:15:00',30,30),(505439,69,1438757336230,'2015-10-22 09:30:00',30,30),(505440,69,1438757336230,'2015-10-22 09:45:00',30,30),(505441,69,1438757336230,'2015-10-22 10:00:00',30,30),(505442,69,1438757336230,'2015-10-22 10:15:00',30,25),(505443,69,1438757336230,'2015-10-22 10:30:00',30,30),(505444,69,1438757336230,'2015-10-22 10:45:00',30,30),(505445,69,1441100935734,'2015-10-22 11:00:00',30,30),(505446,69,1438757345406,'2015-10-22 11:15:00',30,40),(505447,69,1438757345406,'2015-10-22 11:30:00',30,35),(505448,69,1438757336230,'2015-10-22 11:45:00',30,30),(505449,69,1441100935734,'2015-10-22 12:00:00',15,15),(505450,69,1441100935734,'2015-10-22 12:15:00',15,15),(505451,69,1441100935734,'2015-10-22 12:30:00',15,10),(505452,69,1438757336230,'2015-10-22 12:45:00',15,15),(505453,69,1438757336230,'2015-10-22 13:00:00',15,15),(505454,69,1441100935734,'2015-10-22 13:15:00',15,15),(505455,69,1441100935734,'2015-10-22 13:30:00',15,15),(505456,69,1441100935734,'2015-10-22 13:45:00',15,10),(505457,69,1441100935734,'2015-10-22 14:00:00',30,30),(505458,69,1438757345406,'2015-10-22 14:15:00',30,45),(505459,69,1438757345406,'2015-10-22 14:30:00',30,30),(505460,69,1438757336230,'2015-10-22 14:45:00',30,30),(505461,69,1438757336230,'2015-10-22 15:00:00',30,30),(505462,69,1438757336230,'2015-10-22 15:15:00',30,25),(505463,69,1438757336230,'2015-10-22 15:30:00',30,30),(505464,69,1441100935734,'2015-10-22 15:45:00',30,15),(505465,69,1441100935734,'2015-10-22 16:00:00',30,15),(505466,69,1438757336230,'2015-10-22 16:15:00',30,25),(505467,69,1438757345406,'2015-10-22 16:30:00',30,30),(505468,69,1438757345406,'2015-10-22 16:45:00',30,25),(505469,69,1438757345406,'2015-10-22 17:00:00',30,25),(505470,69,1438757345406,'2015-10-22 17:15:00',30,25),(505471,69,1438757345406,'2015-10-22 17:30:00',30,25),(505472,69,1438757345406,'2015-10-22 17:45:00',30,30),(505473,69,1438757345406,'2015-10-22 18:00:00',30,25),(505474,69,1438757345406,'2015-10-22 18:15:00',30,25),(505475,69,1438757345406,'2015-10-22 18:30:00',30,25),(505476,69,1438757345406,'2015-10-22 18:45:00',30,30),(505477,69,1438757345406,'2015-10-22 19:00:00',30,25),(505478,69,1438757345406,'2015-10-22 19:15:00',30,40),(505479,69,1438757345406,'2015-10-22 19:30:00',30,40),(505480,69,1438757345406,'2015-10-22 19:45:00',30,20),(505481,69,1438757345406,'2015-10-23 09:00:00',30,30),(505482,69,1438757345406,'2015-10-23 09:15:00',30,40),(505483,69,1438757345406,'2015-10-23 09:30:00',30,25),(505484,69,1438757336230,'2015-10-23 09:45:00',30,30),(505485,69,1438757336230,'2015-10-23 10:00:00',30,30),(505486,69,1438757336230,'2015-10-23 10:15:00',30,30),(505487,69,1438757336230,'2015-10-23 10:30:00',30,30),(505488,69,1438757336230,'2015-10-23 10:45:00',30,30),(505489,69,1438757336230,'2015-10-23 11:00:00',30,30),(505490,69,1441100935734,'2015-10-23 11:15:00',30,30),(505491,69,1438757345406,'2015-10-23 11:30:00',30,35),(505492,69,1438757345406,'2015-10-23 11:45:00',30,10),(505493,69,1438757345406,'2015-10-23 12:00:00',15,15),(505494,69,1438757345406,'2015-10-23 12:15:00',15,15),(505495,69,1438757345406,'2015-10-23 12:30:00',15,10),(505496,69,1441100935734,'2015-10-23 12:45:00',15,15),(505497,69,1441100935734,'2015-10-23 13:00:00',15,10),(505498,69,1438757345406,'2015-10-23 13:15:00',15,15),(505499,69,1438757345406,'2015-10-23 13:30:00',15,15),(505500,69,1438757345406,'2015-10-23 13:45:00',15,10),(505501,69,1438757345406,'2015-10-23 14:00:00',30,30),(505502,69,1438757345406,'2015-10-23 14:15:00',30,25),(505503,69,1441100935734,'2015-10-23 14:30:00',30,25),(505504,69,1441100935734,'2015-10-23 14:45:00',30,25),(505505,69,1438757345406,'2015-10-23 15:00:00',30,25),(505506,69,1438757345406,'2015-10-23 15:15:00',30,25),(505507,69,1438757345406,'2015-10-23 15:30:00',30,45),(505508,69,1438757345406,'2015-10-23 15:45:00',30,30),(505509,69,1438757336230,'2015-10-24 09:00:00',30,30),(505510,69,1438757345406,'2015-10-24 09:15:00',30,30),(505511,69,1438757345406,'2015-10-24 09:30:00',30,20),(505512,69,1438757336230,'2015-10-24 09:45:00',30,15),(505513,69,1438757336230,'2015-10-24 10:00:00',30,30),(505514,69,1438757336230,'2015-10-24 10:15:00',30,25),(505515,69,1438757336230,'2015-10-24 10:30:00',30,30),(505516,69,1438757345406,'2015-10-24 10:45:00',30,30),(505517,69,1438757345406,'2015-10-24 11:00:00',30,30),(505518,69,1438757345406,'2015-10-24 11:15:00',30,25),(505519,69,1438757345406,'2015-10-24 11:30:00',30,25),(505520,69,1438757345406,'2015-10-24 11:45:00',30,25),(505521,69,1438757345406,'2015-10-24 12:00:00',15,10),(505522,69,1438757345406,'2015-10-24 12:15:00',15,15),(505523,69,1438757345406,'2015-10-24 12:30:00',15,10),(505524,69,NULL,'2015-10-24 12:45:00',15,0),(505525,70,1438757336230,'2015-10-13 08:00:00',30,30),(505526,70,1441100935734,'2015-10-13 08:15:00',30,25),(505527,70,1438757345406,'2015-10-13 08:30:00',30,30),(505528,70,1438757345406,'2015-10-13 08:45:00',30,25),(505529,70,1438757336230,'2015-10-13 09:00:00',30,30),(505530,70,1438757336230,'2015-10-13 09:15:00',30,25),(505531,70,1441100935734,'2015-10-13 09:30:00',30,30),(505532,70,1438757345406,'2015-10-13 09:45:00',30,40),(505533,70,1438757345406,'2015-10-13 10:00:00',30,40),(505534,70,1438757345406,'2015-10-13 10:15:00',30,35),(505535,70,1441100935734,'2015-10-13 10:30:00',30,25),(505536,70,1438757336230,'2015-10-13 10:45:00',30,30),(505537,70,1438757345406,'2015-10-13 11:00:00',30,40),(505538,70,1438757345406,'2015-10-13 11:15:00',30,35),(505539,70,1438757336230,'2015-10-13 11:30:00',30,30),(505540,70,1441100935734,'2015-10-13 11:45:00',30,25),(505541,70,1441100935734,'2015-10-13 12:00:00',15,15),(505542,70,1441100935734,'2015-10-13 12:15:00',15,10),(505543,70,1438757336230,'2015-10-13 12:30:00',15,15),(505544,70,1438757336230,'2015-10-13 12:45:00',15,15),(505545,70,1438757336230,'2015-10-13 13:00:00',15,15),(505546,70,1441100935734,'2015-10-13 13:15:00',15,15),(505547,70,1441100935734,'2015-10-13 13:30:00',15,15),(505548,70,1441100935734,'2015-10-13 13:45:00',15,10),(505549,70,1441100935734,'2015-10-13 14:00:00',30,30),(505550,70,1438757336230,'2015-10-13 14:15:00',30,25),(505551,70,1438757336230,'2015-10-13 14:30:00',30,30),(505552,70,1438757336230,'2015-10-13 14:45:00',30,30),(505553,70,1438757336230,'2015-10-13 15:00:00',30,30),(505554,70,1438757336230,'2015-10-13 15:15:00',30,30),(505555,70,1438757345406,'2015-10-13 15:30:00',30,30),(505556,70,1438757345406,'2015-10-13 15:45:00',30,20),(505557,70,1438757345406,'2015-10-13 16:00:00',30,30),(505558,70,1438757345406,'2015-10-13 16:15:00',30,25),(505559,70,1438757345406,'2015-10-13 16:30:00',30,25),(505560,70,1438757345406,'2015-10-13 16:45:00',30,25),(505561,70,1438757345406,'2015-10-13 17:00:00',30,25),(505562,70,1438757345406,'2015-10-13 17:15:00',30,30),(505563,70,1438757345406,'2015-10-13 17:30:00',30,35),(505564,70,1438757345406,'2015-10-13 17:45:00',30,10),(505565,70,1438757345406,'2015-10-14 09:00:00',30,30),(505566,70,1438757345406,'2015-10-14 09:15:00',30,25),(505567,70,1438757345406,'2015-10-14 09:30:00',30,40),(505568,70,1438757336230,'2015-10-14 09:45:00',30,25),(505569,70,1441100935734,'2015-10-14 10:00:00',30,30),(505570,70,1441100935734,'2015-10-14 10:15:00',30,30),(505571,70,1441100935734,'2015-10-14 10:30:00',30,25),(505572,70,1441100935734,'2015-10-14 10:45:00',30,25),(505573,70,1438757345406,'2015-10-14 11:00:00',30,30),(505574,70,1438757345406,'2015-10-14 11:15:00',30,20),(505575,70,1438757336230,'2015-10-14 11:30:00',30,30),(505576,70,1438757336230,'2015-10-14 11:45:00',30,25),(505577,70,1441100935734,'2015-10-14 12:00:00',15,15),(505578,70,1441100935734,'2015-10-14 12:15:00',15,10),(505579,70,1441100935734,'2015-10-14 12:30:00',15,15),(505580,70,1441100935734,'2015-10-14 12:45:00',15,15),(505581,70,1441100935734,'2015-10-14 13:00:00',15,10),(505582,70,1438757336230,'2015-10-14 13:15:00',15,15),(505583,70,1441100935734,'2015-10-14 13:30:00',15,15),(505584,70,1441100935734,'2015-10-14 13:45:00',15,15),(505585,70,1438757345406,'2015-10-14 14:00:00',30,25),(505586,70,1438757345406,'2015-10-14 14:15:00',30,40),(505587,70,1438757345406,'2015-10-14 14:30:00',30,35),(505588,70,1438757345406,'2015-10-14 14:45:00',30,25),(505589,70,1438757336230,'2015-10-14 15:00:00',30,30),(505590,70,1438757345406,'2015-10-14 15:15:00',30,30),(505591,70,1438757345406,'2015-10-14 15:30:00',30,40),(505592,70,1438757345406,'2015-10-14 15:45:00',30,35),(505593,70,1438757336230,'2015-10-14 16:00:00',30,30),(505594,70,1438757336230,'2015-10-14 16:15:00',30,30),(505595,70,1438757336230,'2015-10-14 16:30:00',30,25),(505596,70,1438757336230,'2015-10-14 16:45:00',30,30),(505597,70,1438757336230,'2015-10-14 17:00:00',30,30),(505598,70,1438757345406,'2015-10-14 17:15:00',30,30),(505599,70,1438757345406,'2015-10-14 17:30:00',30,25),(505600,70,1438757345406,'2015-10-14 17:45:00',30,25),(505601,70,1438757336230,'2015-10-15 09:00:00',30,30),(505602,70,1438757336230,'2015-10-15 09:15:00',30,30),(505603,70,1441100935734,'2015-10-15 09:30:00',30,30),(505604,70,1438757336230,'2015-10-15 09:45:00',30,25),(505605,70,1441100935734,'2015-10-15 10:00:00',30,30),(505606,70,1441100935734,'2015-10-15 10:15:00',30,25),(505607,70,1441100935734,'2015-10-15 10:30:00',30,25),(505608,70,1438757336230,'2015-10-15 10:45:00',30,30),(505609,70,1438757345406,'2015-10-15 11:00:00',30,40),(505610,70,1438757345406,'2015-10-15 11:15:00',30,40),(505611,70,1438757345406,'2015-10-15 11:30:00',30,35),(505612,70,1438757336230,'2015-10-15 11:45:00',30,30),(505613,70,1441100935734,'2015-10-15 12:00:00',15,15),(505614,70,1441100935734,'2015-10-15 12:15:00',15,15),(505615,70,1441100935734,'2015-10-15 12:30:00',15,10),(505616,70,1438757336230,'2015-10-15 12:45:00',15,15),(505617,70,1438757336230,'2015-10-15 13:00:00',15,15),(505618,70,1438757345406,'2015-10-15 13:15:00',15,15),(505619,70,1438757345406,'2015-10-15 13:30:00',15,30),(505620,70,1438757345406,'2015-10-15 13:45:00',15,20),(505621,70,1438757345406,'2015-10-15 14:00:00',30,30),(505622,70,1438757345406,'2015-10-15 14:15:00',30,25),(505623,70,1438757345406,'2015-10-15 14:30:00',30,25),(505624,70,1438757336230,'2015-10-15 14:45:00',30,30),(505625,70,1438757345406,'2015-10-15 15:00:00',30,40),(505626,70,1438757345406,'2015-10-15 15:15:00',30,10),(505627,70,1438757336230,'2015-10-15 15:30:00',30,30),(505628,70,1438757345406,'2015-10-15 15:45:00',30,30),(505629,70,1438757345406,'2015-10-15 16:00:00',30,35),(505630,70,1438757336230,'2015-10-15 16:15:00',30,25),(505631,70,1438757336230,'2015-10-15 16:30:00',30,30),(505632,70,1438757345406,'2015-10-15 16:45:00',30,25),(505633,70,1438757345406,'2015-10-15 17:00:00',30,30),(505634,70,1438757345406,'2015-10-15 17:15:00',30,35),(505635,70,1438757345406,'2015-10-15 17:30:00',30,30),(505636,70,1438757345406,'2015-10-15 17:45:00',30,10),(505637,70,1441100935734,'2015-10-16 09:00:00',30,30),(505638,70,1441100935734,'2015-10-16 09:15:00',30,30),(505639,70,1438757345406,'2015-10-16 09:30:00',30,35),(505640,70,1438757345406,'2015-10-16 09:45:00',30,25),(505641,70,1438757345406,'2015-10-16 10:00:00',30,30),(505642,70,1438757345406,'2015-10-16 10:15:00',30,25),(505643,70,1438757345406,'2015-10-16 10:30:00',30,40),(505644,70,1438757336230,'2015-10-16 10:45:00',30,25),(505645,70,1441100935734,'2015-10-16 11:00:00',30,30),(505646,70,1441100935734,'2015-10-16 11:15:00',30,30),(505647,70,1438757345406,'2015-10-16 11:30:00',30,35),(505648,70,1438757345406,'2015-10-16 11:45:00',30,25),(505649,70,1441100935734,'2015-10-16 12:00:00',15,10),(505650,70,1438757345406,'2015-10-16 12:15:00',15,15),(505651,70,1438757345406,'2015-10-16 12:30:00',15,10),(505652,70,1438757336230,'2015-10-16 12:45:00',15,15),(505653,70,1438757336230,'2015-10-16 13:00:00',15,15),(505654,70,1438757336230,'2015-10-16 13:15:00',15,15),(505655,70,1438757336230,'2015-10-16 13:30:00',15,15),(505656,70,1438757336230,'2015-10-16 13:45:00',15,15),(505657,70,1438757336230,'2015-10-16 14:00:00',30,30),(505658,70,1438757345406,'2015-10-16 14:15:00',30,40),(505659,70,1438757345406,'2015-10-16 14:30:00',30,30),(505660,70,1438757345406,'2015-10-16 14:45:00',30,40),(505661,70,1438757345406,'2015-10-16 15:00:00',30,30),(505662,70,1438757345406,'2015-10-16 15:15:00',30,20),(505663,70,1438757336230,'2015-10-16 15:30:00',30,30),(505664,70,1438757345406,'2015-10-16 15:45:00',30,10),(505665,70,1441100935734,'2015-10-17 09:00:00',30,30),(505666,70,1441100935734,'2015-10-17 09:15:00',30,20),(505667,70,1438757336230,'2015-10-17 09:30:00',30,30),(505668,70,1438757336230,'2015-10-17 09:45:00',30,15),(505669,70,1441100935734,'2015-10-17 10:00:00',30,15),(505670,70,1441100935734,'2015-10-17 10:15:00',30,30),(505671,70,1441100935734,'2015-10-17 10:30:00',30,20),(505672,70,NULL,'2015-10-17 10:45:00',30,0),(505673,70,1438757345406,'2015-10-17 11:00:00',30,30),(505674,70,1438757336230,'2015-10-17 11:15:00',30,30),(505675,70,1438757336230,'2015-10-17 11:30:00',30,25),(505676,70,1438757336230,'2015-10-17 11:45:00',30,30),(505677,70,1438757345406,'2015-10-17 12:00:00',15,15),(505678,70,1438757345406,'2015-10-17 12:15:00',15,10),(505679,70,1438757345406,'2015-10-17 12:30:00',15,15),(505680,70,1438757345406,'2015-10-17 12:45:00',15,10),(505681,70,1438757336230,'2015-10-20 08:00:00',30,30),(505682,70,1438757336230,'2015-10-20 08:15:00',30,25),(505683,70,1438757336230,'2015-10-20 08:30:00',30,30),(505684,70,1438757336230,'2015-10-20 08:45:00',30,30),(505685,70,1438757336230,'2015-10-20 09:00:00',30,30),(505686,70,1438757345406,'2015-10-20 09:15:00',30,30),(505687,70,1438757345406,'2015-10-20 09:30:00',30,40),(505688,70,1438757345406,'2015-10-20 09:45:00',30,35),(505689,70,1438757336230,'2015-10-20 10:00:00',30,30),(505690,70,1438757336230,'2015-10-20 10:15:00',30,30),(505691,70,1438757345406,'2015-10-20 10:30:00',30,45),(505692,70,1438757345406,'2015-10-20 10:45:00',30,30),(505693,70,1441100935734,'2015-10-20 11:00:00',30,30),(505694,70,1438757345406,'2015-10-20 11:15:00',30,25),(505695,70,1438757345406,'2015-10-20 11:30:00',30,30),(505696,70,1438757345406,'2015-10-20 11:45:00',30,20),(505697,70,1438757336230,'2015-10-20 12:00:00',15,15),(505698,70,1438757336230,'2015-10-20 12:15:00',15,15),(505699,70,1441100935734,'2015-10-20 12:30:00',15,15),(505700,70,1441100935734,'2015-10-20 12:45:00',15,10),(505701,70,1441100935734,'2015-10-20 13:00:00',15,15),(505702,70,1441100935734,'2015-10-20 13:15:00',15,10),(505703,70,1438757336230,'2015-10-20 13:30:00',15,15),(505704,70,1438757345406,'2015-10-20 13:45:00',15,15),(505705,70,1438757345406,'2015-10-20 14:00:00',30,25),(505706,70,1438757345406,'2015-10-20 14:15:00',30,25),(505707,70,1441100935734,'2015-10-20 14:30:00',30,25),(505708,70,1438757336230,'2015-10-20 14:45:00',30,30),(505709,70,1441100935734,'2015-10-20 15:00:00',30,25),(505710,70,1438757345406,'2015-10-20 15:15:00',30,25),(505711,70,1438757345406,'2015-10-20 15:30:00',30,30),(505712,70,1438757345406,'2015-10-20 15:45:00',30,20),(505713,70,1438757345406,'2015-10-20 16:00:00',30,30),(505714,70,1438757345406,'2015-10-20 16:15:00',30,25),(505715,70,1438757345406,'2015-10-20 16:30:00',30,25),(505716,70,1438757336230,'2015-10-20 16:45:00',30,40),(505717,70,1438757336230,'2015-10-20 17:00:00',30,30),(505718,70,1438757345406,'2015-10-20 17:15:00',30,30),(505719,70,1438757345406,'2015-10-20 17:30:00',30,35),(505720,70,1438757336230,'2015-10-20 17:45:00',30,15),(505721,70,1438757345406,'2015-10-21 09:00:00',30,45),(505722,70,1438757345406,'2015-10-21 09:15:00',30,30),(505723,70,1438757336230,'2015-10-21 09:30:00',30,30),(505724,70,1438757345406,'2015-10-21 09:45:00',30,40),(505725,70,1438757345406,'2015-10-21 10:00:00',30,35),(505726,70,1438757336230,'2015-10-21 10:15:00',30,25),(505727,70,1438757345406,'2015-10-21 10:30:00',30,30),(505728,70,1438757336230,'2015-10-21 10:45:00',30,25),(505729,70,1438757336230,'2015-10-21 11:00:00',30,30),(505730,70,1438757336230,'2015-10-21 11:15:00',30,30),(505731,70,1438757336230,'2015-10-21 11:30:00',30,30),(505732,70,1438757336230,'2015-10-21 11:45:00',30,25),(505733,70,1438757336230,'2015-10-21 12:00:00',15,15),(505734,70,1438757336230,'2015-10-21 12:15:00',15,15),(505735,70,1438757345406,'2015-10-21 12:30:00',15,15),(505736,70,1438757345406,'2015-10-21 12:45:00',15,25),(505737,70,1438757345406,'2015-10-21 13:00:00',15,10),(505738,70,1438757345406,'2015-10-21 13:15:00',15,15),(505739,70,1438757345406,'2015-10-21 13:30:00',15,15),(505740,70,1438757345406,'2015-10-21 13:45:00',15,10),(505741,70,1441100935734,'2015-10-21 14:00:00',30,30),(505742,70,1441100935734,'2015-10-21 14:15:00',30,30),(505743,70,1441100935734,'2015-10-21 14:30:00',30,20),(505744,70,1438757336230,'2015-10-21 14:45:00',30,30),(505745,70,1438757336230,'2015-10-21 15:00:00',30,30),(505746,70,1438757345406,'2015-10-21 15:15:00',30,30),(505747,70,1438757345406,'2015-10-21 15:30:00',30,35),(505748,70,1438757336230,'2015-10-21 15:45:00',30,30),(505749,70,1441100935734,'2015-10-21 16:00:00',30,30),(505750,70,1441100935734,'2015-10-21 16:15:00',30,35),(505751,70,1441100935734,'2015-10-21 16:30:00',30,30),(505752,70,1441100935734,'2015-10-21 16:45:00',30,20),(505753,70,1441100935734,'2015-10-21 17:00:00',30,30),(505754,70,1441100935734,'2015-10-21 17:15:00',30,25),(505755,70,1441100935734,'2015-10-21 17:30:00',30,25),(505756,70,1438757336230,'2015-10-21 17:45:00',30,25),(505757,70,1438757336230,'2015-10-22 09:00:00',30,30),(505758,70,1438757336230,'2015-10-22 09:15:00',30,30),(505759,70,1441100935734,'2015-10-22 09:30:00',30,25),(505760,70,1438757336230,'2015-10-22 09:45:00',30,25),(505761,70,1438757345406,'2015-10-22 10:00:00',30,30),(505762,70,1438757345406,'2015-10-22 10:15:00',30,25),(505763,70,1438757336230,'2015-10-22 10:30:00',30,25),(505764,70,1438757336230,'2015-10-22 10:45:00',30,30),(505765,70,1438757336230,'2015-10-22 11:00:00',30,30),(505766,70,1441100935734,'2015-10-22 11:15:00',30,25),(505767,70,1438757336230,'2015-10-22 11:30:00',30,30),(505768,70,1441100935734,'2015-10-22 11:45:00',30,25),(505769,70,1441100935734,'2015-10-22 12:00:00',15,10),(505770,70,1438757336230,'2015-10-22 12:15:00',15,15),(505771,70,1438757336230,'2015-10-22 12:30:00',15,15),(505772,70,1438757336230,'2015-10-22 12:45:00',15,15),(505773,70,1438757336230,'2015-10-22 13:00:00',15,15),(505774,70,1441100935734,'2015-10-22 13:15:00',15,15),(505775,70,1441100935734,'2015-10-22 13:30:00',15,15),(505776,70,1441100935734,'2015-10-22 13:45:00',15,10),(505777,70,1441100935734,'2015-10-22 14:00:00',30,30),(505778,70,1438757336230,'2015-10-22 14:15:00',30,25),(505779,70,1438757336230,'2015-10-22 14:30:00',30,30),(505780,70,1438757336230,'2015-10-22 14:45:00',30,25),(505781,70,1438757345406,'2015-10-22 15:00:00',30,30),(505782,70,1438757345406,'2015-10-22 15:15:00',30,35),(505783,70,1438757345406,'2015-10-22 15:30:00',30,30),(505784,70,1438757345406,'2015-10-22 15:45:00',30,30),(505785,70,1438757345406,'2015-10-22 16:00:00',30,40),(505786,70,1438757345406,'2015-10-22 16:15:00',30,40),(505787,70,1438757345406,'2015-10-22 16:30:00',30,35),(505788,70,1438757345406,'2015-10-22 16:45:00',30,25),(505789,70,1438757345406,'2015-10-22 17:00:00',30,25),(505790,70,1438757345406,'2015-10-22 17:15:00',30,30),(505791,70,1438757345406,'2015-10-22 17:30:00',30,40),(505792,70,1438757345406,'2015-10-22 17:45:00',30,20),(505793,70,1441100935734,'2015-10-23 09:00:00',30,30),(505794,70,1441100935734,'2015-10-23 09:15:00',30,25),(505795,70,1438757336230,'2015-10-23 09:30:00',30,30),(505796,70,1438757336230,'2015-10-23 09:45:00',30,25),(505797,70,1438757336230,'2015-10-23 10:00:00',30,30),(505798,70,1441100935734,'2015-10-23 10:15:00',30,25),(505799,70,1441100935734,'2015-10-23 10:30:00',30,25),(505800,70,1438757336230,'2015-10-23 10:45:00',30,25),(505801,70,1441100935734,'2015-10-23 11:00:00',30,30),(505802,70,1441100935734,'2015-10-23 11:15:00',30,20),(505803,70,1438757336230,'2015-10-23 11:30:00',30,30),(505804,70,1438757336230,'2015-10-23 11:45:00',30,30),(505805,70,1438757345406,'2015-10-23 12:00:00',15,15),(505806,70,1438757345406,'2015-10-23 12:15:00',15,10),(505807,70,1438757336230,'2015-10-23 12:30:00',15,15),(505808,70,1438757345406,'2015-10-23 12:45:00',15,15),(505809,70,1438757345406,'2015-10-23 13:00:00',15,25),(505810,70,1438757345406,'2015-10-23 13:15:00',15,10),(505811,70,1438757336230,'2015-10-23 13:30:00',15,15),(505812,70,1438757345406,'2015-10-23 13:45:00',15,15),(505813,70,1438757345406,'2015-10-23 14:00:00',30,40),(505814,70,1438757336230,'2015-10-23 14:15:00',30,25),(505815,70,1438757345406,'2015-10-23 14:30:00',30,30),(505816,70,1438757345406,'2015-10-23 14:45:00',30,20),(505817,70,1438757345406,'2015-10-23 15:00:00',30,30),(505818,70,1438757345406,'2015-10-23 15:15:00',30,25),(505819,70,1438757345406,'2015-10-23 15:30:00',30,25),(505820,70,1438757345406,'2015-10-23 15:45:00',30,10),(505821,70,1441100935734,'2015-10-24 09:00:00',30,30),(505822,70,1441100935734,'2015-10-24 09:15:00',30,25),(505823,70,1438757345406,'2015-10-24 09:30:00',30,25),(505824,70,1438757345406,'2015-10-24 09:45:00',30,10),(505825,70,1438757336230,'2015-10-24 10:00:00',30,30),(505826,70,1438757336230,'2015-10-24 10:15:00',30,30),(505827,70,1438757336230,'2015-10-24 10:30:00',30,30),(505828,70,1438757345406,'2015-10-24 10:45:00',30,30),(505829,70,1438757345406,'2015-10-24 11:00:00',30,10),(505830,70,NULL,'2015-10-24 11:15:00',30,0),(505831,70,1438757345406,'2015-10-24 11:30:00',30,15),(505832,70,1438757345406,'2015-10-24 11:45:00',30,10),(505833,70,NULL,'2015-10-24 12:00:00',15,0),(505834,70,NULL,'2015-10-24 12:15:00',15,0),(505835,70,1441100935734,'2015-10-24 12:30:00',15,15),(505836,70,1441100935734,'2015-10-24 12:45:00',15,10),(505837,71,1438757336230,'2015-10-13 08:00:00',30,30),(505838,71,1438757336230,'2015-10-13 08:15:00',30,30),(505839,71,1438757345406,'2015-10-13 08:30:00',30,30),(505840,71,1438757345406,'2015-10-13 08:45:00',30,25),(505841,71,1438757336230,'2015-10-13 09:00:00',30,30),(505842,71,1438757336230,'2015-10-13 09:15:00',30,30),(505843,71,1438757336230,'2015-10-13 09:30:00',30,30),(505844,71,1438757336230,'2015-10-13 09:45:00',30,30),(505845,71,1438757336230,'2015-10-13 10:00:00',30,30),(505846,71,1438757336230,'2015-10-13 10:15:00',30,30),(505847,71,1441100935734,'2015-10-13 10:30:00',30,30),(505848,71,1438757345406,'2015-10-13 10:45:00',30,30),(505849,71,1438757345406,'2015-10-13 11:00:00',30,20),(505850,71,1441100935734,'2015-10-13 11:15:00',30,30),(505851,71,1441100935734,'2015-10-13 11:30:00',30,25),(505852,71,1441100935734,'2015-10-13 11:45:00',30,25),(505853,71,1441100935734,'2015-10-13 12:00:00',15,10),(505854,71,NULL,'2015-10-13 12:15:00',15,0),(505855,71,1438757336230,'2015-10-13 12:30:00',15,15),(505856,71,1438757336230,'2015-10-13 12:45:00',15,15),(505857,71,NULL,'2015-10-13 13:00:00',15,0),(505858,71,1438757336230,'2015-10-13 13:15:00',15,15),(505859,71,1438757336230,'2015-10-13 13:30:00',15,15),(505860,71,1438757345406,'2015-10-13 13:45:00',15,15),(505861,71,1438757345406,'2015-10-13 14:00:00',30,30),(505862,71,1438757345406,'2015-10-13 14:15:00',30,25),(505863,71,1438757345406,'2015-10-13 14:30:00',30,25),(505864,71,1441100935734,'2015-10-13 14:45:00',30,30),(505865,71,1441100935734,'2015-10-13 15:00:00',30,25),(505866,71,1438757345406,'2015-10-13 15:15:00',30,25),(505867,71,1438757345406,'2015-10-13 15:30:00',30,25),(505868,71,1441100935734,'2015-10-13 15:45:00',30,25),(505869,71,1441100935734,'2015-10-13 16:00:00',30,25),(505870,71,1438757345406,'2015-10-13 16:15:00',30,25),(505871,71,1438757345406,'2015-10-13 16:30:00',30,30),(505872,71,1438757345406,'2015-10-13 16:45:00',30,25),(505873,71,1441100935734,'2015-10-13 17:00:00',30,25),(505874,71,1438757345406,'2015-10-13 17:15:00',30,30),(505875,71,1438757345406,'2015-10-13 17:30:00',30,25),(505876,71,1441100935734,'2015-10-13 17:45:00',30,25),(505877,71,1438757345406,'2015-10-13 18:00:00',30,40),(505878,71,1438757345406,'2015-10-13 18:15:00',30,30),(505879,71,1438757345406,'2015-10-13 18:30:00',30,35),(505880,71,1441100935734,'2015-10-13 18:45:00',30,30),(505881,71,1441100935734,'2015-10-13 19:00:00',30,15),(505882,71,1441100935734,'2015-10-13 19:15:00',30,25),(505883,71,1441100935734,'2015-10-13 19:30:00',30,30),(505884,71,1441100935734,'2015-10-13 19:45:00',30,10),(505885,71,1438757336230,'2015-10-14 09:00:00',30,30),(505886,71,1438757336230,'2015-10-14 09:15:00',30,30),(505887,71,1438757336230,'2015-10-14 09:30:00',30,30),(505888,71,1438757336230,'2015-10-14 09:45:00',30,30),(505889,71,1438757336230,'2015-10-14 10:00:00',30,30),(505890,71,1438757336230,'2015-10-14 10:15:00',30,30),(505891,71,1438757336230,'2015-10-14 10:30:00',30,30),(505892,71,1438757345406,'2015-10-14 10:45:00',30,30),(505893,71,1438757345406,'2015-10-14 11:00:00',30,25),(505894,71,1438757345406,'2015-10-14 11:15:00',30,30),(505895,71,1438757345406,'2015-10-14 11:30:00',30,25),(505896,71,1441100935734,'2015-10-14 11:45:00',30,25),(505897,71,1441100935734,'2015-10-14 12:00:00',15,10),(505898,71,1441100935734,'2015-10-14 12:15:00',15,15),(505899,71,1441100935734,'2015-10-14 12:30:00',15,15),(505900,71,1441100935734,'2015-10-14 12:45:00',15,10),(505901,71,NULL,'2015-10-14 13:00:00',15,0),(505902,71,NULL,'2015-10-14 13:15:00',15,0),(505903,71,1438757336230,'2015-10-14 13:30:00',15,15),(505904,71,1438757336230,'2015-10-14 13:45:00',15,15),(505905,71,1441100935734,'2015-10-14 14:00:00',30,30),(505906,71,1441100935734,'2015-10-14 14:15:00',30,30),(505907,71,1441100935734,'2015-10-14 14:30:00',30,20),(505908,71,1441100935734,'2015-10-14 14:45:00',30,15),(505909,71,1441100935734,'2015-10-14 15:00:00',30,15),(505910,71,1441100935734,'2015-10-14 15:15:00',30,10),(505911,71,1438757345406,'2015-10-14 15:30:00',30,10),(505912,71,NULL,'2015-10-14 15:45:00',30,0),(505913,71,NULL,'2015-10-14 16:00:00',30,0),(505914,71,NULL,'2015-10-14 16:15:00',30,0),(505915,71,1441100935734,'2015-10-14 16:30:00',30,15),(505916,71,1441100935734,'2015-10-14 16:45:00',30,15),(505917,71,1441100935734,'2015-10-14 17:00:00',30,10),(505918,71,1441100935734,'2015-10-14 17:15:00',30,30),(505919,71,1441100935734,'2015-10-14 17:30:00',30,30),(505920,71,1441100935734,'2015-10-14 17:45:00',30,10),(505921,71,1438757336230,'2015-10-15 09:00:00',30,30),(505922,71,1438757336230,'2015-10-15 09:15:00',30,30),(505923,71,1438757336230,'2015-10-15 09:30:00',30,30),(505924,71,1438757336230,'2015-10-15 09:45:00',30,30),(505925,71,1438757336230,'2015-10-15 10:00:00',30,30),(505926,71,1438757336230,'2015-10-15 10:15:00',30,30),(505927,71,1438757336230,'2015-10-15 10:30:00',30,30),(505928,71,1438757336230,'2015-10-15 10:45:00',30,30),(505929,71,1438757345406,'2015-10-15 11:00:00',30,30),(505930,71,1438757345406,'2015-10-15 11:15:00',30,25),(505931,71,1438757345406,'2015-10-15 11:30:00',30,25),(505932,71,1438757345406,'2015-10-15 11:45:00',30,15),(505933,71,1438757345406,'2015-10-15 12:00:00',15,10),(505934,71,1441100935734,'2015-10-15 12:15:00',15,15),(505935,71,1441100935734,'2015-10-15 12:30:00',15,15),(505936,71,1441100935734,'2015-10-15 12:45:00',15,10),(505937,71,1438757336230,'2015-10-15 13:00:00',15,15),(505938,71,1441100935734,'2015-10-15 13:15:00',15,15),(505939,71,1441100935734,'2015-10-15 13:30:00',15,15),(505940,71,1441100935734,'2015-10-15 13:45:00',15,10),(505941,71,1441100935734,'2015-10-15 14:00:00',30,30),(505942,71,1441100935734,'2015-10-15 14:15:00',30,30),(505943,71,1441100935734,'2015-10-15 14:30:00',30,25),(505944,71,1441100935734,'2015-10-15 14:45:00',30,25),(505945,71,1441100935734,'2015-10-15 15:00:00',30,25),(505946,71,1438757336230,'2015-10-15 15:15:00',30,15),(505947,71,NULL,'2015-10-15 15:30:00',30,0),(505948,71,NULL,'2015-10-15 15:45:00',30,0),(505949,71,1438757345406,'2015-10-15 16:00:00',30,30),(505950,71,1438757345406,'2015-10-15 16:15:00',30,30),(505951,71,1438757345406,'2015-10-15 16:30:00',30,20),(505952,71,NULL,'2015-10-15 16:45:00',30,0),(505953,71,NULL,'2015-10-15 17:00:00',30,0),(505954,71,NULL,'2015-10-15 17:15:00',30,0),(505955,71,NULL,'2015-10-15 17:30:00',30,0),(505956,71,NULL,'2015-10-15 17:45:00',30,0),(505957,71,NULL,'2015-10-15 18:00:00',30,0),(505958,71,NULL,'2015-10-15 18:15:00',30,0),(505959,71,NULL,'2015-10-15 18:30:00',30,0),(505960,71,NULL,'2015-10-15 18:45:00',30,0),(505961,71,NULL,'2015-10-15 19:00:00',30,0),(505962,71,NULL,'2015-10-15 19:15:00',30,0),(505963,71,1438757336230,'2015-10-15 19:30:00',30,15),(505964,71,1438757336230,'2015-10-15 19:45:00',30,15),(505965,71,1438757336230,'2015-10-16 09:00:00',30,30),(505966,71,1438757336230,'2015-10-16 09:15:00',30,30),(505967,71,1438757336230,'2015-10-16 09:30:00',30,30),(505968,71,1438757336230,'2015-10-16 09:45:00',30,30),(505969,71,1438757336230,'2015-10-16 10:00:00',30,30),(505970,71,1438757336230,'2015-10-16 10:15:00',30,30),(505971,71,1441100935734,'2015-10-16 10:30:00',30,30),(505972,71,1441100935734,'2015-10-16 10:45:00',30,25),(505973,71,1441100935734,'2015-10-16 11:00:00',30,30),(505974,71,1441100935734,'2015-10-16 11:15:00',30,30),(505975,71,1441100935734,'2015-10-16 11:30:00',30,20),(505976,71,NULL,'2015-10-16 11:45:00',30,0),(505977,71,NULL,'2015-10-16 12:00:00',15,0),(505978,71,NULL,'2015-10-16 12:15:00',15,0),(505979,71,NULL,'2015-10-16 12:30:00',15,0),(505980,71,NULL,'2015-10-16 12:45:00',15,0),(505981,71,NULL,'2015-10-16 13:00:00',15,0),(505982,71,NULL,'2015-10-16 13:15:00',15,0),(505983,71,NULL,'2015-10-16 13:30:00',15,0),(505984,71,NULL,'2015-10-16 13:45:00',15,0),(505985,71,1441100935734,'2015-10-16 14:00:00',30,15),(505986,71,1441100935734,'2015-10-16 14:15:00',30,15),(505987,71,1441100935734,'2015-10-16 14:30:00',30,10),(505988,71,NULL,'2015-10-16 14:45:00',30,0),(505989,71,1441100935734,'2015-10-16 15:00:00',30,15),(505990,71,1441100935734,'2015-10-16 15:15:00',30,15),(505991,71,1441100935734,'2015-10-16 15:30:00',30,10),(505992,71,NULL,'2015-10-16 15:45:00',30,0),(505993,71,NULL,'2015-10-17 09:00:00',30,0),(505994,71,1438757336230,'2015-10-17 09:15:00',30,15),(505995,71,1438757336230,'2015-10-17 09:30:00',30,30),(505996,71,1438757345406,'2015-10-17 09:45:00',30,15),(505997,71,1438757345406,'2015-10-17 10:00:00',30,25),(505998,71,1438757345406,'2015-10-17 10:15:00',30,25),(505999,71,1438757345406,'2015-10-17 10:30:00',30,10),(506000,71,1438757336230,'2015-10-17 10:45:00',30,30),(506001,71,1438757336230,'2015-10-17 11:00:00',30,30),(506002,71,1441100935734,'2015-10-17 11:15:00',30,15),(506003,71,1441100935734,'2015-10-17 11:30:00',30,15),(506004,71,1441100935734,'2015-10-17 11:45:00',30,10),(506005,71,1441100935734,'2015-10-17 12:00:00',15,15),(506006,71,1441100935734,'2015-10-17 12:15:00',15,10),(506007,71,NULL,'2015-10-17 12:30:00',15,0),(506008,71,NULL,'2015-10-17 12:45:00',15,0),(506009,71,1438757336230,'2015-10-20 08:00:00',30,30),(506010,71,1438757336230,'2015-10-20 08:15:00',30,30),(506011,71,1438757336230,'2015-10-20 08:30:00',30,15),(506012,71,1438757336230,'2015-10-20 08:45:00',30,30),(506013,71,1438757336230,'2015-10-20 09:00:00',30,30),(506014,71,1438757336230,'2015-10-20 09:15:00',30,30),(506015,71,1438757336230,'2015-10-20 09:30:00',30,30),(506016,71,1438757336230,'2015-10-20 09:45:00',30,30),(506017,71,1438757336230,'2015-10-20 10:00:00',30,30),(506018,71,1438757336230,'2015-10-20 10:15:00',30,30),(506019,71,1438757336230,'2015-10-20 10:30:00',30,30),(506020,71,1438757336230,'2015-10-20 10:45:00',30,30),(506021,71,1438757336230,'2015-10-20 11:00:00',30,30),(506022,71,1438757336230,'2015-10-20 11:15:00',30,15),(506023,71,NULL,'2015-10-20 11:30:00',30,0),(506024,71,NULL,'2015-10-20 11:45:00',30,0),(506025,71,NULL,'2015-10-20 12:00:00',15,0),(506026,71,NULL,'2015-10-20 12:15:00',15,0),(506027,71,NULL,'2015-10-20 12:30:00',15,0),(506028,71,NULL,'2015-10-20 12:45:00',15,0),(506029,71,NULL,'2015-10-20 13:00:00',15,0),(506030,71,NULL,'2015-10-20 13:15:00',15,0),(506031,71,NULL,'2015-10-20 13:30:00',15,0),(506032,71,NULL,'2015-10-20 13:45:00',15,0),(506033,71,NULL,'2015-10-20 14:00:00',30,0),(506034,71,NULL,'2015-10-20 14:15:00',30,0),(506035,71,NULL,'2015-10-20 14:30:00',30,0),(506036,71,NULL,'2015-10-20 14:45:00',30,0),(506037,71,NULL,'2015-10-20 15:00:00',30,0),(506038,71,NULL,'2015-10-20 15:15:00',30,0),(506039,71,NULL,'2015-10-20 15:30:00',30,0),(506040,71,NULL,'2015-10-20 15:45:00',30,0),(506041,71,NULL,'2015-10-20 16:00:00',30,0),(506042,71,NULL,'2015-10-20 16:15:00',30,0),(506043,71,NULL,'2015-10-20 16:30:00',30,0),(506044,71,NULL,'2015-10-20 16:45:00',30,0),(506045,71,NULL,'2015-10-20 17:00:00',30,0),(506046,71,NULL,'2015-10-20 17:15:00',30,0),(506047,71,NULL,'2015-10-20 17:30:00',30,0),(506048,71,NULL,'2015-10-20 17:45:00',30,0),(506049,71,NULL,'2015-10-20 18:00:00',30,0),(506050,71,NULL,'2015-10-20 18:15:00',30,0),(506051,71,NULL,'2015-10-20 18:30:00',30,0),(506052,71,NULL,'2015-10-20 18:45:00',30,0),(506053,71,NULL,'2015-10-20 19:00:00',30,0),(506054,71,NULL,'2015-10-20 19:15:00',30,0),(506055,71,NULL,'2015-10-20 19:30:00',30,0),(506056,71,NULL,'2015-10-20 19:45:00',30,0),(506057,71,1438757336230,'2015-10-21 09:00:00',30,30),(506058,71,1438757336230,'2015-10-21 09:15:00',30,30),(506059,71,1438757336230,'2015-10-21 09:30:00',30,30),(506060,71,1438757336230,'2015-10-21 09:45:00',30,30),(506061,71,1438757336230,'2015-10-21 10:00:00',30,30),(506062,71,1438757336230,'2015-10-21 10:15:00',30,30),(506063,71,1438757336230,'2015-10-21 10:30:00',30,30),(506064,71,1438757336230,'2015-10-21 10:45:00',30,30),(506065,71,1438757336230,'2015-10-21 11:00:00',30,30),(506066,71,1438757336230,'2015-10-21 11:15:00',30,15),(506067,71,NULL,'2015-10-21 11:30:00',30,0),(506068,71,NULL,'2015-10-21 11:45:00',30,0),(506069,71,NULL,'2015-10-21 12:00:00',15,0),(506070,71,NULL,'2015-10-21 12:15:00',15,0),(506071,71,NULL,'2015-10-21 12:30:00',15,0),(506072,71,NULL,'2015-10-21 12:45:00',15,0),(506073,71,NULL,'2015-10-21 13:00:00',15,0),(506074,71,NULL,'2015-10-21 13:15:00',15,0),(506075,71,NULL,'2015-10-21 13:30:00',15,0),(506076,71,NULL,'2015-10-21 13:45:00',15,0),(506077,71,NULL,'2015-10-21 14:00:00',30,0),(506078,71,NULL,'2015-10-21 14:15:00',30,0),(506079,71,NULL,'2015-10-21 14:30:00',30,0),(506080,71,NULL,'2015-10-21 14:45:00',30,0),(506081,71,NULL,'2015-10-21 15:00:00',30,0),(506082,71,NULL,'2015-10-21 15:15:00',30,0),(506083,71,NULL,'2015-10-21 15:30:00',30,0),(506084,71,NULL,'2015-10-21 15:45:00',30,0),(506085,71,NULL,'2015-10-21 16:00:00',30,0),(506086,71,NULL,'2015-10-21 16:15:00',30,0),(506087,71,NULL,'2015-10-21 16:30:00',30,0),(506088,71,NULL,'2015-10-21 16:45:00',30,0),(506089,71,NULL,'2015-10-21 17:00:00',30,0),(506090,71,NULL,'2015-10-21 17:15:00',30,0),(506091,71,NULL,'2015-10-21 17:30:00',30,0),(506092,71,NULL,'2015-10-21 17:45:00',30,0),(506093,71,1438757336230,'2015-10-22 09:00:00',30,15),(506094,71,1438757336230,'2015-10-22 09:15:00',30,30),(506095,71,1438757336230,'2015-10-22 09:30:00',30,30),(506096,71,1438757336230,'2015-10-22 09:45:00',30,30),(506097,71,1438757336230,'2015-10-22 10:00:00',30,30),(506098,71,1438757336230,'2015-10-22 10:15:00',30,30),(506099,71,1438757336230,'2015-10-22 10:30:00',30,30),(506100,71,1438757336230,'2015-10-22 10:45:00',30,30),(506101,71,1438757336230,'2015-10-22 11:00:00',30,30),(506102,71,1438757336230,'2015-10-22 11:15:00',30,30),(506103,71,1438757336230,'2015-10-22 11:30:00',30,30),(506104,71,1438757336230,'2015-10-22 11:45:00',30,30),(506105,71,NULL,'2015-10-22 12:00:00',15,0),(506106,71,NULL,'2015-10-22 12:15:00',15,0),(506107,71,NULL,'2015-10-22 12:30:00',15,0),(506108,71,NULL,'2015-10-22 12:45:00',15,0),(506109,71,NULL,'2015-10-22 13:00:00',15,0),(506110,71,NULL,'2015-10-22 13:15:00',15,0),(506111,71,NULL,'2015-10-22 13:30:00',15,0),(506112,71,NULL,'2015-10-22 13:45:00',15,0),(506113,71,1438757336230,'2015-10-22 14:00:00',30,15),(506114,71,NULL,'2015-10-22 14:15:00',30,0),(506115,71,NULL,'2015-10-22 14:30:00',30,0),(506116,71,NULL,'2015-10-22 14:45:00',30,0),(506117,71,NULL,'2015-10-22 15:00:00',30,0),(506118,71,NULL,'2015-10-22 15:15:00',30,0),(506119,71,NULL,'2015-10-22 15:30:00',30,0),(506120,71,NULL,'2015-10-22 15:45:00',30,0),(506121,71,NULL,'2015-10-22 16:00:00',30,0),(506122,71,NULL,'2015-10-22 16:15:00',30,0),(506123,71,NULL,'2015-10-22 16:30:00',30,0),(506124,71,NULL,'2015-10-22 16:45:00',30,0),(506125,71,NULL,'2015-10-22 17:00:00',30,0),(506126,71,NULL,'2015-10-22 17:15:00',30,0),(506127,71,NULL,'2015-10-22 17:30:00',30,0),(506128,71,NULL,'2015-10-22 17:45:00',30,0),(506129,71,NULL,'2015-10-22 18:00:00',30,0),(506130,71,NULL,'2015-10-22 18:15:00',30,0),(506131,71,NULL,'2015-10-22 18:30:00',30,0),(506132,71,NULL,'2015-10-22 18:45:00',30,0),(506133,71,NULL,'2015-10-22 19:00:00',30,0),(506134,71,NULL,'2015-10-22 19:15:00',30,0),(506135,71,NULL,'2015-10-22 19:30:00',30,0),(506136,71,NULL,'2015-10-22 19:45:00',30,0),(506137,71,1438757336230,'2015-10-23 09:00:00',30,30),(506138,71,1438757336230,'2015-10-23 09:15:00',30,30),(506139,71,1438757336230,'2015-10-23 09:30:00',30,30),(506140,71,1438757336230,'2015-10-23 09:45:00',30,30),(506141,71,1438757336230,'2015-10-23 10:00:00',30,30),(506142,71,1438757336230,'2015-10-23 10:15:00',30,30),(506143,71,1438757336230,'2015-10-23 10:30:00',30,30),(506144,71,NULL,'2015-10-23 10:45:00',30,0),(506145,71,NULL,'2015-10-23 11:00:00',30,0),(506146,71,NULL,'2015-10-23 11:15:00',30,0),(506147,71,NULL,'2015-10-23 11:30:00',30,0),(506148,71,NULL,'2015-10-23 11:45:00',30,0),(506149,71,NULL,'2015-10-23 12:00:00',15,0),(506150,71,NULL,'2015-10-23 12:15:00',15,0),(506151,71,NULL,'2015-10-23 12:30:00',15,0),(506152,71,NULL,'2015-10-23 12:45:00',15,0),(506153,71,NULL,'2015-10-23 13:00:00',15,0),(506154,71,NULL,'2015-10-23 13:15:00',15,0),(506155,71,NULL,'2015-10-23 13:30:00',15,0),(506156,71,NULL,'2015-10-23 13:45:00',15,0),(506157,71,NULL,'2015-10-23 14:00:00',30,0),(506158,71,NULL,'2015-10-23 14:15:00',30,0),(506159,71,NULL,'2015-10-23 14:30:00',30,0),(506160,71,NULL,'2015-10-23 14:45:00',30,0),(506161,71,NULL,'2015-10-23 15:00:00',30,0),(506162,71,NULL,'2015-10-23 15:15:00',30,0),(506163,71,NULL,'2015-10-23 15:30:00',30,0),(506164,71,NULL,'2015-10-23 15:45:00',30,0),(506165,71,1438757336230,'2015-10-24 09:00:00',30,30),(506166,71,1438757336230,'2015-10-24 09:15:00',30,30),(506167,71,1438757336230,'2015-10-24 09:30:00',30,30),(506168,71,1438757336230,'2015-10-24 09:45:00',30,15),(506169,71,NULL,'2015-10-24 10:00:00',30,0),(506170,71,1441100935734,'2015-10-24 10:15:00',30,15),(506171,71,1441100935734,'2015-10-24 10:30:00',30,15),(506172,71,1441100935734,'2015-10-24 10:45:00',30,10),(506173,71,NULL,'2015-10-24 11:00:00',30,0),(506174,71,NULL,'2015-10-24 11:15:00',30,0),(506175,71,NULL,'2015-10-24 11:30:00',30,0),(506176,71,NULL,'2015-10-24 11:45:00',30,0),(506177,71,NULL,'2015-10-24 12:00:00',15,0),(506178,71,NULL,'2015-10-24 12:15:00',15,0),(506179,71,NULL,'2015-10-24 12:30:00',15,0),(506180,71,NULL,'2015-10-24 12:45:00',15,0),(506181,73,1438757336230,'2015-10-13 08:00:00',30,30),(506182,73,1438757336230,'2015-10-13 08:15:00',30,30),(506183,73,1441100935734,'2015-10-13 08:30:00',30,30),(506184,73,1438757336230,'2015-10-13 08:45:00',30,25),(506185,73,1438757336230,'2015-10-13 09:00:00',30,30),(506186,73,1441100935734,'2015-10-13 09:15:00',30,30),(506187,73,1441100935734,'2015-10-13 09:30:00',30,20),(506188,73,1438757336230,'2015-10-13 09:45:00',30,30),(506189,73,1438757345406,'2015-10-13 10:00:00',30,30),(506190,73,1438757345406,'2015-10-13 10:15:00',30,25),(506191,73,1438757345406,'2015-10-13 10:30:00',30,25),(506192,73,1441100935734,'2015-10-13 10:45:00',30,25),(506193,73,1441100935734,'2015-10-13 11:00:00',30,30),(506194,73,1441100935734,'2015-10-13 11:15:00',30,25),(506195,73,1438757336230,'2015-10-13 11:30:00',30,30),(506196,73,1438757336230,'2015-10-13 11:45:00',30,30),(506197,73,1438757345406,'2015-10-13 12:00:00',15,15),(506198,73,1438757345406,'2015-10-13 12:15:00',15,15),(506199,73,1438757345406,'2015-10-13 12:30:00',15,10),(506200,73,1438757336230,'2015-10-13 12:45:00',15,15),(506201,73,1438757336230,'2015-10-13 13:00:00',15,15),(506202,73,1441100935734,'2015-10-13 13:15:00',15,15),(506203,73,1441100935734,'2015-10-13 13:30:00',15,15),(506204,73,1441100935734,'2015-10-13 13:45:00',15,10),(506205,73,1438757336230,'2015-10-13 14:00:00',30,30),(506206,73,1438757345406,'2015-10-13 14:15:00',30,30),(506207,73,1438757345406,'2015-10-13 14:30:00',30,20),(506208,73,1441100935734,'2015-10-13 14:45:00',30,30),(506209,73,1441100935734,'2015-10-13 15:00:00',30,25),(506210,73,1441100935734,'2015-10-13 15:15:00',30,25),(506211,73,1438757336230,'2015-10-13 15:30:00',30,30),(506212,73,1441100935734,'2015-10-13 15:45:00',30,25),(506213,73,1441100935734,'2015-10-13 16:00:00',30,25),(506214,73,1441100935734,'2015-10-13 16:15:00',30,25),(506215,73,1441100935734,'2015-10-13 16:30:00',30,25),(506216,73,1438757336230,'2015-10-13 16:45:00',30,25),(506217,73,1438757336230,'2015-10-13 17:00:00',30,30),(506218,73,1438757345406,'2015-10-13 17:15:00',30,30),(506219,73,1438757336230,'2015-10-13 17:30:00',30,35),(506220,73,1438757336230,'2015-10-13 17:45:00',30,15),(506221,73,NULL,'2015-10-13 18:00:00',30,0),(506222,73,NULL,'2015-10-13 18:15:00',30,0),(506223,73,NULL,'2015-10-13 18:30:00',30,0),(506224,73,NULL,'2015-10-13 18:45:00',30,0),(506225,73,NULL,'2015-10-13 19:00:00',30,0),(506226,73,NULL,'2015-10-13 19:15:00',30,0),(506227,73,NULL,'2015-10-13 19:30:00',30,0),(506228,73,NULL,'2015-10-13 19:45:00',30,0),(506229,73,1438757336230,'2015-10-14 09:00:00',30,15),(506230,73,1438757336230,'2015-10-14 09:15:00',30,30),(506231,73,1438757336230,'2015-10-14 09:30:00',30,30),(506232,73,1438757336230,'2015-10-14 09:45:00',30,25),(506233,73,1438757336230,'2015-10-14 10:00:00',30,30),(506234,73,1438757336230,'2015-10-14 10:15:00',30,30),(506235,73,1441100935734,'2015-10-14 10:30:00',30,30),(506236,73,1441100935734,'2015-10-14 10:45:00',30,25),(506237,73,1441100935734,'2015-10-14 11:00:00',30,25),(506238,73,1438757336230,'2015-10-14 11:15:00',30,30),(506239,73,1438757336230,'2015-10-14 11:30:00',30,30),(506240,73,1438757336230,'2015-10-14 11:45:00',30,15),(506241,73,1438757345406,'2015-10-14 12:00:00',15,15),(506242,73,1438757345406,'2015-10-14 12:15:00',15,15),(506243,73,1438757345406,'2015-10-14 12:30:00',15,10),(506244,73,1438757345406,'2015-10-14 12:45:00',15,15),(506245,73,1438757345406,'2015-10-14 13:00:00',15,10),(506246,73,1441100935734,'2015-10-14 13:15:00',15,15),(506247,73,1441100935734,'2015-10-14 13:30:00',15,10),(506248,73,1438757336230,'2015-10-14 13:45:00',15,15),(506249,73,1438757336230,'2015-10-14 14:00:00',30,30),(506250,73,1441100935734,'2015-10-14 14:15:00',30,30),(506251,73,1441100935734,'2015-10-14 14:30:00',30,25),(506252,73,1441100935734,'2015-10-14 14:45:00',30,10),(506253,73,1441100935734,'2015-10-14 15:00:00',30,30),(506254,73,1441100935734,'2015-10-14 15:15:00',30,30),(506255,73,1441100935734,'2015-10-14 15:30:00',30,20),(506256,73,NULL,'2015-10-14 15:45:00',30,0),(506257,73,1438757345406,'2015-10-14 16:00:00',30,15),(506258,73,1438757345406,'2015-10-14 16:15:00',30,15),(506259,73,1438757345406,'2015-10-14 16:30:00',30,10),(506260,73,NULL,'2015-10-14 16:45:00',30,0),(506261,73,NULL,'2015-10-14 17:00:00',30,0),(506262,73,NULL,'2015-10-14 17:15:00',30,0),(506263,73,NULL,'2015-10-14 17:30:00',30,0),(506264,73,NULL,'2015-10-14 17:45:00',30,0),(506265,73,1438757345406,'2015-10-15 09:00:00',30,30),(506266,73,1438757345406,'2015-10-15 09:15:00',30,20),(506267,73,1438757336230,'2015-10-15 09:30:00',30,30),(506268,73,1438757336230,'2015-10-15 09:45:00',30,25),(506269,73,1438757336230,'2015-10-15 10:00:00',30,30),(506270,73,1438757336230,'2015-10-15 10:15:00',30,30),(506271,73,1441100935734,'2015-10-15 10:30:00',30,30),(506272,73,1438757336230,'2015-10-15 10:45:00',30,30),(506273,73,1441100935734,'2015-10-15 11:00:00',30,25),(506274,73,1441100935734,'2015-10-15 11:15:00',30,30),(506275,73,1438757336230,'2015-10-15 11:30:00',30,30),(506276,73,1438757336230,'2015-10-15 11:45:00',30,25),(506277,73,1438757345406,'2015-10-15 12:00:00',15,15),(506278,73,1438757345406,'2015-10-15 12:15:00',15,10),(506279,73,1438757336230,'2015-10-15 12:30:00',15,15),(506280,73,1438757336230,'2015-10-15 12:45:00',15,15),(506281,73,1438757336230,'2015-10-15 13:00:00',15,15),(506282,73,1438757336230,'2015-10-15 13:15:00',15,15),(506283,73,1438757336230,'2015-10-15 13:30:00',15,15),(506284,73,NULL,'2015-10-15 13:45:00',15,0),(506285,73,1441100935734,'2015-10-15 14:00:00',30,30),(506286,73,1441100935734,'2015-10-15 14:15:00',30,30),(506287,73,1441100935734,'2015-10-15 14:30:00',30,20),(506288,73,1441100935734,'2015-10-15 14:45:00',30,30),(506289,73,1441100935734,'2015-10-15 15:00:00',30,30),(506290,73,1441100935734,'2015-10-15 15:15:00',30,20),(506291,73,1438757336230,'2015-10-15 15:30:00',30,30),(506292,73,1438757336230,'2015-10-15 15:45:00',30,30),(506293,73,1438757336230,'2015-10-15 16:00:00',30,25),(506294,73,1438757336230,'2015-10-15 16:15:00',30,30),(506295,73,1438757345406,'2015-10-15 16:30:00',30,15),(506296,73,1438757345406,'2015-10-15 16:45:00',30,10),(506297,73,NULL,'2015-10-15 17:00:00',30,0),(506298,73,NULL,'2015-10-15 17:15:00',30,0),(506299,73,NULL,'2015-10-15 17:30:00',30,0),(506300,73,NULL,'2015-10-15 17:45:00',30,0),(506301,73,NULL,'2015-10-15 18:00:00',30,0),(506302,73,NULL,'2015-10-15 18:15:00',30,0),(506303,73,NULL,'2015-10-15 18:30:00',30,0),(506304,73,NULL,'2015-10-15 18:45:00',30,0),(506305,73,NULL,'2015-10-15 19:00:00',30,0),(506306,73,NULL,'2015-10-15 19:15:00',30,0),(506307,73,NULL,'2015-10-15 19:30:00',30,0),(506308,73,NULL,'2015-10-15 19:45:00',30,0),(506309,73,1438757336230,'2015-10-16 09:00:00',30,30),(506310,73,1438757336230,'2015-10-16 09:15:00',30,25),(506311,73,1441100935734,'2015-10-16 09:30:00',30,30),(506312,73,1441100935734,'2015-10-16 09:45:00',30,25),(506313,73,1438757336230,'2015-10-16 10:00:00',30,30),(506314,73,1438757336230,'2015-10-16 10:15:00',30,30),(506315,73,NULL,'2015-10-16 10:30:00',30,0),(506316,73,NULL,'2015-10-16 10:45:00',30,0),(506317,73,1438757336230,'2015-10-16 11:00:00',30,15),(506318,73,1438757336230,'2015-10-16 11:15:00',30,15),(506319,73,NULL,'2015-10-16 11:30:00',30,0),(506320,73,NULL,'2015-10-16 11:45:00',30,0),(506321,73,1438757345406,'2015-10-16 12:00:00',15,15),(506322,73,1438757345406,'2015-10-16 12:15:00',15,15),(506323,73,1438757345406,'2015-10-16 12:30:00',15,10),(506324,73,NULL,'2015-10-16 12:45:00',15,0),(506325,73,1438757336230,'2015-10-16 13:00:00',15,15),(506326,73,1438757336230,'2015-10-16 13:15:00',15,15),(506327,73,NULL,'2015-10-16 13:30:00',15,0),(506328,73,NULL,'2015-10-16 13:45:00',15,0),(506329,73,1438757336230,'2015-10-16 14:00:00',30,15),(506330,73,NULL,'2015-10-16 14:15:00',30,0),(506331,73,NULL,'2015-10-16 14:30:00',30,0),(506332,73,NULL,'2015-10-16 14:45:00',30,0),(506333,73,NULL,'2015-10-16 15:00:00',30,0),(506334,73,NULL,'2015-10-16 15:15:00',30,0),(506335,73,NULL,'2015-10-16 15:30:00',30,0),(506336,73,NULL,'2015-10-16 15:45:00',30,0),(506337,73,1438757336230,'2015-10-17 09:00:00',30,15),(506338,73,1438757336230,'2015-10-17 09:15:00',30,30),(506339,73,1438757336230,'2015-10-17 09:30:00',30,15),(506340,73,NULL,'2015-10-17 09:45:00',30,0),(506341,73,NULL,'2015-10-17 10:00:00',30,0),(506342,73,NULL,'2015-10-17 10:15:00',30,0),(506343,73,NULL,'2015-10-17 10:30:00',30,0),(506344,73,NULL,'2015-10-17 10:45:00',30,0),(506345,73,NULL,'2015-10-17 11:00:00',30,0),(506346,73,NULL,'2015-10-17 11:15:00',30,0),(506347,73,NULL,'2015-10-17 11:30:00',30,0),(506348,73,NULL,'2015-10-17 11:45:00',30,0),(506349,73,NULL,'2015-10-17 12:00:00',15,0),(506350,73,NULL,'2015-10-17 12:15:00',15,0),(506351,73,NULL,'2015-10-17 12:30:00',15,0),(506352,73,NULL,'2015-10-17 12:45:00',15,0),(506353,73,NULL,'2015-10-20 08:00:00',30,0),(506354,73,NULL,'2015-10-20 08:15:00',30,0),(506355,73,NULL,'2015-10-20 08:30:00',30,0),(506356,73,NULL,'2015-10-20 08:45:00',30,0),(506357,73,1438757336230,'2015-10-20 09:00:00',30,30),(506358,73,1438757336230,'2015-10-20 09:15:00',30,15),(506359,73,NULL,'2015-10-20 09:30:00',30,0),(506360,73,NULL,'2015-10-20 09:45:00',30,0),(506361,73,NULL,'2015-10-20 10:00:00',30,0),(506362,73,NULL,'2015-10-20 10:15:00',30,0),(506363,73,NULL,'2015-10-20 10:30:00',30,0),(506364,73,NULL,'2015-10-20 10:45:00',30,0),(506365,73,1441100935734,'2015-10-20 11:00:00',30,15),(506366,73,1441100935734,'2015-10-20 11:15:00',30,15),(506367,73,1441100935734,'2015-10-20 11:30:00',30,10),(506368,73,NULL,'2015-10-20 11:45:00',30,0),(506369,73,NULL,'2015-10-20 12:00:00',15,0),(506370,73,NULL,'2015-10-20 12:15:00',15,0),(506371,73,NULL,'2015-10-20 12:30:00',15,0),(506372,73,NULL,'2015-10-20 12:45:00',15,0),(506373,73,NULL,'2015-10-20 13:00:00',15,0),(506374,73,NULL,'2015-10-20 13:15:00',15,0),(506375,73,NULL,'2015-10-20 13:30:00',15,0),(506376,73,NULL,'2015-10-20 13:45:00',15,0),(506377,73,NULL,'2015-10-20 14:00:00',30,0),(506378,73,NULL,'2015-10-20 14:15:00',30,0),(506379,73,NULL,'2015-10-20 14:30:00',30,0),(506380,73,NULL,'2015-10-20 14:45:00',30,0),(506381,73,NULL,'2015-10-20 15:00:00',30,0),(506382,73,NULL,'2015-10-20 15:15:00',30,0),(506383,73,NULL,'2015-10-20 15:30:00',30,0),(506384,73,NULL,'2015-10-20 15:45:00',30,0),(506385,73,NULL,'2015-10-20 16:00:00',30,0),(506386,73,NULL,'2015-10-20 16:15:00',30,0),(506387,73,NULL,'2015-10-20 16:30:00',30,0),(506388,73,NULL,'2015-10-20 16:45:00',30,0),(506389,73,1438757345406,'2015-10-20 17:00:00',30,15),(506390,73,1438757345406,'2015-10-20 17:15:00',30,10),(506391,73,NULL,'2015-10-20 17:30:00',30,0),(506392,73,NULL,'2015-10-20 17:45:00',30,0),(506393,73,NULL,'2015-10-20 18:00:00',30,0),(506394,73,NULL,'2015-10-20 18:15:00',30,0),(506395,73,NULL,'2015-10-20 18:30:00',30,0),(506396,73,NULL,'2015-10-20 18:45:00',30,0),(506397,73,NULL,'2015-10-20 19:00:00',30,0),(506398,73,NULL,'2015-10-20 19:15:00',30,0),(506399,73,NULL,'2015-10-20 19:30:00',30,0),(506400,73,NULL,'2015-10-20 19:45:00',30,0),(506401,73,NULL,'2015-10-21 09:00:00',30,0),(506402,73,NULL,'2015-10-21 09:15:00',30,0),(506403,73,NULL,'2015-10-21 09:30:00',30,0),(506404,73,NULL,'2015-10-21 09:45:00',30,0),(506405,73,NULL,'2015-10-21 10:00:00',30,0),(506406,73,NULL,'2015-10-21 10:15:00',30,0),(506407,73,NULL,'2015-10-21 10:30:00',30,0),(506408,73,NULL,'2015-10-21 10:45:00',30,0),(506409,73,1441100935734,'2015-10-21 11:00:00',30,15),(506410,73,1441100935734,'2015-10-21 11:15:00',30,15),(506411,73,1441100935734,'2015-10-21 11:30:00',30,10),(506412,73,NULL,'2015-10-21 11:45:00',30,0),(506413,73,NULL,'2015-10-21 12:00:00',15,0),(506414,73,NULL,'2015-10-21 12:15:00',15,0),(506415,73,NULL,'2015-10-21 12:30:00',15,0),(506416,73,NULL,'2015-10-21 12:45:00',15,0),(506417,73,NULL,'2015-10-21 13:00:00',15,0),(506418,73,NULL,'2015-10-21 13:15:00',15,0),(506419,73,NULL,'2015-10-21 13:30:00',15,0),(506420,73,NULL,'2015-10-21 13:45:00',15,0),(506421,73,NULL,'2015-10-21 14:00:00',30,0),(506422,73,NULL,'2015-10-21 14:15:00',30,0),(506423,73,NULL,'2015-10-21 14:30:00',30,0),(506424,73,NULL,'2015-10-21 14:45:00',30,0),(506425,73,NULL,'2015-10-21 15:00:00',30,0),(506426,73,NULL,'2015-10-21 15:15:00',30,0),(506427,73,NULL,'2015-10-21 15:30:00',30,0),(506428,73,NULL,'2015-10-21 15:45:00',30,0),(506429,73,NULL,'2015-10-21 16:00:00',30,0),(506430,73,NULL,'2015-10-21 16:15:00',30,0),(506431,73,NULL,'2015-10-21 16:30:00',30,0),(506432,73,NULL,'2015-10-21 16:45:00',30,0),(506433,73,NULL,'2015-10-21 17:00:00',30,0),(506434,73,NULL,'2015-10-21 17:15:00',30,0),(506435,73,NULL,'2015-10-21 17:30:00',30,0),(506436,73,NULL,'2015-10-21 17:45:00',30,0),(506437,73,NULL,'2015-10-22 09:00:00',30,0),(506438,73,NULL,'2015-10-22 09:15:00',30,0),(506439,73,NULL,'2015-10-22 09:30:00',30,0),(506440,73,NULL,'2015-10-22 09:45:00',30,0),(506441,73,NULL,'2015-10-22 10:00:00',30,0),(506442,73,NULL,'2015-10-22 10:15:00',30,0),(506443,73,NULL,'2015-10-22 10:30:00',30,0),(506444,73,NULL,'2015-10-22 10:45:00',30,0),(506445,73,1441100935734,'2015-10-22 11:00:00',30,15),(506446,73,1441100935734,'2015-10-22 11:15:00',30,15),(506447,73,1441100935734,'2015-10-22 11:30:00',30,10),(506448,73,NULL,'2015-10-22 11:45:00',30,0),(506449,73,NULL,'2015-10-22 12:00:00',15,0),(506450,73,NULL,'2015-10-22 12:15:00',15,0),(506451,73,NULL,'2015-10-22 12:30:00',15,0),(506452,73,NULL,'2015-10-22 12:45:00',15,0),(506453,73,NULL,'2015-10-22 13:00:00',15,0),(506454,73,NULL,'2015-10-22 13:15:00',15,0),(506455,73,NULL,'2015-10-22 13:30:00',15,0),(506456,73,NULL,'2015-10-22 13:45:00',15,0),(506457,73,NULL,'2015-10-22 14:00:00',30,0),(506458,73,NULL,'2015-10-22 14:15:00',30,0),(506459,73,NULL,'2015-10-22 14:30:00',30,0),(506460,73,NULL,'2015-10-22 14:45:00',30,0),(506461,73,NULL,'2015-10-22 15:00:00',30,0),(506462,73,NULL,'2015-10-22 15:15:00',30,0),(506463,73,NULL,'2015-10-22 15:30:00',30,0),(506464,73,NULL,'2015-10-22 15:45:00',30,0),(506465,73,NULL,'2015-10-22 16:00:00',30,0),(506466,73,NULL,'2015-10-22 16:15:00',30,0),(506467,73,NULL,'2015-10-22 16:30:00',30,0),(506468,73,NULL,'2015-10-22 16:45:00',30,0),(506469,73,NULL,'2015-10-22 17:00:00',30,0),(506470,73,NULL,'2015-10-22 17:15:00',30,0),(506471,73,NULL,'2015-10-22 17:30:00',30,0),(506472,73,NULL,'2015-10-22 17:45:00',30,0),(506473,73,NULL,'2015-10-22 18:00:00',30,0),(506474,73,NULL,'2015-10-22 18:15:00',30,0),(506475,73,NULL,'2015-10-22 18:30:00',30,0),(506476,73,NULL,'2015-10-22 18:45:00',30,0),(506477,73,NULL,'2015-10-22 19:00:00',30,0),(506478,73,NULL,'2015-10-22 19:15:00',30,0),(506479,73,NULL,'2015-10-22 19:30:00',30,0),(506480,73,NULL,'2015-10-22 19:45:00',30,0),(506481,73,NULL,'2015-10-23 09:00:00',30,0),(506482,73,1438757336230,'2015-10-23 09:15:00',30,15),(506483,73,1438757336230,'2015-10-23 09:30:00',30,15),(506484,73,NULL,'2015-10-23 09:45:00',30,0),(506485,73,NULL,'2015-10-23 10:00:00',30,0),(506486,73,NULL,'2015-10-23 10:15:00',30,0),(506487,73,NULL,'2015-10-23 10:30:00',30,0),(506488,73,NULL,'2015-10-23 10:45:00',30,0),(506489,73,NULL,'2015-10-23 11:00:00',30,0),(506490,73,NULL,'2015-10-23 11:15:00',30,0),(506491,73,NULL,'2015-10-23 11:30:00',30,0),(506492,73,NULL,'2015-10-23 11:45:00',30,0),(506493,73,NULL,'2015-10-23 12:00:00',15,0),(506494,73,NULL,'2015-10-23 12:15:00',15,0),(506495,73,NULL,'2015-10-23 12:30:00',15,0),(506496,73,NULL,'2015-10-23 12:45:00',15,0),(506497,73,NULL,'2015-10-23 13:00:00',15,0),(506498,73,NULL,'2015-10-23 13:15:00',15,0),(506499,73,NULL,'2015-10-23 13:30:00',15,0),(506500,73,NULL,'2015-10-23 13:45:00',15,0),(506501,73,NULL,'2015-10-23 14:00:00',30,0),(506502,73,NULL,'2015-10-23 14:15:00',30,0),(506503,73,NULL,'2015-10-23 14:30:00',30,0),(506504,73,NULL,'2015-10-23 14:45:00',30,0),(506505,73,NULL,'2015-10-23 15:00:00',30,0),(506506,73,NULL,'2015-10-23 15:15:00',30,0),(506507,73,NULL,'2015-10-23 15:30:00',30,0),(506508,73,NULL,'2015-10-23 15:45:00',30,0),(506509,73,NULL,'2015-10-24 09:00:00',30,0),(506510,73,NULL,'2015-10-24 09:15:00',30,0),(506511,73,NULL,'2015-10-24 09:30:00',30,0),(506512,73,NULL,'2015-10-24 09:45:00',30,0),(506513,73,NULL,'2015-10-24 10:00:00',30,0),(506514,73,NULL,'2015-10-24 10:15:00',30,0),(506515,73,NULL,'2015-10-24 10:30:00',30,0),(506516,73,NULL,'2015-10-24 10:45:00',30,0),(506517,73,NULL,'2015-10-24 11:00:00',30,0),(506518,73,NULL,'2015-10-24 11:15:00',30,0),(506519,73,NULL,'2015-10-24 11:30:00',30,0),(506520,73,NULL,'2015-10-24 11:45:00',30,0),(506521,73,NULL,'2015-10-24 12:00:00',15,0),(506522,73,NULL,'2015-10-24 12:15:00',15,0),(506523,73,NULL,'2015-10-24 12:30:00',15,0),(506524,73,NULL,'2015-10-24 12:45:00',15,0),(506525,74,NULL,'2015-10-13 08:00:00',15,0),(506526,74,NULL,'2015-10-13 08:15:00',15,0),(506527,74,NULL,'2015-10-13 08:30:00',15,0),(506528,74,NULL,'2015-10-13 08:45:00',15,0),(506529,74,NULL,'2015-10-13 09:00:00',15,0),(506530,74,NULL,'2015-10-13 09:15:00',15,0),(506531,74,NULL,'2015-10-13 09:30:00',15,0),(506532,74,NULL,'2015-10-13 09:45:00',15,0),(506533,74,NULL,'2015-10-13 10:00:00',15,0),(506534,74,NULL,'2015-10-13 10:15:00',15,0),(506535,74,NULL,'2015-10-13 10:30:00',15,0),(506536,74,NULL,'2015-10-13 10:45:00',15,0),(506537,74,NULL,'2015-10-13 11:00:00',15,0),(506538,74,NULL,'2015-10-13 11:15:00',15,0),(506539,74,NULL,'2015-10-13 11:30:00',15,0),(506540,74,NULL,'2015-10-13 11:45:00',15,0),(506541,74,NULL,'2015-10-13 12:00:00',15,0),(506542,74,NULL,'2015-10-13 12:15:00',15,0),(506543,74,NULL,'2015-10-13 12:30:00',15,0),(506544,74,NULL,'2015-10-13 12:45:00',15,0),(506545,74,NULL,'2015-10-13 13:00:00',15,0),(506546,74,NULL,'2015-10-13 13:15:00',15,0),(506547,74,NULL,'2015-10-13 13:30:00',15,0),(506548,74,NULL,'2015-10-13 13:45:00',15,0),(506549,74,NULL,'2015-10-13 14:00:00',15,0),(506550,74,NULL,'2015-10-13 14:15:00',15,0),(506551,74,NULL,'2015-10-13 14:30:00',15,0),(506552,74,NULL,'2015-10-13 14:45:00',15,0),(506553,74,NULL,'2015-10-13 15:00:00',15,0),(506554,74,NULL,'2015-10-13 15:15:00',15,0),(506555,74,NULL,'2015-10-13 15:30:00',15,0),(506556,74,NULL,'2015-10-13 15:45:00',15,0),(506557,74,NULL,'2015-10-13 16:00:00',15,0),(506558,74,NULL,'2015-10-13 16:15:00',15,0),(506559,74,NULL,'2015-10-13 16:30:00',15,0),(506560,74,NULL,'2015-10-13 16:45:00',15,0),(506561,74,NULL,'2015-10-13 17:00:00',15,0),(506562,74,NULL,'2015-10-13 17:15:00',15,0),(506563,74,NULL,'2015-10-13 17:30:00',15,0),(506564,74,NULL,'2015-10-13 17:45:00',15,0),(506565,74,NULL,'2015-10-13 18:00:00',15,0),(506566,74,NULL,'2015-10-13 18:15:00',15,0),(506567,74,NULL,'2015-10-13 18:30:00',15,0),(506568,74,NULL,'2015-10-13 18:45:00',15,0),(506569,74,NULL,'2015-10-13 19:00:00',15,0),(506570,74,NULL,'2015-10-13 19:15:00',15,0),(506571,74,NULL,'2015-10-13 19:30:00',15,0),(506572,74,NULL,'2015-10-13 19:45:00',15,0),(506573,74,NULL,'2015-10-14 09:00:00',15,0),(506574,74,NULL,'2015-10-14 09:15:00',15,0),(506575,74,NULL,'2015-10-14 09:30:00',15,0),(506576,74,NULL,'2015-10-14 09:45:00',15,0),(506577,74,NULL,'2015-10-14 10:00:00',15,0),(506578,74,NULL,'2015-10-14 10:15:00',15,0),(506579,74,1438757336230,'2015-10-14 10:30:00',15,15),(506580,74,1438757336230,'2015-10-14 10:45:00',15,15),(506581,74,NULL,'2015-10-14 11:00:00',15,0),(506582,74,NULL,'2015-10-14 11:15:00',15,0),(506583,74,NULL,'2015-10-14 11:30:00',15,0),(506584,74,NULL,'2015-10-14 11:45:00',15,0),(506585,74,NULL,'2015-10-14 12:00:00',15,0),(506586,74,NULL,'2015-10-14 12:15:00',15,0),(506587,74,NULL,'2015-10-14 12:30:00',15,0),(506588,74,NULL,'2015-10-14 12:45:00',15,0),(506589,74,NULL,'2015-10-14 13:00:00',15,0),(506590,74,NULL,'2015-10-14 13:15:00',15,0),(506591,74,NULL,'2015-10-14 13:30:00',15,0),(506592,74,NULL,'2015-10-14 13:45:00',15,0),(506593,74,NULL,'2015-10-14 14:00:00',15,0),(506594,74,NULL,'2015-10-14 14:15:00',15,0),(506595,74,NULL,'2015-10-14 14:30:00',15,0),(506596,74,NULL,'2015-10-14 14:45:00',15,0),(506597,74,NULL,'2015-10-14 15:00:00',15,0),(506598,74,NULL,'2015-10-14 15:15:00',15,0),(506599,74,NULL,'2015-10-14 15:30:00',15,0),(506600,74,NULL,'2015-10-14 15:45:00',15,0),(506601,74,NULL,'2015-10-14 16:00:00',15,0),(506602,74,NULL,'2015-10-14 16:15:00',15,0),(506603,74,NULL,'2015-10-14 16:30:00',15,0),(506604,74,NULL,'2015-10-14 16:45:00',15,0),(506605,74,NULL,'2015-10-14 17:00:00',15,0),(506606,74,NULL,'2015-10-14 17:15:00',15,0),(506607,74,NULL,'2015-10-14 17:30:00',15,0),(506608,74,NULL,'2015-10-14 17:45:00',15,0),(506609,74,NULL,'2015-10-15 09:00:00',15,0),(506610,74,NULL,'2015-10-15 09:15:00',15,0),(506611,74,NULL,'2015-10-15 09:30:00',15,0),(506612,74,NULL,'2015-10-15 09:45:00',15,0),(506613,74,NULL,'2015-10-15 10:00:00',15,0),(506614,74,NULL,'2015-10-15 10:15:00',15,0),(506615,74,NULL,'2015-10-15 10:30:00',15,0),(506616,74,NULL,'2015-10-15 10:45:00',15,0),(506617,74,NULL,'2015-10-15 11:00:00',15,0),(506618,74,NULL,'2015-10-15 11:15:00',15,0),(506619,74,NULL,'2015-10-15 11:30:00',15,0),(506620,74,NULL,'2015-10-15 11:45:00',15,0),(506621,74,NULL,'2015-10-15 12:00:00',15,0),(506622,74,NULL,'2015-10-15 12:15:00',15,0),(506623,74,NULL,'2015-10-15 12:30:00',15,0),(506624,74,NULL,'2015-10-15 12:45:00',15,0),(506625,74,NULL,'2015-10-15 13:00:00',15,0),(506626,74,NULL,'2015-10-15 13:15:00',15,0),(506627,74,NULL,'2015-10-15 13:30:00',15,0),(506628,74,NULL,'2015-10-15 13:45:00',15,0),(506629,74,NULL,'2015-10-15 14:00:00',15,0),(506630,74,NULL,'2015-10-15 14:15:00',15,0),(506631,74,NULL,'2015-10-15 14:30:00',15,0),(506632,74,NULL,'2015-10-15 14:45:00',15,0),(506633,74,NULL,'2015-10-15 15:00:00',15,0),(506634,74,NULL,'2015-10-15 15:15:00',15,0),(506635,74,NULL,'2015-10-15 15:30:00',15,0),(506636,74,NULL,'2015-10-15 15:45:00',15,0),(506637,74,1438757336230,'2015-10-15 16:00:00',15,15),(506638,74,NULL,'2015-10-15 16:15:00',15,0),(506639,74,NULL,'2015-10-15 16:30:00',15,0),(506640,74,NULL,'2015-10-15 16:45:00',15,0),(506641,74,NULL,'2015-10-15 17:00:00',15,0),(506642,74,NULL,'2015-10-15 17:15:00',15,0),(506643,74,NULL,'2015-10-15 17:30:00',15,0),(506644,74,NULL,'2015-10-15 17:45:00',15,0),(506645,74,NULL,'2015-10-15 18:00:00',15,0),(506646,74,NULL,'2015-10-15 18:15:00',15,0),(506647,74,NULL,'2015-10-15 18:30:00',15,0),(506648,74,NULL,'2015-10-15 18:45:00',15,0),(506649,74,NULL,'2015-10-15 19:00:00',15,0),(506650,74,NULL,'2015-10-15 19:15:00',15,0),(506651,74,NULL,'2015-10-15 19:30:00',15,0),(506652,74,NULL,'2015-10-15 19:45:00',15,0),(506653,74,NULL,'2015-10-16 09:00:00',15,0),(506654,74,NULL,'2015-10-16 09:15:00',15,0),(506655,74,NULL,'2015-10-16 09:30:00',15,0),(506656,74,NULL,'2015-10-16 09:45:00',15,0),(506657,74,NULL,'2015-10-16 10:00:00',15,0),(506658,74,NULL,'2015-10-16 10:15:00',15,0),(506659,74,NULL,'2015-10-16 10:30:00',15,0),(506660,74,NULL,'2015-10-16 10:45:00',15,0),(506661,74,1441100935734,'2015-10-16 11:00:00',15,15),(506662,74,1441100935734,'2015-10-16 11:15:00',15,15),(506663,74,1441100935734,'2015-10-16 11:30:00',15,10),(506664,74,NULL,'2015-10-16 11:45:00',15,0),(506665,74,NULL,'2015-10-16 12:00:00',15,0),(506666,74,1438757336230,'2015-10-16 12:15:00',15,15),(506667,74,NULL,'2015-10-16 12:30:00',15,0),(506668,74,NULL,'2015-10-16 12:45:00',15,0),(506669,74,NULL,'2015-10-16 13:00:00',15,0),(506670,74,NULL,'2015-10-16 13:15:00',15,0),(506671,74,NULL,'2015-10-16 13:30:00',15,0),(506672,74,NULL,'2015-10-16 13:45:00',15,0),(506673,74,NULL,'2015-10-16 14:00:00',15,0),(506674,74,NULL,'2015-10-16 14:15:00',15,0),(506675,74,NULL,'2015-10-16 14:30:00',15,0),(506676,74,NULL,'2015-10-16 14:45:00',15,0),(506677,74,NULL,'2015-10-16 15:00:00',15,0),(506678,74,NULL,'2015-10-16 15:15:00',15,0),(506679,74,NULL,'2015-10-16 15:30:00',15,0),(506680,74,NULL,'2015-10-16 15:45:00',15,0),(506681,74,NULL,'2015-10-17 09:00:00',15,0),(506682,74,NULL,'2015-10-17 09:15:00',15,0),(506683,74,NULL,'2015-10-17 09:30:00',15,0),(506684,74,NULL,'2015-10-17 09:45:00',15,0),(506685,74,NULL,'2015-10-17 10:00:00',15,0),(506686,74,NULL,'2015-10-17 10:15:00',15,0),(506687,74,NULL,'2015-10-17 10:30:00',15,0),(506688,74,NULL,'2015-10-17 10:45:00',15,0),(506689,74,NULL,'2015-10-17 11:00:00',15,0),(506690,74,NULL,'2015-10-17 11:15:00',15,0),(506691,74,NULL,'2015-10-17 11:30:00',15,0),(506692,74,NULL,'2015-10-17 11:45:00',15,0),(506693,74,NULL,'2015-10-17 12:00:00',15,0),(506694,74,NULL,'2015-10-17 12:15:00',15,0),(506695,74,NULL,'2015-10-17 12:30:00',15,0),(506696,74,NULL,'2015-10-17 12:45:00',15,0),(506697,74,NULL,'2015-10-20 08:00:00',15,0),(506698,74,NULL,'2015-10-20 08:15:00',15,0),(506699,74,NULL,'2015-10-20 08:30:00',15,0),(506700,74,NULL,'2015-10-20 08:45:00',15,0),(506701,74,NULL,'2015-10-20 09:00:00',15,0),(506702,74,NULL,'2015-10-20 09:15:00',15,0),(506703,74,NULL,'2015-10-20 09:30:00',15,0),(506704,74,NULL,'2015-10-20 09:45:00',15,0),(506705,74,NULL,'2015-10-20 10:00:00',15,0),(506706,74,NULL,'2015-10-20 10:15:00',15,0),(506707,74,NULL,'2015-10-20 10:30:00',15,0),(506708,74,NULL,'2015-10-20 10:45:00',15,0),(506709,74,NULL,'2015-10-20 11:00:00',15,0),(506710,74,NULL,'2015-10-20 11:15:00',15,0),(506711,74,NULL,'2015-10-20 11:30:00',15,0),(506712,74,NULL,'2015-10-20 11:45:00',15,0),(506713,74,NULL,'2015-10-20 12:00:00',15,0),(506714,74,NULL,'2015-10-20 12:15:00',15,0),(506715,74,NULL,'2015-10-20 12:30:00',15,0),(506716,74,NULL,'2015-10-20 12:45:00',15,0),(506717,74,NULL,'2015-10-20 13:00:00',15,0),(506718,74,NULL,'2015-10-20 13:15:00',15,0),(506719,74,NULL,'2015-10-20 13:30:00',15,0),(506720,74,NULL,'2015-10-20 13:45:00',15,0),(506721,74,NULL,'2015-10-20 14:00:00',15,0),(506722,74,NULL,'2015-10-20 14:15:00',15,0),(506723,74,NULL,'2015-10-20 14:30:00',15,0),(506724,74,NULL,'2015-10-20 14:45:00',15,0),(506725,74,NULL,'2015-10-20 15:00:00',15,0),(506726,74,NULL,'2015-10-20 15:15:00',15,0),(506727,74,NULL,'2015-10-20 15:30:00',15,0),(506728,74,NULL,'2015-10-20 15:45:00',15,0),(506729,74,NULL,'2015-10-20 16:00:00',15,0),(506730,74,NULL,'2015-10-20 16:15:00',15,0),(506731,74,NULL,'2015-10-20 16:30:00',15,0),(506732,74,NULL,'2015-10-20 16:45:00',15,0),(506733,74,NULL,'2015-10-20 17:00:00',15,0),(506734,74,NULL,'2015-10-20 17:15:00',15,0),(506735,74,NULL,'2015-10-20 17:30:00',15,0),(506736,74,NULL,'2015-10-20 17:45:00',15,0),(506737,74,NULL,'2015-10-20 18:00:00',15,0),(506738,74,NULL,'2015-10-20 18:15:00',15,0),(506739,74,NULL,'2015-10-20 18:30:00',15,0),(506740,74,NULL,'2015-10-20 18:45:00',15,0),(506741,74,NULL,'2015-10-20 19:00:00',15,0),(506742,74,NULL,'2015-10-20 19:15:00',15,0),(506743,74,NULL,'2015-10-20 19:30:00',15,0),(506744,74,NULL,'2015-10-20 19:45:00',15,0),(506745,74,NULL,'2015-10-21 09:00:00',15,0),(506746,74,NULL,'2015-10-21 09:15:00',15,0),(506747,74,NULL,'2015-10-21 09:30:00',15,0),(506748,74,NULL,'2015-10-21 09:45:00',15,0),(506749,74,NULL,'2015-10-21 10:00:00',15,0),(506750,74,NULL,'2015-10-21 10:15:00',15,0),(506751,74,NULL,'2015-10-21 10:30:00',15,0),(506752,74,NULL,'2015-10-21 10:45:00',15,0),(506753,74,1438757336230,'2015-10-21 11:00:00',15,15),(506754,74,NULL,'2015-10-21 11:15:00',15,0),(506755,74,1441100935734,'2015-10-21 11:30:00',15,15),(506756,74,1441100935734,'2015-10-21 11:45:00',15,15),(506757,74,1441100935734,'2015-10-21 12:00:00',15,10),(506758,74,NULL,'2015-10-21 12:15:00',15,0),(506759,74,NULL,'2015-10-21 12:30:00',15,0),(506760,74,NULL,'2015-10-21 12:45:00',15,0),(506761,74,NULL,'2015-10-21 13:00:00',15,0),(506762,74,NULL,'2015-10-21 13:15:00',15,0),(506763,74,NULL,'2015-10-21 13:30:00',15,0),(506764,74,NULL,'2015-10-21 13:45:00',15,0),(506765,74,NULL,'2015-10-21 14:00:00',15,0),(506766,74,NULL,'2015-10-21 14:15:00',15,0),(506767,74,NULL,'2015-10-21 14:30:00',15,0),(506768,74,NULL,'2015-10-21 14:45:00',15,0),(506769,74,NULL,'2015-10-21 15:00:00',15,0),(506770,74,NULL,'2015-10-21 15:15:00',15,0),(506771,74,NULL,'2015-10-21 15:30:00',15,0),(506772,74,NULL,'2015-10-21 15:45:00',15,0),(506773,74,NULL,'2015-10-21 16:00:00',15,0),(506774,74,NULL,'2015-10-21 16:15:00',15,0),(506775,74,NULL,'2015-10-21 16:30:00',15,0),(506776,74,NULL,'2015-10-21 16:45:00',15,0),(506777,74,NULL,'2015-10-21 17:00:00',15,0),(506778,74,NULL,'2015-10-21 17:15:00',15,0),(506779,74,NULL,'2015-10-21 17:30:00',15,0),(506780,74,NULL,'2015-10-21 17:45:00',15,0),(506781,74,NULL,'2015-10-22 09:00:00',15,0),(506782,74,NULL,'2015-10-22 09:15:00',15,0),(506783,74,NULL,'2015-10-22 09:30:00',15,0),(506784,74,NULL,'2015-10-22 09:45:00',15,0),(506785,74,NULL,'2015-10-22 10:00:00',15,0),(506786,74,NULL,'2015-10-22 10:15:00',15,0),(506787,74,NULL,'2015-10-22 10:30:00',15,0),(506788,74,NULL,'2015-10-22 10:45:00',15,0),(506789,74,NULL,'2015-10-22 11:00:00',15,0),(506790,74,NULL,'2015-10-22 11:15:00',15,0),(506791,74,NULL,'2015-10-22 11:30:00',15,0),(506792,74,NULL,'2015-10-22 11:45:00',15,0),(506793,74,NULL,'2015-10-22 12:00:00',15,0),(506794,74,NULL,'2015-10-22 12:15:00',15,0),(506795,74,NULL,'2015-10-22 12:30:00',15,0),(506796,74,NULL,'2015-10-22 12:45:00',15,0),(506797,74,NULL,'2015-10-22 13:00:00',15,0),(506798,74,NULL,'2015-10-22 13:15:00',15,0),(506799,74,NULL,'2015-10-22 13:30:00',15,0),(506800,74,NULL,'2015-10-22 13:45:00',15,0),(506801,74,NULL,'2015-10-22 14:00:00',15,0),(506802,74,NULL,'2015-10-22 14:15:00',15,0),(506803,74,NULL,'2015-10-22 14:30:00',15,0),(506804,74,NULL,'2015-10-22 14:45:00',15,0),(506805,74,NULL,'2015-10-22 15:00:00',15,0),(506806,74,NULL,'2015-10-22 15:15:00',15,0),(506807,74,NULL,'2015-10-22 15:30:00',15,0),(506808,74,NULL,'2015-10-22 15:45:00',15,0),(506809,74,NULL,'2015-10-22 16:00:00',15,0),(506810,74,NULL,'2015-10-22 16:15:00',15,0),(506811,74,NULL,'2015-10-22 16:30:00',15,0),(506812,74,NULL,'2015-10-22 16:45:00',15,0),(506813,74,NULL,'2015-10-22 17:00:00',15,0),(506814,74,NULL,'2015-10-22 17:15:00',15,0),(506815,74,NULL,'2015-10-22 17:30:00',15,0),(506816,74,NULL,'2015-10-22 17:45:00',15,0),(506817,74,NULL,'2015-10-22 18:00:00',15,0),(506818,74,NULL,'2015-10-22 18:15:00',15,0),(506819,74,NULL,'2015-10-22 18:30:00',15,0),(506820,74,NULL,'2015-10-22 18:45:00',15,0),(506821,74,NULL,'2015-10-22 19:00:00',15,0),(506822,74,NULL,'2015-10-22 19:15:00',15,0),(506823,74,NULL,'2015-10-22 19:30:00',15,0),(506824,74,NULL,'2015-10-22 19:45:00',15,0),(506825,74,NULL,'2015-10-23 09:00:00',15,0),(506826,74,NULL,'2015-10-23 09:15:00',15,0),(506827,74,NULL,'2015-10-23 09:30:00',15,0),(506828,74,NULL,'2015-10-23 09:45:00',15,0),(506829,74,NULL,'2015-10-23 10:00:00',15,0),(506830,74,NULL,'2015-10-23 10:15:00',15,0),(506831,74,NULL,'2015-10-23 10:30:00',15,0),(506832,74,NULL,'2015-10-23 10:45:00',15,0),(506833,74,NULL,'2015-10-23 11:00:00',15,0),(506834,74,NULL,'2015-10-23 11:15:00',15,0),(506835,74,NULL,'2015-10-23 11:30:00',15,0),(506836,74,NULL,'2015-10-23 11:45:00',15,0),(506837,74,NULL,'2015-10-23 12:00:00',15,0),(506838,74,NULL,'2015-10-23 12:15:00',15,0),(506839,74,NULL,'2015-10-23 12:30:00',15,0),(506840,74,NULL,'2015-10-23 12:45:00',15,0),(506841,74,NULL,'2015-10-23 13:00:00',15,0),(506842,74,NULL,'2015-10-23 13:15:00',15,0),(506843,74,NULL,'2015-10-23 13:30:00',15,0),(506844,74,NULL,'2015-10-23 13:45:00',15,0),(506845,74,NULL,'2015-10-23 14:00:00',15,0),(506846,74,NULL,'2015-10-23 14:15:00',15,0),(506847,74,NULL,'2015-10-23 14:30:00',15,0),(506848,74,NULL,'2015-10-23 14:45:00',15,0),(506849,74,NULL,'2015-10-23 15:00:00',15,0),(506850,74,NULL,'2015-10-23 15:15:00',15,0),(506851,74,NULL,'2015-10-23 15:30:00',15,0),(506852,74,NULL,'2015-10-23 15:45:00',15,0),(506853,74,NULL,'2015-10-24 09:00:00',15,0),(506854,74,NULL,'2015-10-24 09:15:00',15,0),(506855,74,NULL,'2015-10-24 09:30:00',15,0),(506856,74,NULL,'2015-10-24 09:45:00',15,0),(506857,74,NULL,'2015-10-24 10:00:00',15,0),(506858,74,NULL,'2015-10-24 10:15:00',15,0),(506859,74,NULL,'2015-10-24 10:30:00',15,0),(506860,74,NULL,'2015-10-24 10:45:00',15,0),(506861,74,NULL,'2015-10-24 11:00:00',15,0),(506862,74,NULL,'2015-10-24 11:15:00',15,0),(506863,74,NULL,'2015-10-24 11:30:00',15,0),(506864,74,NULL,'2015-10-24 11:45:00',15,0),(506865,74,NULL,'2015-10-24 12:00:00',15,0),(506866,74,NULL,'2015-10-24 12:15:00',15,0),(506867,74,NULL,'2015-10-24 12:30:00',15,0),(506868,74,NULL,'2015-10-24 12:45:00',15,0);
/*!40000 ALTER TABLE `time_slots` ENABLE KEYS */;
UNLOCK TABLES;

--
-- Table structure for table `uinfo`
--

DROP TABLE IF EXISTS `uinfo`;
/*!40101 SET @saved_cs_client     = @@character_set_client */;
/*!40101 SET character_set_client = utf8 */;
CREATE TABLE `uinfo` (
  `id` int(10) NOT NULL AUTO_INCREMENT,
  `firstname` varchar(255) NOT NULL,
  `lastname` varchar(255) NOT NULL,
  `middlename` varchar(255) NOT NULL,
  `email` varchar(255) NOT NULL,
  `phone` bigint(11) NOT NULL,
  `phone2` bigint(11) DEFAULT NULL,
  `code` varchar(32) NOT NULL,
  PRIMARY KEY (`id`),
  UNIQUE KEY `email` (`email`),
  UNIQUE KEY `phone` (`phone`)
) ENGINE=InnoDB AUTO_INCREMENT=2 DEFAULT CHARSET=utf8;
/*!40101 SET character_set_client = @saved_cs_client */;

--
-- Dumping data for table `uinfo`
--

LOCK TABLES `uinfo` WRITE;
/*!40000 ALTER TABLE `uinfo` DISABLE KEYS */;
INSERT INTO `uinfo` VALUES (1,'Игорь','Медведев','Владимирович','test@test.ru',1234567,NULL,'ea521cd3a536820162cfddee5c8237c7');
/*!40000 ALTER TABLE `uinfo` ENABLE KEYS */;
UNLOCK TABLES;

--
-- Table structure for table `users`
--

DROP TABLE IF EXISTS `users`;
/*!40101 SET @saved_cs_client     = @@character_set_client */;
/*!40101 SET character_set_client = utf8 */;
CREATE TABLE `users` (
  `id` bigint(20) NOT NULL AUTO_INCREMENT COMMENT 'Идентификатор пользователя.',
  `name` varchar(150) NOT NULL COMMENT 'Наименование',
  `password` varchar(45) NOT NULL COMMENT 'Пароль пользователя.',
  `point` varchar(45) NOT NULL COMMENT 'Идентификация рабочего места',
  `adress_rs` smallint(6) NOT NULL DEFAULT '0' COMMENT 'Адрес табло  пользователя в герлянде RS485',
  `department_id` bigint(20) DEFAULT NULL COMMENT 'Отделение',
  `schedule_id` bigint(20) DEFAULT NULL,
  `start_day` date DEFAULT NULL,
  `end_day` date DEFAULT NULL,
  `calendar_id` bigint(20) DEFAULT NULL,
  `enable` int(11) NOT NULL DEFAULT '1' COMMENT 'Дейсткующий пользователь или удаленный.',
  `admin_access` tinyint(1) NOT NULL DEFAULT '0' COMMENT 'Доступ к администрирования системы.',
  `report_access` tinyint(1) NOT NULL DEFAULT '0' COMMENT 'Доступ к получению отчетов.',
  `point_ext` varchar(1045) NOT NULL DEFAULT '' COMMENT 'Вывод в третью колонку на главном табло. html + клиент ###  окно @@@',
  `deleted` date DEFAULT NULL COMMENT 'признак удаления с проставлением даты',
  PRIMARY KEY (`id`),
  KEY `fk_users_department_id` (`department_id`),
  CONSTRAINT `fk_users_department_id` FOREIGN KEY (`department_id`) REFERENCES `department` (`id`) ON DELETE SET NULL ON UPDATE CASCADE
) ENGINE=InnoDB AUTO_INCREMENT=130 DEFAULT CHARSET=utf8 COMMENT='Пользователи системы.';
/*!40101 SET character_set_client = @saved_cs_client */;

--
-- Dumping data for table `users`
--

LOCK TABLES `users` WRITE;
/*!40000 ALTER TABLE `users` DISABLE KEYS */;
INSERT INTO `users` VALUES (1,'Администратор','','1',32,NULL,NULL,'2016-03-14',NULL,NULL,1,1,1,'\'\'',NULL),(8,'окно5','cRDtpNCeBiql5KOQsKVyrA0sAiA=','5',32,53,NULL,'2016-05-09',NULL,NULL,1,0,0,'',NULL),(9,'окно6','cRDtpNCeBiql5KOQsKVyrA0sAiA=','6',32,53,NULL,'2016-05-09',NULL,NULL,1,0,0,'',NULL),(10,'окно7','cRDtpNCeBiql5KOQsKVyrA0sAiA=','7',32,53,NULL,'2016-05-09',NULL,NULL,1,0,0,'',NULL),(11,'окно8','cRDtpNCeBiql5KOQsKVyrA0sAiA=','8',32,53,NULL,'2016-05-09',NULL,NULL,1,0,0,'',NULL),(12,'окно9','cRDtpNCeBiql5KOQsKVyrA0sAiA=','9',32,53,NULL,'2016-05-09',NULL,NULL,1,0,0,'',NULL),(13,'окно10','cRDtpNCeBiql5KOQsKVyrA0sAiA=','10',32,53,NULL,'2016-03-14',NULL,NULL,1,0,0,'',NULL),(14,'окно11','cRDtpNCeBiql5KOQsKVyrA0sAiA=','11',32,53,NULL,'2016-05-09',NULL,NULL,1,0,0,'',NULL),(15,'окно12','cRDtpNCeBiql5KOQsKVyrA0sAiA=','12',32,53,NULL,'2016-12-01',NULL,NULL,1,0,0,'',NULL),(16,'белогорск 1','cRDtpNCeBiql5KOQsKVyrA0sAiA=','1',32,54,NULL,'2016-03-14',NULL,NULL,1,0,0,'',NULL),(17,'белогорск 2','cRDtpNCeBiql5KOQsKVyrA0sAiA=','2',32,54,NULL,'2016-05-09',NULL,NULL,1,0,0,'',NULL),(18,'феодосия 1','cRDtpNCeBiql5KOQsKVyrA0sAiA=','1',32,55,NULL,'2016-03-14',NULL,NULL,1,0,0,'',NULL),(19,'феодосия 2','cRDtpNCeBiql5KOQsKVyrA0sAiA=','2',32,55,NULL,'2016-05-09',NULL,NULL,1,0,0,'',NULL),(21,'керчь 4','cRDtpNCeBiql5KOQsKVyrA0sAiA=','4',32,56,NULL,'2016-08-29',NULL,NULL,1,0,0,'',NULL),(22,'керчь 2','cRDtpNCeBiql5KOQsKVyrA0sAiA=','2',32,56,NULL,'2016-03-14',NULL,NULL,1,0,0,'',NULL),(23,'евпатория 12','cRDtpNCeBiql5KOQsKVyrA0sAiA=','12',32,57,NULL,'2016-05-09',NULL,NULL,1,0,0,'',NULL),(24,'евпатория 13','cRDtpNCeBiql5KOQsKVyrA0sAiA=','13',32,57,NULL,'2016-05-09','2016-11-30',NULL,1,0,0,'',NULL),(25,'ялта 4','cRDtpNCeBiql5KOQsKVyrA0sAiA=','4',32,58,NULL,'2016-05-09',NULL,NULL,0,0,0,'',NULL),(26,'ялта 5','cRDtpNCeBiql5KOQsKVyrA0sAiA=','5',32,58,NULL,'2016-05-09',NULL,NULL,0,0,0,'',NULL),(27,'красноперекопск 2','cRDtpNCeBiql5KOQsKVyrA0sAiA=','2',32,59,NULL,'2016-05-09',NULL,NULL,1,0,0,'',NULL),(28,'ленино 1','cRDtpNCeBiql5KOQsKVyrA0sAiA=','1',32,60,NULL,'2016-03-14',NULL,NULL,1,0,0,'',NULL),(29,'кировское 1','cRDtpNCeBiql5KOQsKVyrA0sAiA=','1',32,61,NULL,'2016-07-01',NULL,NULL,1,0,0,'',NULL),(30,'нижнегорский 1','cRDtpNCeBiql5KOQsKVyrA0sAiA=','1',32,62,NULL,'2016-03-14',NULL,NULL,1,0,0,'',NULL),(31,'нижнегорский 3','cRDtpNCeBiql5KOQsKVyrA0sAiA=','3',32,62,NULL,'2016-05-09',NULL,NULL,1,0,0,'',NULL),(33,'бахчисарай 1','cRDtpNCeBiql5KOQsKVyrA0sAiA=','1',32,64,NULL,'2016-03-14',NULL,NULL,1,0,0,'',NULL),(34,'бахчисарай 2','cRDtpNCeBiql5KOQsKVyrA0sAiA=','2',32,64,NULL,'2016-05-09',NULL,NULL,1,0,0,'',NULL),(35,'алушта 2','cRDtpNCeBiql5KOQsKVyrA0sAiA=','1',32,65,NULL,'2016-03-14',NULL,NULL,1,0,0,'',NULL),(36,'алушта 3','cRDtpNCeBiql5KOQsKVyrA0sAiA=','2',32,65,NULL,'2016-05-09',NULL,NULL,1,0,0,'',NULL),(37,'раздольное 1','cRDtpNCeBiql5KOQsKVyrA0sAiA=','1',32,66,NULL,'2016-03-14',NULL,NULL,1,0,0,'',NULL),(38,'раздольное 2','cRDtpNCeBiql5KOQsKVyrA0sAiA=','2',32,66,NULL,'2016-05-09',NULL,NULL,1,0,0,'',NULL),(39,'красногвардейск 1','cRDtpNCeBiql5KOQsKVyrA0sAiA=','1',32,67,NULL,'2016-03-14',NULL,NULL,1,0,0,'',NULL),(40,'красногвардейск 2','cRDtpNCeBiql5KOQsKVyrA0sAiA=','2',32,67,NULL,'2016-05-09',NULL,NULL,1,0,0,'',NULL),(43,'черноморское 1','cRDtpNCeBiql5KOQsKVyrA0sAiA=','1',32,69,NULL,'2016-03-14',NULL,NULL,1,0,0,'',NULL),(44,'черноморское 2','cRDtpNCeBiql5KOQsKVyrA0sAiA=','2',32,69,NULL,'2016-05-09',NULL,NULL,0,0,0,'',NULL),(45,'саки 4','cRDtpNCeBiql5KOQsKVyrA0sAiA=','4',32,70,NULL,'2016-08-29','2016-10-15',NULL,0,0,0,'',NULL),(46,'саки 2','cRDtpNCeBiql5KOQsKVyrA0sAiA=','2',32,70,NULL,'2016-05-09',NULL,NULL,1,0,0,'',NULL),(47,'советское 1','cRDtpNCeBiql5KOQsKVyrA0sAiA=','1',32,71,NULL,'2016-03-14',NULL,NULL,1,0,0,'',NULL),(48,'советское 3','cRDtpNCeBiql5KOQsKVyrA0sAiA=','3',32,71,NULL,'2016-05-09',NULL,NULL,1,0,0,'',NULL),(49,'джанкой 1','cRDtpNCeBiql5KOQsKVyrA0sAiA=','1',32,72,NULL,'2016-03-14',NULL,NULL,1,0,0,'',NULL),(50,'первомайское 1','cRDtpNCeBiql5KOQsKVyrA0sAiA=','1',32,73,NULL,'2016-03-14',NULL,NULL,1,0,0,'',NULL),(51,'первомайское 2','cRDtpNCeBiql5KOQsKVyrA0sAiA=','2',32,73,NULL,'2016-05-09',NULL,NULL,1,0,0,'',NULL),(52,'армянск 1','cRDtpNCeBiql5KOQsKVyrA0sAiA=','1',32,74,NULL,'2016-03-14',NULL,NULL,1,0,0,'',NULL),(53,'судак 2','cRDtpNCeBiql5KOQsKVyrA0sAiA=','2',32,63,NULL,'2016-05-09',NULL,NULL,1,0,0,'',NULL),(54,'окно1','cRDtpNCeBiql5KOQsKVyrA0sAiA=','1',32,53,NULL,'2016-03-14',NULL,NULL,0,0,0,'',NULL),(55,'окно2','cRDtpNCeBiql5KOQsKVyrA0sAiA=','2',32,53,NULL,'2016-03-14',NULL,NULL,0,0,0,'',NULL),(56,'окно3','cRDtpNCeBiql5KOQsKVyrA0sAiA=','3',32,53,NULL,'2016-03-14',NULL,NULL,0,0,0,'',NULL),(57,'советское 4','cRDtpNCeBiql5KOQsKVyrA0sAiA=','4',32,71,NULL,'2016-05-09',NULL,NULL,1,0,0,'',NULL),(58,'окно4','cRDtpNCeBiql5KOQsKVyrA0sAiA=','4',32,53,NULL,'2016-03-14',NULL,NULL,0,0,0,'',NULL),(59,'окно33','cRDtpNCeBiql5KOQsKVyrA0sAiA=','33',32,53,NULL,'2016-10-03','2016-10-15',NULL,0,0,0,'',NULL),(60,'джанкой 2','cRDtpNCeBiql5KOQsKVyrA0sAiA=','2',32,72,NULL,'2016-05-09',NULL,NULL,1,0,0,'',NULL),(61,'евпатория 10','cRDtpNCeBiql5KOQsKVyrA0sAiA=','10',32,57,NULL,'2016-03-14',NULL,NULL,1,0,0,'',NULL),(62,'кировское 2','cRDtpNCeBiql5KOQsKVyrA0sAiA=','2',32,61,NULL,'2016-07-01',NULL,NULL,0,0,0,'',NULL),(63,'красноперекопск 1','cRDtpNCeBiql5KOQsKVyrA0sAiA=','1',32,59,NULL,'2016-03-14',NULL,NULL,1,0,0,'',NULL),(64,'красноперекопск 3','cRDtpNCeBiql5KOQsKVyrA0sAiA=','3',32,59,NULL,'2016-05-09',NULL,NULL,0,0,0,'',NULL),(65,'окно13','cRDtpNCeBiql5KOQsKVyrA0sAiA=','13',32,53,NULL,'2016-05-09',NULL,NULL,0,0,0,'',NULL),(66,'окно (доп) 14','cRDtpNCeBiql5KOQsKVyrA0sAiA=','14',32,53,NULL,'2016-03-14',NULL,NULL,1,0,0,'',NULL),(67,'окно (доп) 15','cRDtpNCeBiql5KOQsKVyrA0sAiA=','15',32,53,NULL,'2016-03-14',NULL,NULL,1,0,0,'',NULL),(68,'окно (доп) 16','cRDtpNCeBiql5KOQsKVyrA0sAiA=','16',32,53,NULL,'2016-03-14',NULL,NULL,1,0,0,'',NULL),(69,'окно (доп) 25','cRDtpNCeBiql5KOQsKVyrA0sAiA=','25',32,53,NULL,'2016-03-14',NULL,NULL,1,0,0,'',NULL),(70,'окно (выд) 28','cRDtpNCeBiql5KOQsKVyrA0sAiA=','28',32,53,28,'2016-03-14',NULL,NULL,1,0,0,'',NULL),(71,'окно (выд) 29','cRDtpNCeBiql5KOQsKVyrA0sAiA=','29',32,53,26,'2016-03-14',NULL,NULL,1,0,0,'',NULL),(72,'окно (выд) 30','cRDtpNCeBiql5KOQsKVyrA0sAiA=','30',32,53,26,'2016-03-14',NULL,NULL,1,0,0,'',NULL),(73,'окно (выд) 31','cRDtpNCeBiql5KOQsKVyrA0sAiA=','31',32,53,26,'2016-03-14',NULL,NULL,1,0,0,'',NULL),(74,'окно (выд) 32','cRDtpNCeBiql5KOQsKVyrA0sAiA=','32',32,53,28,'2016-03-14',NULL,NULL,1,0,0,'',NULL),(75,'ялта 2','cRDtpNCeBiql5KOQsKVyrA0sAiA=','2',32,58,NULL,'2016-05-09',NULL,NULL,1,0,0,'',NULL),(76,'ялта 3','cRDtpNCeBiql5KOQsKVyrA0sAiA=','3',32,58,NULL,'2016-05-09',NULL,NULL,0,0,0,'',NULL),(77,'ленино 2','cRDtpNCeBiql5KOQsKVyrA0sAiA=','2',32,60,NULL,'2016-05-09',NULL,NULL,1,0,0,'',NULL),(78,'джанкой 3','cRDtpNCeBiql5KOQsKVyrA0sAiA=','3',32,72,NULL,'2016-05-09',NULL,NULL,1,0,0,'',NULL),(79,'красногвардейск 3','cRDtpNCeBiql5KOQsKVyrA0sAiA=','3',32,67,NULL,'2016-12-01',NULL,NULL,1,0,0,'',NULL),(80,'первомайское 3','cRDtpNCeBiql5KOQsKVyrA0sAiA=','3',32,73,NULL,'2016-05-09',NULL,NULL,1,0,0,'',NULL),(82,'симф город 2','cRDtpNCeBiql5KOQsKVyrA0sAiA=','2',32,75,NULL,'2016-07-01',NULL,NULL,1,0,0,'',NULL),(83,'симф город 3','cRDtpNCeBiql5KOQsKVyrA0sAiA=','3',32,75,NULL,'2016-07-01',NULL,NULL,1,0,0,'',NULL),(84,'симф город 4','cRDtpNCeBiql5KOQsKVyrA0sAiA=','4',32,75,NULL,'2016-07-01',NULL,NULL,1,0,0,'',NULL),(85,'симф город 5','cRDtpNCeBiql5KOQsKVyrA0sAiA=','5',32,75,NULL,'2016-07-01',NULL,NULL,1,0,0,'',NULL),(86,'симф город 6','cRDtpNCeBiql5KOQsKVyrA0sAiA=','6',32,75,NULL,'2016-07-01',NULL,NULL,1,0,0,'',NULL),(87,'ленино 3','cRDtpNCeBiql5KOQsKVyrA0sAiA=','3',32,60,NULL,'2016-05-09',NULL,NULL,1,0,0,'',NULL),(88,'саки 3','cRDtpNCeBiql5KOQsKVyrA0sAiA=','3',32,70,NULL,'2016-05-09',NULL,NULL,0,0,0,'',NULL),(90,'бахчисарай 3','cRDtpNCeBiql5KOQsKVyrA0sAiA=','3',32,64,NULL,'2016-05-09',NULL,NULL,1,0,0,'',NULL),(91,'симф город 7 (выдача)','cRDtpNCeBiql5KOQsKVyrA0sAiA=','7',32,75,29,'2016-05-09',NULL,NULL,1,0,0,'',NULL),(92,'джанкой 4','cRDtpNCeBiql5KOQsKVyrA0sAiA=','4',32,72,NULL,'2016-05-09',NULL,NULL,0,0,0,'',NULL),(93,'алушта 4','cRDtpNCeBiql5KOQsKVyrA0sAiA=','3',32,65,NULL,'2016-05-09',NULL,NULL,0,0,0,'',NULL),(94,'черноморское 3','cRDtpNCeBiql5KOQsKVyrA0sAiA=','3',32,69,NULL,'2016-05-09',NULL,NULL,0,0,0,'',NULL),(95,'кировское 3','cRDtpNCeBiql5KOQsKVyrA0sAiA=','3',32,61,NULL,'2016-09-01','2020-08-03',NULL,0,0,0,'',NULL),(96,'нижнегорский 4','cRDtpNCeBiql5KOQsKVyrA0sAiA=','4',32,62,NULL,'2016-05-09',NULL,NULL,0,0,0,'',NULL),(97,'евпатория 15','cRDtpNCeBiql5KOQsKVyrA0sAiA=','15',32,57,NULL,'2016-05-09',NULL,NULL,0,0,0,'',NULL),(98,'керч 3','cRDtpNCeBiql5KOQsKVyrA0sAiA=','3',32,56,NULL,'2016-05-09',NULL,NULL,1,0,0,'',NULL),(99,'бахчисарай 4','cRDtpNCeBiql5KOQsKVyrA0sAiA=','4',32,64,NULL,'2016-05-09',NULL,NULL,0,0,0,'',NULL),(100,'керч 1','cRDtpNCeBiql5KOQsKVyrA0sAiA=','1',32,56,NULL,'2016-05-09',NULL,NULL,1,0,0,'',NULL),(101,'ленино 4','cRDtpNCeBiql5KOQsKVyrA0sAiA=','4',32,60,NULL,'2016-12-01',NULL,NULL,1,0,0,'',NULL),(102,'саки 1','cRDtpNCeBiql5KOQsKVyrA0sAiA=','1',32,70,NULL,'2016-03-14',NULL,NULL,1,0,0,'',NULL),(104,'ялта 1','cRDtpNCeBiql5KOQsKVyrA0sAiA=','1',32,58,NULL,NULL,NULL,NULL,1,0,0,'',NULL),(105,'симф город 11','cRDtpNCeBiql5KOQsKVyrA0sAiA=','11',32,75,NULL,'2016-07-01',NULL,NULL,0,0,0,'',NULL),(106,'красногвардейск 4','cRDtpNCeBiql5KOQsKVyrA0sAiA=','4',32,67,NULL,'2016-05-31',NULL,NULL,0,0,0,'',NULL),(107,'окно (выд) 27','cRDtpNCeBiql5KOQsKVyrA0sAiA=','27',32,53,31,'2016-03-14',NULL,NULL,1,0,0,'',NULL),(108,'первомайское 4 (живая очередь)','cRDtpNCeBiql5KOQsKVyrA0sAiA=','4',32,73,30,NULL,NULL,NULL,1,0,0,'',NULL),(113,'раздольное 3','cRDtpNCeBiql5KOQsKVyrA0sAiA=','3',32,66,NULL,'2016-07-01',NULL,NULL,1,0,0,'',NULL),(114,'симф город 8 (выдача)','cRDtpNCeBiql5KOQsKVyrA0sAiA=','8',32,75,29,'2016-07-07',NULL,NULL,1,0,0,'',NULL),(115,'симф город 9 (выдача)','cRDtpNCeBiql5KOQsKVyrA0sAiA=','9',32,75,29,'2016-07-07',NULL,NULL,0,0,0,'',NULL),(116,'судак 1','cRDtpNCeBiql5KOQsKVyrA0sAiA=','1',32,63,NULL,'2016-08-29',NULL,NULL,1,0,0,'',NULL),(117,'ленино 5','cRDtpNCeBiql5KOQsKVyrA0sAiA=','5',32,60,NULL,'2016-10-03','2016-10-15',NULL,0,0,0,'',NULL),(118,'симф город 10','cRDtpNCeBiql5KOQsKVyrA0sAiA=','10',32,75,NULL,'2016-10-03','2016-10-15',NULL,0,0,0,'',NULL),(119,'красногвардейск 5','cRDtpNCeBiql5KOQsKVyrA0sAiA=','5',32,67,NULL,'2016-10-03','2016-10-15',NULL,0,0,0,'',NULL),(122,'джанкой 5','rfvySFAZCJCK706SWtwrbqngY6s=','5',32,72,NULL,'2016-10-03','2016-10-15',NULL,0,0,0,'',NULL),(123,'кировское 4','cRDtpNCeBiql5KOQsKVyrA0sAiA=','4',32,61,NULL,'2016-10-03','2016-10-15',NULL,0,0,0,'',NULL),(124,'нижнегорский 5','cRDtpNCeBiql5KOQsKVyrA0sAiA=','5',32,62,NULL,'2016-10-03','2016-10-15',NULL,0,0,0,'',NULL),(125,'первомайское 5','cRDtpNCeBiql5KOQsKVyrA0sAiA=','5',32,73,NULL,'2016-10-03','2016-10-15',NULL,0,0,0,'',NULL),(126,'раздольное 4','cRDtpNCeBiql5KOQsKVyrA0sAiA=','4',32,66,NULL,'2016-10-03','2016-10-15',NULL,0,0,0,'',NULL),(127,'советское 5','cRDtpNCeBiql5KOQsKVyrA0sAiA=','5',32,71,NULL,'2016-10-03','2016-10-15',NULL,0,0,0,'',NULL),(128,'окно4а','cRDtpNCeBiql5KOQsKVyrA0sAiA=','4',32,53,NULL,'2016-03-14',NULL,NULL,0,0,0,'',NULL),(129,'симф город 1','cRDtpNCeBiql5KOQsKVyrA0sAiA=','1',32,75,NULL,'2016-07-01',NULL,NULL,0,0,0,'',NULL);
/*!40000 ALTER TABLE `users` ENABLE KEYS */;
UNLOCK TABLES;

--
-- Final view structure for view `busy_time`
--

/*!50001 DROP VIEW IF EXISTS `busy_time`*/;
/*!50001 SET @saved_cs_client          = @@character_set_client */;
/*!50001 SET @saved_cs_results         = @@character_set_results */;
/*!50001 SET @saved_col_connection     = @@collation_connection */;
/*!50001 SET character_set_client      = utf8 */;
/*!50001 SET character_set_results     = utf8 */;
/*!50001 SET collation_connection      = utf8_general_ci */;
/*!50001 CREATE ALGORITHM=UNDEFINED */
/*!50013 DEFINER=`root`@`%` SQL SECURITY DEFINER */
/*!50001 VIEW `busy_time` AS select `time_slots`.`time` AS `time`,sum(`time_slots`.`slots_count`) AS `slots count`,sum(`time_slots`.`busy_slots`) AS `buisy slots`,count(0) AS `services count` from `time_slots` group by `time_slots`.`time` */;
/*!50001 SET character_set_client      = @saved_cs_client */;
/*!50001 SET character_set_results     = @saved_cs_results */;
/*!50001 SET collation_connection      = @saved_col_connection */;
/*!40103 SET TIME_ZONE=@OLD_TIME_ZONE */;

/*!40101 SET SQL_MODE=@OLD_SQL_MODE */;
/*!40014 SET FOREIGN_KEY_CHECKS=@OLD_FOREIGN_KEY_CHECKS */;
/*!40014 SET UNIQUE_CHECKS=@OLD_UNIQUE_CHECKS */;
/*!40101 SET CHARACTER_SET_CLIENT=@OLD_CHARACTER_SET_CLIENT */;
/*!40101 SET CHARACTER_SET_RESULTS=@OLD_CHARACTER_SET_RESULTS */;
/*!40101 SET COLLATION_CONNECTION=@OLD_COLLATION_CONNECTION */;
/*!40111 SET SQL_NOTES=@OLD_SQL_NOTES */;

-- Dump completed on 2016-11-02 14:24:03
